"latitude","longitude","survey_date","shannon","number_total","sp_richness","even_total","bodysize_cwm_total","bodysize_cwv_total","size_class_cwm","size_class_cwv","total_biomass"
-43.53,146.99,2022-08-28,1.1,3,3,1,41.97,48.41,16,3,267.4
-43.53,146.99,2022-09-07,1.09,3.2,3,0.94,42.47,51.06,15.91,36.73,314.3
-43.53,147,2022-05-24,1.59,5.5,5,0.94,48.73,834.11,27.1,47.43,1871.6
-43.53,147,2022-08-28,0.67,2.6,2,0.7,55.77,106.51,15.69,23.2,257.9
-43.48,147.01,2022-09-07,0.69,2.1,2,0.93,45.24,49.89,17.25,9.22,255.3
-43.45,146.98,2022-04-07,1.33,5,4,0.83,40.6,87.25,17.66,95.6,997.1
-43.42,145.97,2019-03-01,1.6,5.5,5,0.94,57.6,605.85,25.41,51.42,1532.7
-43.42,147.09,2022-09-15,0.95,5,3,0.59,26,306,14.86,104.59,431.5
-43.41,147.1,2022-09-15,1.09,3.2,3,0.94,30.62,352.85,17.81,43.21,331.4
-43.4,147.1,2022-08-30,1.34,8.9,5,0.61,22.76,216.53,11.63,73.82,611.2
-43.39,147.1,2022-08-30,1.1,3,3,1,42.67,41.33,21.67,8.33,653.4
-43.39,147.1,2022-09-15,1.28,6.1,4,0.71,26.07,300.67,10.71,41.18,242.3
-43.37,145.93,2019-03-01,1.99,27.9,13,0.6,40.84,353.97,18.27,207.16,6311.3
-43.36,145.96,2019-03-01,1.54,7,5,0.79,57.31,521.63,25.05,67.88,1770.2
-43.33,145.97,2019-03-05,1.36,5.2,4,0.82,50.74,388.93,18.64,5.93,674.5
-43.33,145.99,2019-03-05,0.94,26.4,6,0.29,30.01,35.69,5.54,48.71,708.7
-43.32,145.87,2019-03-02,2.16,10,9,0.94,53.69,784.72,21.42,53.75,2206.6
-43.32,145.99,2019-03-05,1.67,26.9,8,0.51,45.24,1899.92,12.78,93.18,2192.4
-43.31,145.84,2019-03-03,1.78,6.8,6,0.93,60.06,636.21,26.61,59.02,2108.7
-43.31,145.9,2019-03-04,2.46,13.9,12,0.94,51.96,522.12,26.82,114.7,4911.4
-43.3,145.82,2019-03-03,1.91,9.3,7,0.86,57.59,706.28,27.13,146.58,3684.5
-43.3,145.85,2019-03-03,0.12,234.5,5,0.02,28.57,27.8,2.94,13.73,1285
-43.3,145.9,2019-03-02,1.79,6.1,6,0.99,74.07,6900.11,33.43,697,1088.4
-43.3,145.9,2019-03-04,1.36,4.6,4,0.89,52.15,413.09,24.94,41.28,935
-43.3,145.92,2019-03-02,2.47,14.2,12,0.93,57.25,543.81,24.27,78.57,3791.2
-43.3,145.92,2019-03-04,0.92,48.4,9,0.24,32.19,189.55,7.4,124.44,3676.5
-43.3,145.93,2019-03-04,1.53,37.4,11,0.42,41.13,584.08,12.67,125.15,4228.2
-43.29,145.92,2019-03-05,1.37,4.7,4,0.89,55.43,161.18,26.16,63.69,1407.9
-43.29,147.14,2019-01-24,0.75,150.2,11,0.15,19.79,269.29,7.7,22.8,3547.7
-43.29,147.14,2020-03-26,0.76,132.8,12,0.16,19.57,192.63,9.26,30.66,4153.8
-43.29,147.14,2021-03-22,0.56,529.4,17,0.09,20.13,311.03,9.22,47.69,15462.2
-43.29,147.14,2022-03-04,0.52,200.9,14,0.1,16.53,60.04,6.28,15.34,2848.7
-43.29,147.18,2019-01-24,0.65,194.3,15,0.12,17.83,112.86,7.9,25.98,5301.5
-43.29,147.18,2020-03-27,0.84,167.6,18,0.16,19.25,183.14,10.23,79.28,9227
-43.29,147.18,2021-03-22,0.36,512.1,14,0.06,17.06,117.23,8.59,29.43,12801.8
-43.29,147.18,2022-03-04,0.77,194.8,16,0.15,18.15,129.32,7.29,35.46,5070.7
-43.28,147.17,2019-01-25,1.06,201.4,15,0.2,29.74,788.84,11.08,72.97,8786.4
-43.28,147.17,2020-03-26,0.91,101.4,9,0.2,17.81,90.42,8.74,26.09,3303.5
-43.28,147.17,2021-03-27,1.08,162.3,12,0.21,39.48,1125.27,14.33,104.37,11132.8
-43.28,147.17,2022-03-04,1.38,100,19,0.3,21.37,258.2,7.76,38.19,3207.5
-43.27,147.14,2019-01-25,1.14,129.6,15,0.23,23.34,414.32,9.49,26.59,3580
-43.27,147.14,2020-03-27,1.25,239.9,14,0.23,31.48,347.57,14.77,68.24,23284.6
-43.27,147.14,2021-03-27,0.85,119.7,11,0.18,17.92,105,8.32,28.89,3355.6
-43.27,147.14,2022-03-04,0.73,219.3,21,0.14,18.51,251.86,7.66,35.74,5275
-43.14,147.87,2021-01-09,0.64,149.5,14,0.13,16.98,83.81,7.19,14.85,2464
-43.14,147.97,2019-12-12,0.79,13,3,0.31,23,228.46,10.19,26.63,397.6
-43.14,147.97,2021-01-08,0.85,205.6,11,0.16,20.87,114.14,5.57,10.62,1802.1
-43.14,147.97,2022-05-04,1.33,19.8,7,0.44,24.72,364.39,11,17.89,813.4
-43.14,148,2022-03-31,1.57,34.5,11,0.44,24.55,298.28,10.55,107.7,3238.3
-43.13,147.96,2021-01-08,1.28,84.1,11,0.29,70.38,2857.08,10.17,54.84,4445.6
-43.12,147.97,2022-03-31,1.13,89.1,7,0.25,22.1,94.82,6.58,1.95,1171.9
-43.07,147.37,2021-01-10,0.72,32.8,6,0.21,19.71,263.41,8.24,53.94,981.5
-43.07,147.96,2020-01-19,1.5,59.8,13,0.37,24.25,236.8,11.91,20.04,3968.9
-43.06,147.33,2019-01-22,1.33,105.2,14,0.29,20.38,290.29,8.91,43.75,3709.8
-43.06,147.33,2020-03-23,0.91,143.5,11,0.18,43.01,5700.21,15.33,312.3,30612.7
-43.06,147.33,2021-02-24,1.26,130.2,16,0.26,31.07,821.23,11.72,45.48,6024.7
-43.06,147.36,2019-01-22,0.96,182.3,16,0.18,72,641.08,23.19,57.68,32314.4
-43.06,147.36,2020-03-24,1.9,21.3,10,0.62,20.79,145.84,13.69,123.84,2667.8
-43.06,147.36,2021-03-01,2.47,24.4,14,0.77,28.42,385.76,11.83,25.14,1943.8
-43.05,147.34,2019-01-22,1.24,127.6,19,0.26,24.4,377.87,13.14,107.01,13701.1
-43.05,147.34,2020-03-23,0.57,437.9,19,0.09,18.16,137.74,8.95,53.35,16045.9
-43.05,147.34,2021-02-24,1.85,103.7,22,0.4,27.45,445.28,14.37,98.6,14422.2
-43.05,147.34,2022-08-09,0.55,35.8,5,0.15,19.71,309.44,8.45,9.26,543.1
-43.05,147.35,2022-08-02,1.32,5.9,4,0.75,49.29,893.2,17.68,50.12,787.2
-43.04,147.34,2019-01-23,1.73,61.1,14,0.42,59.31,1546.44,17.66,71.43,8632.9
-43.04,147.34,2020-03-23,0.84,179,13,0.16,19.34,143.52,9.69,46.31,6580.3
-43.04,147.34,2021-01-10,2.04,36.6,14,0.57,32.14,380.49,15.43,119.25,5065.9
-43.04,147.34,2021-03-01,2.49,42.6,20,0.66,40.43,873.86,18.86,124.34,7535.3
-43.04,147.34,2022-08-02,1.06,4.5,3,0.71,32.33,387.33,12.73,32.51,238.7
-43.04,147.34,2022-08-09,0.61,3.3,2,0.51,39.39,517.45,11.41,35.75,116.8
-43.02,147.34,2022-08-02,0.69,5.7,2,0.4,30,720,9.99,31.91,150.2
-43.01,147.33,2019-01-23,1.86,29.9,12,0.55,61.36,719.11,26.56,67.79,7708.1
-43.01,147.33,2020-03-24,1.07,35.8,8,0.3,18.9,153.4,10.33,67.55,1898.1
-43.01,147.33,2021-03-01,1.47,74.1,14,0.34,33.23,368.88,19.22,107.82,13899.3
-43,147.33,2021-01-09,1.66,33.8,11,0.47,62.64,895.99,16.83,43.69,2875.6
-42.98,147.33,2019-05-08,1.28,44,10,0.34,26.39,65.61,7.72,32.62,1014.2
-42.96,148.01,2020-01-19,0.22,602.8,13,0.03,30.82,45.83,14.6,6.48,140066.6
-42.95,147.36,2021-01-09,1.51,52.3,10,0.38,57.81,1568.51,16.69,290.47,6609.1
-42.95,147.36,2021-01-10,1.53,51,11,0.39,23.62,207.05,8.21,46.37,1646
-42.9,147.67,2019-05-07,2.33,24.8,13,0.73,24.67,171.02,11.95,39.87,1581.2
-42.9,147.67,2020-01-18,0.03,10028.6,15,0,7.63,2.66,2.53,0.55,4314
-42.87,147.95,2020-02-22,1.61,5,5,1,35,100,23.16,83.55,1693.3
-42.84,147.92,2020-02-22,1.09,54.4,12,0.27,20.3,207.75,11.47,93.22,4831.7
-42.72,148.01,2019-04-02,0.86,66.7,11,0.2,18.46,94.79,10.64,55.28,3828.9
-42.72,148.01,2020-03-19,1.37,91.6,17,0.3,19.81,98.37,10.62,58.72,6441.1
-42.72,148.01,2021-03-11,1.75,64.4,19,0.42,24.77,367.64,12.4,92.95,7258.3
-42.66,148.01,2019-04-02,2.15,10.9,9,0.9,32.27,176.08,22.28,58.35,2302
-42.66,148.01,2020-03-19,0.41,232.8,12,0.08,81.16,252.12,34.52,36.01,66513.8
-42.66,148.01,2021-03-11,1.73,45.9,13,0.45,24.55,228.17,12.7,98.43,4828.8
-42.63,148.02,2019-03-19,1.08,111.7,17,0.23,18.9,147.04,12.56,62.8,8477.6
-42.63,148.02,2020-03-19,1.91,59.7,19,0.47,22.89,194.1,13.95,91.15,7161.9
-42.63,148.02,2021-03-16,1.76,102.3,19,0.38,34.15,828.73,17.01,146.22,14198.9
-42.6,148.05,2019-03-19,1.94,105.9,19,0.42,30,527.24,15.86,117.17,14980.1
-42.6,148.05,2020-03-10,1.88,137.6,19,0.38,29.73,527.72,15.24,170.86,21658.9
-42.6,148.05,2021-03-11,1.72,151.9,22,0.34,23.88,286.23,12.19,73.26,10605.1
-42.59,148.05,2019-04-04,1.89,104.7,17,0.41,54.07,885.44,18.95,113.35,17534.9
-42.59,148.05,2019-04-11,1.3,77.7,12,0.3,27.47,557.54,14.61,105.03,7654.3
-42.59,148.05,2020-02-25,1.32,39.6,11,0.36,19.84,265.33,10.57,41.07,2144.1
-42.59,148.05,2020-03-11,1.19,96,15,0.26,22.09,325.69,9.86,80.21,6010.3
-42.59,148.05,2021-03-10,1.66,31.1,11,0.48,23.41,344.87,11.3,141.61,3054.9
-42.59,148.05,2021-03-11,2.68,49,22,0.69,35.27,523.11,15.34,79.17,6639.8
-42.58,147.92,2019-04-03,1.79,87,17,0.4,31.9,686.42,13.79,83.79,7621.7
-42.58,147.92,2020-03-20,1.5,68.4,13,0.35,24.11,325.37,10.15,52.38,3467.4
-42.58,147.92,2021-03-12,1.93,52.2,16,0.49,35.04,778.31,15.28,86.22,6120.8
-42.58,148.05,2019-04-04,1.1,81,13,0.25,21.78,263.06,13.09,88.29,7780.1
-42.58,148.05,2020-03-11,1.21,57.4,13,0.3,21.78,330.77,11.37,102.14,5679
-42.58,148.05,2021-03-16,1.12,42.3,11,0.3,22.53,409.68,12.51,100.14,3558.5
-42.58,148.06,2019-04-11,0.91,248.4,17,0.16,30.2,182.57,6.06,99.11,12824.9
-42.58,148.06,2020-02-25,2.04,43.5,18,0.54,27.31,456.4,14.55,123.82,5968.6
-42.58,148.06,2021-03-10,2.12,78.1,20,0.49,31.06,406.05,11.35,126.72,7345.3
-42.56,148.07,2019-04-11,1.36,70.6,11,0.32,23.18,267.72,15.2,77.65,9731.7
-42.56,148.07,2020-02-25,1.63,57.4,16,0.4,26.43,472.47,13.49,108.19,6143.8
-42.56,148.07,2021-03-10,1.76,69.4,17,0.41,24.92,309.75,9.38,52.33,4358.6
-42.55,147.95,2019-03-19,2.02,79.6,18,0.46,25.97,308.71,13.12,78.15,8596.9
-42.55,147.95,2020-03-11,1.21,156.2,21,0.24,19.57,160.61,8.29,35.15,5935
-42.55,147.95,2021-03-12,0.86,166.5,18,0.17,18.68,163.73,11.58,40.02,8698.5
-42.52,147.97,2019-04-03,0.81,252.9,10,0.15,24.99,47.87,4.51,16.77,2055.6
-42.52,147.97,2020-03-20,1.23,89,13,0.27,24.6,447.77,11.8,54.32,5605.8
-42.52,147.97,2021-03-16,1.66,120.2,15,0.35,28.78,461.6,12.02,89,7792.8
-41.9,148.32,2019-04-08,1.78,6.5,6,0.95,41.07,582.57,25.86,168.47,2351.4
-41.9,148.32,2021-04-22,2.09,11.9,9,0.85,49.73,645.7,15.95,111.51,1409.8
-41.88,148.31,2019-03-20,2.68,17.1,15,0.95,39,509.73,22.76,98.78,4521.7
-41.88,148.31,2021-04-22,2.76,21.3,17,0.9,46.74,588.26,23.37,87.46,5578.5
-41.87,148.3,2019-03-20,2.56,27.8,16,0.77,38.92,413.74,17.62,88.44,4835.9
-41.87,148.3,2019-03-21,1.98,10.4,8,0.85,50.67,957.61,25.94,81.04,2958.5
-41.87,148.3,2021-04-21,2.37,53.3,17,0.6,37.55,497.85,14.59,107.27,6571.9
-41.87,148.3,2022-03-29,1.9,11.2,8,0.79,58.48,876.86,19.79,60.41,1836.3
-41.87,148.31,2019-03-21,2.9,29.8,20,0.86,50.44,1016.67,23.71,88.26,7813.9
-41.87,148.31,2019-03-22,2.31,19.2,11,0.78,49.61,468.95,25.35,177.06,6949.8
-41.87,148.31,2019-04-08,0.79,194.9,12,0.15,64.4,108.93,18.22,25.64,26223.9
-41.87,148.31,2021-04-21,1.24,303.1,26,0.22,56.93,274.1,28.75,107.37,81362.1
-41.85,148.28,2022-03-29,1.1,3,3,1,37,183,26.67,164.58,884.9
-41.34,148.34,2019-04-09,1.46,18,7,0.5,33.78,100.41,17.54,9.94,2293.5
-41.34,148.34,2019-04-10,1.5,312.1,23,0.26,50.92,345.34,16.79,42.75,48133.6
-41.25,148.34,2019-03-14,2.56,46.1,20,0.67,33.86,344.73,10.54,95.85,4205.3
-41.21,148.29,2019-03-14,2.7,80.7,25,0.61,30.35,319.06,10.55,86.59,6485.4
-40.91,145.58,2021-01-25,1.57,27.7,9,0.47,25.02,232.5,9.91,12.58,839.4
-40.9,145.54,2019-03-24,1.19,44.6,11,0.31,19.96,125.02,7.47,39.32,2492
-40.9,145.55,2019-03-24,1.8,51,15,0.46,25.42,122.92,7.05,50.76,2547.2
-40.9,145.58,2019-03-22,0.65,224.1,10,0.12,23.29,532.63,5.44,6.62,1536.8
-40.89,145.54,2019-03-24,1.07,86.9,10,0.24,19.89,113.99,9.19,19.04,3026
-40.86,145.51,2019-03-25,0.47,300.7,17,0.08,28.56,18.61,4.46,7.79,2159.9
-40.86,145.52,2019-03-24,1.14,123.2,15,0.24,27.27,41.59,7.26,6.88,1611.5
-40.85,145.5,2019-03-22,1.14,143.4,10,0.23,24.95,79.4,6.04,23.5,2115.6
-40.85,145.5,2021-01-24,1.65,75,11,0.38,62.01,909.71,20.36,71.71,10593.8
-40.09,147.76,2021-04-13,2.2,144.4,23,0.44,30.94,318.68,11.22,54.37,11279
-40.08,147.77,2021-04-13,1.88,110.5,18,0.4,58.64,896.22,26.29,139.77,24713.5
-40.02,147.78,2021-04-13,0.64,251.7,13,0.12,14.64,85.15,4.74,49.24,7227.7
-40.01,147.87,2021-04-13,2.36,22.7,12,0.75,32.56,225.01,20.31,100.45,5981.8
-39.14,146.32,2020-03-12,2.16,54.8,14,0.54,28.37,261.17,14.39,72.05,6750.9
-39.13,146.38,2020-03-17,1.06,89.6,14,0.24,77.37,545.26,9.94,42.13,4282.3
-39.12,146.42,2020-03-17,2.59,45.8,18,0.68,43.81,444.68,20.78,80.12,9503.6
-39.11,146.34,2020-03-12,2.15,26.6,14,0.66,56.15,651.66,19.44,56.6,3349.7
-39.11,146.43,2020-03-13,2.35,88.5,20,0.52,48.09,655.93,17.47,92.91,20984.2
-39.1,146.33,2020-03-11,2.44,22.2,13,0.79,44.63,365.1,22.79,94.99,5743.9
-39.08,146.23,2020-03-12,2.43,48.6,18,0.63,30.35,222.21,16.93,54.57,7758
-39.08,146.32,2020-03-11,2.96,49.2,23,0.76,37.18,289.67,15.43,56.03,6143.1
-39.06,146.45,2020-03-17,2.49,32,15,0.72,45.52,578.12,16.24,64.69,4960.8
-39.06,146.47,2020-03-13,2.37,45.4,15,0.62,33.06,264.95,19.09,55.26,6852.8
-39.06,146.48,2020-03-18,3.02,42.1,25,0.81,46.81,470.34,21.89,41.35,10620.9
-39.05,146.32,2020-03-17,2.31,30.4,15,0.68,33.08,151.38,12.8,89.24,3909.8
-39.05,146.48,2020-03-17,2.35,36.4,15,0.65,31.36,297.21,19.11,48.65,7030.6
-39.05,146.48,2020-03-18,2.41,74.3,26,0.56,55.24,1104.08,16.91,58.64,9738.1
-39.04,146.3,2020-03-17,2.51,29,15,0.75,38.69,252.35,22.07,43.29,6362
-39.04,146.47,2020-03-18,2.11,55,18,0.53,29.11,522.57,10.66,90.65,4869.6
-39.02,146.24,2020-03-19,1.8,23.6,9,0.57,32.58,125.34,18.47,94.85,6216.2
-39.02,146.47,2020-03-18,2.74,50.2,21,0.7,35.31,716.47,18.85,104.84,9989.1
-38.99,146.25,2020-03-19,2.76,23.8,17,0.87,39.92,991.39,21.46,51.77,5743.9
-38.96,146.23,2020-03-19,2.46,31.4,15,0.71,40.44,796.83,21.57,63.92,8469.1
-38.36,144.77,2020-02-06,1.92,39.8,12,0.52,36.22,176,11.47,20.19,2054.5
-38.36,144.77,2022-02-14,1.69,457.9,16,0.28,35.39,1138.65,6.26,11.03,3872.1
-38.35,144.77,2022-02-14,1.63,234.3,15,0.3,19.13,553.96,5.65,28.25,4239.8
-38.32,144.71,2019-01-24,1.61,51,15,0.41,31.6,208.43,9.34,37.58,2243.7
-38.32,144.71,2019-02-05,0.78,94.3,12,0.17,29.74,126.8,4.18,27.05,1434
-38.32,144.71,2019-02-28,0.45,324.6,15,0.08,13.5,38.39,5.57,5.21,2142.7
-38.32,144.71,2019-04-18,1.09,69.6,14,0.26,29.43,49.92,9.38,16.08,2303.5
-38.32,144.72,2019-02-04,2.27,11.5,10,0.93,27.7,157.13,13.57,31.67,1061.8
-38.32,144.72,2020-02-06,2.17,10.6,9,0.92,33.08,158.5,19.29,95.38,1735.1
-38.32,144.72,2022-02-11,1.32,7.2,4,0.67,36.74,157.74,12.12,6.25,449.3
-38.31,144.66,2019-02-07,2.36,35,15,0.66,42.49,401.78,18.58,64.86,5058.9
-38.31,144.7,2019-02-05,2.29,18.2,12,0.79,34.68,340.06,13.88,141.1,1479.9
-38.31,144.71,2019-02-05,1.81,41,14,0.49,29.16,138.44,17.27,34.66,12498.1
-38.31,144.71,2020-02-06,2.84,29.7,19,0.84,37.06,509.17,19.19,31.84,6492.4
-38.31,144.8,2019-02-05,2.89,46.5,22,0.75,36.94,490.49,12.56,48.31,4390.6
-38.31,144.8,2020-02-05,2.85,36.1,19,0.79,31.55,183.9,17.67,46.78,7543.3
-38.31,144.8,2022-02-14,0.26,1170.8,20,0.04,8.67,21.52,2.96,7.75,7777.1
-38.3,144.61,2019-02-07,2.44,15.6,12,0.89,34.94,131.85,18.84,42.86,3249.7
-38.3,144.61,2022-02-13,1.7,111.7,16,0.36,34.38,305.17,23.46,147.75,46263.4
-38.3,144.66,2019-02-04,2.43,15.3,12,0.89,38.65,713.68,23.56,175.68,4864.9
-38.3,144.66,2019-02-05,3.06,43,25,0.81,41.01,331.57,21.1,75.94,11823.6
-38.3,144.66,2020-02-04,2.88,27.2,21,0.87,38.13,453.47,18.38,177.42,7738.3
-38.3,144.66,2020-02-05,2.81,27.5,18,0.85,46.81,1105.58,23.67,113.09,8603.7
-38.29,144.59,2019-02-07,2.48,33.8,17,0.7,42.21,793.14,16.16,39.66,4872.8
-38.29,144.6,2019-02-07,2.24,13.3,10,0.87,37.56,211.93,18.8,20.48,2280.8
-38.29,144.6,2022-02-13,2.35,20.3,12,0.78,37.73,213.64,20.53,39.26,4188.6
-38.29,144.61,2019-02-07,2.97,31.3,21,0.86,40.58,448.59,16.81,61.56,5116.7
-38.29,144.62,2019-02-06,2.45,40,20,0.66,35.83,372.27,14.46,121.99,6627.5
-38.29,144.62,2019-02-28,2.13,11.7,9,0.86,35.81,146.9,13.29,34.81,1204.5
-38.29,144.63,2019-02-06,2.75,24.5,17,0.86,37.37,448.3,22.59,91.66,7166.5
-38.29,144.63,2019-02-07,2.31,29.8,16,0.68,38.47,362.32,23.64,78.86,7093.9
-38.29,144.63,2019-02-08,2.53,18.1,13,0.87,35.25,136.37,20.07,33.64,4196.5
-38.29,144.63,2020-02-05,2.21,23.7,12,0.7,37.49,412.3,25.47,58.87,9318.3
-38.29,144.63,2022-02-11,1.81,26.3,11,0.56,25.61,792.43,10.96,125.97,2650.1
-38.28,144.62,2019-04-17,2.48,30.7,15,0.72,45.87,974.01,15.88,62.87,4240.6
-38.28,144.63,2019-02-06,1.92,30.5,12,0.56,21.41,304.44,11.69,112.44,4267.5
-38.28,144.63,2019-02-07,2.81,26,18,0.86,39.62,427.46,21.85,77.33,7625
-38.28,144.63,2020-02-07,2.28,11.2,10,0.94,42.68,778.04,22.33,89.24,2953.4
-38.28,144.64,2019-02-04,2.95,27,20,0.89,39.03,411.43,19.26,121.77,7375.4
-38.28,144.64,2020-02-07,2.86,29.7,19,0.84,39.15,228.24,24.07,57.94,9303.5
-38.28,144.66,2019-02-06,2.27,11.8,10,0.92,34.63,194.65,15.27,68.48,1765.3
-38.28,144.66,2020-02-05,0.34,106.6,7,0.07,7.64,198.41,1.49,50.74,2882.3
-38.28,144.66,2022-02-12,0.3,210.9,8,0.06,6.37,51.5,2.9,4.69,457.9
-38.28,144.7,2019-02-08,2.77,62.3,22,0.67,45.49,655.02,18.82,58.04,11151.8
-38.28,144.7,2020-02-04,2.75,34.7,17,0.77,35.44,203.63,22,90.98,11336.9
-38.27,144.65,2019-02-08,1.7,41,12,0.46,31.99,52.45,8.2,43.11,1770.1
-38.27,144.65,2020-02-07,2.29,10.6,10,0.97,35.28,216.58,17.49,48.08,1532
-38.27,144.65,2022-02-12,2.33,20.3,12,0.77,34.2,77.65,16.04,48.51,2848.5
-38.23,145.03,2019-11-25,0.09,1037.2,12,0.01,15.19,5.85,6.26,0.43,3769.6
-38.23,145.03,2022-02-26,0.38,377.9,15,0.06,16.41,92.94,8.94,1.8,5036.2
-38.21,145.03,2019-11-25,0.25,419.5,9,0.04,17.17,152.9,5.57,8.3,2648.2
-38.17,144.72,2022-02-17,2.57,154.8,26,0.51,34.62,531.16,10.79,55.87,10148.9
-38.16,145.09,2019-11-25,0.35,13.5,2,0.13,15,0,5.98,15.3,135.5
-38.15,144.72,2019-02-08,0.89,46.3,6,0.23,31.69,93.47,8.61,1.81,714.3
-38.14,144.71,2019-04-20,2.48,27.6,15,0.75,26.77,337,12.92,94.17,3707.2
-38.14,144.71,2020-02-03,1.02,37.9,6,0.28,9.5,262.05,4.6,6.61,124.8
-38.14,144.71,2022-02-10,1.46,421.8,26,0.24,81.25,687.02,24.22,58.89,82730.7
-38.13,144.71,2019-11-26,0.53,4.5,2,0.35,22,448,7.31,8.64,43.5
-38.11,144.66,2019-11-26,1.1,3,3,1,16.67,126.33,11.67,133.33,216
-38.11,144.66,2022-02-11,1.7,165,15,0.33,10.06,58.78,4.73,19.93,1764.7
-37.92,144.98,2019-11-24,1.08,3.5,3,0.86,7.55,0.34,3.59,1.63,3.4
-37.91,144.98,2019-11-24,1.09,3.2,3,0.94,45.6,3787.03,18.19,333.6,815.9
-37.9,144.98,2019-11-24,0.65,2.8,2,0.63,12.47,23.04,9.82,25.83,112.1
-37.89,147.97,2019-03-05,1.98,193.1,22,0.38,36.86,214.46,9.52,26.4,9985.3
-37.89,147.97,2019-07-22,0.87,30.3,5,0.26,28.25,113.13,5.87,50.7,932.5
-37.89,147.97,2020-09-08,2.09,34.8,11,0.59,31.55,148.84,9.92,55.97,2592.5
-37.89,147.97,2020-11-03,0.44,157.2,8,0.09,30.15,28.26,6.41,8.17,1331.1
-37.89,147.97,2020-11-18,1.02,497.1,16,0.16,22.37,174.16,6.62,7.67,4913.1
-37.88,147.91,2019-07-07,1.11,57,6,0.27,27.37,30.64,4.05,6.54,138.4
-37.88,147.91,2019-07-22,1.23,44.8,7,0.32,26.02,59.15,5.68,6.54,215.6
-37.88,147.91,2019-09-01,0.75,21.8,3,0.24,30.64,24.84,7.76,25.28,220.8
-37.88,147.91,2019-09-27,0.93,59.3,6,0.23,30.8,21.04,8.8,30.32,583.4
-37.88,147.91,2019-11-11,1.24,39.3,7,0.34,28.83,62.84,9.31,13.21,461.9
-37.88,147.91,2020-06-15,1.52,45.8,11,0.4,28.92,114.4,7.22,21.64,507.1
-37.82,148.78,2020-06-10,1.95,286.8,38,0.34,61.49,701.88,20.57,49.63,40642.7
-37.82,148.78,2020-09-16,1.47,291.6,26,0.26,40.44,473.02,13.36,74.23,25316.9
-37.82,148.78,2020-10-20,2,111.1,23,0.42,34.17,206.29,14.84,56.54,12635.7
-37.56,149.91,2021-04-22,2.06,310.4,30,0.36,44.36,426.42,11.61,33.26,15813.2
-37.56,149.92,2021-04-22,1.73,211.5,21,0.32,54.83,413.37,14.28,33.14,11203.6
-37.55,149.91,2021-04-20,2.28,144.5,25,0.46,29.62,141.69,12.99,61.75,12936.4
-37.51,149.97,2021-04-20,2.4,36.9,16,0.67,33.3,331.72,14.51,56.85,3653.6
-37.51,149.98,2021-04-20,1.29,307.1,16,0.23,43.55,151.6,13.74,17.86,23661.3
-37.51,149.98,2021-04-22,1.44,239.2,19,0.26,43.32,166.5,13.22,14.4,18648.3
-36.26,150.15,2019-11-26,2.66,80.4,26,0.61,35.62,335.73,13.7,64.15,8100.7
-36.26,150.22,2019-11-20,1.53,101.8,15,0.33,19.54,257.95,9.73,33.31,4368.7
-36.25,150.22,2019-11-24,2.03,172.1,26,0.39,30.81,650.53,14.61,25.02,13008.4
-36.25,150.23,2019-11-20,1.71,295.6,35,0.3,23.71,349.47,11.75,37.43,24386.3
-36.25,150.23,2019-11-24,2.46,66.1,23,0.59,29.98,457.69,12.29,85.81,5722
-36.24,150.22,2019-11-24,1.85,119,22,0.39,20.23,185.42,9.88,41.63,4963.1
-36.17,150.14,2019-11-19,2.45,188.1,31,0.47,29.87,298.88,9.46,18.36,6085.4
-36.16,150.13,2019-11-19,2.14,168.9,24,0.42,23.9,116.24,9.03,17.8,5318.8
-36.01,150.17,2019-11-23,1.25,667.8,30,0.19,75.14,701.43,29.39,110.81,201819.5
-35.99,150.16,2019-11-23,2.09,125.3,25,0.43,30.85,522.17,10.6,23.72,4361.1
-35.91,150.16,2019-11-27,1.56,338.4,25,0.27,28.84,469,10.9,21.3,14703
-35.83,150.22,2019-11-28,2.19,49.5,18,0.56,26.47,390.67,11.26,42.47,2691.8
-35.82,150.24,2019-11-28,2.65,92.4,25,0.59,32.43,447.02,12.76,102.49,12503.3
-35.8,150.23,2019-11-28,2.19,81.8,21,0.5,20.51,177.98,8.05,59.52,4035.2
-35.76,138.07,2019-02-14,1.7,162.3,26,0.33,22.6,479.92,10.6,80.76,13514.2
-35.76,138.07,2021-02-22,2.98,41,23,0.8,48.85,1227.05,21.6,98.49,12635.7
-35.75,138.06,2019-02-14,2.77,30.1,18,0.81,42.2,1331.82,20.63,110.69,8417.9
-35.75,138.06,2021-02-22,2.57,24.1,14,0.81,50.24,1571.58,21.56,69.89,7117.2
-35.74,138.04,2019-02-15,2.2,124.5,27,0.46,58.86,1119.86,18.15,56.77,18378.1
-35.74,138.04,2021-03-22,2.75,47.2,23,0.71,29.95,911.26,14.16,109.02,6885.1
-35.73,138.02,2019-02-16,2.76,100.6,29,0.6,50.48,1156.18,17.7,94.1,20363.9
-35.73,138.02,2021-02-23,1.57,295.3,26,0.28,20.59,326.74,8.07,29.77,9305.6
-35.72,137.9,2019-03-06,1.54,125,21,0.32,21.81,604.27,8.3,77.38,8689.9
-35.72,137.93,2019-03-06,1.43,130.5,21,0.29,24.81,635.92,9.47,108.63,17384.2
-35.72,137.94,2019-02-16,1.5,252.7,25,0.27,21.24,344.11,6.59,62.26,11561.3
-35.72,137.94,2021-02-23,1.59,193.3,24,0.3,20.27,403.62,8.02,31.58,6275.3
-35.72,137.96,2019-02-15,2.6,88.5,25,0.58,31.5,813.48,12.75,72.73,10023.3
-35.72,137.96,2021-02-23,1.27,292.4,25,0.22,12.21,388.86,5.9,27.51,6270.3
-35.72,137.98,2019-02-14,2.47,63.8,22,0.59,31.79,817.59,14.29,87.79,8792.6
-35.72,137.98,2021-02-22,1.14,256.9,26,0.21,18.67,282.19,11.19,27.59,13439.6
-35.72,137.99,2019-02-15,2.4,98,24,0.52,26.02,742.85,10.75,90.06,9000.6
-35.72,137.99,2021-03-22,2.79,48.5,24,0.72,40.78,1194.24,17.34,111.05,10160.8
-35.66,137.64,2019-03-05,0.78,262.3,13,0.14,18.93,174.2,6.96,7.73,3043.6
-35.65,138.24,2020-03-27,2.52,17.2,13,0.89,42.58,716.14,24.13,61.16,5370.5
-35.65,138.26,2020-03-27,2.56,19.6,14,0.86,43.32,985.73,24.66,228.99,10349.9
-35.62,137.19,2019-03-07,1.55,136.9,27,0.32,23.76,473.57,10.16,96.45,14463.9
-35.62,138.56,2020-03-18,2.08,24.4,12,0.65,29.93,292.91,12.44,102.18,2970.3
-35.6,138.09,2020-03-26,2.64,18.5,15,0.9,40.56,565.89,19.99,186.55,6762
-35.59,137.3,2019-03-07,1.16,133.3,21,0.24,18.92,147.15,7.33,69.95,8410.7
-35.59,137.38,2019-03-04,1.94,27.9,11,0.58,30.3,921.51,9.05,17.44,845.2
-35.59,138.11,2019-02-16,2.73,53,21,0.69,33.64,836.43,15.73,72.87,8235.7
-35.59,138.11,2020-03-21,0.76,230.4,20,0.14,16.66,113.04,4.42,38.97,5655.6
-35.59,138.11,2021-02-24,2.88,25.9,19,0.88,37.33,587.12,14.06,28.35,2277.7
-35.59,138.11,2022-02-11,2.43,23,14,0.77,27.48,236.41,14.35,42.69,2529
-35.59,138.61,2020-03-18,2.57,36.8,18,0.71,39.72,800,12.1,39.73,2402.3
-35.58,138.62,2020-03-18,1.9,29.1,12,0.56,21.98,203.99,8.04,73.34,1574.4
-35.57,138.61,2020-01-31,2.99,29.2,21,0.89,48.05,1146.13,19.01,44.64,5806.8
-35.57,138.62,2020-03-19,1.43,44.5,13,0.38,16.33,507.26,8.15,149.14,5719.4
-35.57,138.63,2020-03-19,1.98,48,14,0.51,21.97,308.24,8.85,76.94,3418.6
-35.56,137.63,2019-03-05,2.98,47.6,24,0.77,36.79,926.37,15.71,138.59,10376.9
-35.56,150.39,2019-11-29,2.48,56.9,17,0.61,29.02,326.38,13.6,98.61,5357.1
-35.55,138.13,2019-02-17,2.76,50.9,22,0.7,28.46,711.21,13.24,60.34,4595.7
-35.55,138.13,2020-03-21,1.45,165.4,19,0.28,20.11,323.89,7.85,67.27,10408.3
-35.55,138.13,2021-01-09,2.23,45.1,18,0.58,29.42,479.1,11.8,50.02,4056.3
-35.55,138.13,2022-01-30,2.71,23.4,16,0.86,38.26,598.76,17.24,98.62,4990.3
-35.54,138.69,2020-01-31,2.53,27,15,0.77,29.43,284.59,22.86,899.78,240237.2
-35.53,138.15,2019-02-20,2.18,82.3,20,0.49,57.35,2019.39,20.84,228.14,31333.5
-35.53,138.15,2020-03-21,0.91,100.9,13,0.2,16.91,73.63,4.86,36.23,2422.5
-35.53,138.15,2021-03-10,1.6,155,23,0.32,14.6,200.82,6.51,22.83,3062.7
-35.53,138.15,2022-02-11,1.76,134.6,19,0.36,14.37,200.72,6.77,34.64,3575.1
-35.53,150.42,2019-11-29,1.88,518.9,22,0.3,53.33,966.42,15.4,93.67,50146.6
-35.52,138.16,2019-02-17,1.75,204.3,24,0.33,25.2,279.26,5.74,52.67,7641.2
-35.52,138.16,2019-02-20,1.27,134.1,20,0.26,20.46,210.92,8.51,34.32,5040.7
-35.52,138.16,2020-02-06,0.67,385,19,0.11,14.4,156.87,7.39,15.73,3573.7
-35.52,138.16,2021-01-09,2.67,47.2,22,0.69,30.23,549.46,11.51,112.56,5522
-35.52,138.16,2021-03-10,2.86,35.1,22,0.8,33.27,623.27,15.72,88.99,5879.5
-35.52,138.16,2022-01-30,1.68,98.8,19,0.36,19.52,269.65,8.56,37.95,3995.9
-35.52,138.16,2022-02-12,2.05,98.8,24,0.45,17.41,288.11,8.95,65.14,6743.1
-35.52,138.17,2019-02-17,1.67,97.9,24,0.36,26.54,800.22,9.35,91.42,6840.3
-35.52,138.17,2020-02-06,1.02,493.4,27,0.16,10.75,259.6,4.12,16.9,5168.7
-35.52,138.17,2021-03-23,1.71,102.4,25,0.37,23.14,342.01,9.83,67.35,5487.3
-35.52,138.17,2021-12-12,2.24,36.6,15,0.62,30.94,457.47,13.87,43.2,3384.6
-35.52,138.18,2019-02-18,1.52,214.9,22,0.28,16.12,394.87,5.79,44.05,8339.7
-35.52,138.18,2019-03-23,1.59,414.6,30,0.26,46.03,242.24,13.72,13.27,33651.3
-35.52,138.18,2020-02-08,1.73,738.9,38,0.26,44.66,765.73,14.32,75.02,72233.1
-35.52,138.18,2020-12-13,1.62,217.3,20,0.3,21.76,130.61,6.53,25.14,3670.1
-35.52,138.18,2022-02-14,2.58,83.6,24,0.58,35.55,449.01,14.97,42.55,11231.9
-35.51,138.21,2019-02-18,1.58,686.5,32,0.24,17.25,151.24,7.65,18.76,12921.3
-35.51,138.21,2020-02-07,1.53,467.2,32,0.25,20.33,416.08,6.86,33.61,13935.4
-35.51,138.21,2021-03-20,1.91,293.6,30,0.34,18.59,222.61,8.39,33.52,9493.2
-35.51,138.21,2022-02-14,1.39,593.9,32,0.22,16.13,246.93,6.15,23.88,16274.2
-35.51,138.22,2019-03-24,2,181.9,27,0.38,24.67,499.29,11.22,57.93,9472.6
-35.51,138.22,2020-02-07,1.56,787,31,0.23,15.86,237.58,5.99,21.2,13195.3
-35.51,138.22,2021-03-20,1.89,398.6,27,0.32,17.77,349.6,7.93,57.24,11469.7
-35.51,138.22,2022-02-12,1.94,367.1,30,0.33,18.61,387.57,9,40.17,11475.7
-35.43,138.31,2020-03-23,1.19,444.5,29,0.2,17.05,130.53,6.57,26.26,12072.8
-35.42,138.32,2019-02-28,2.11,85.6,26,0.47,22.05,194.05,8.28,35.79,3552.1
-35.42,138.32,2020-03-23,1.36,614.9,32,0.21,18.65,234,5.98,35.02,12204.3
-35.42,138.32,2021-03-10,1.91,137.8,28,0.39,21.75,305.63,9.58,51.44,7527.7
-35.4,138.33,2019-02-28,1.85,131.7,23,0.38,19.01,332.25,7.54,22.79,3749
-35.4,138.33,2020-02-09,1.89,151.9,22,0.38,16.49,218.81,5.72,50.51,6175.8
-35.4,138.33,2021-03-12,2.08,101.8,25,0.45,24.1,271.8,7.92,39.54,4635.5
-35.4,138.34,2019-04-15,1.95,101,24,0.42,29.33,672.83,11.21,62.64,5966.6
-35.4,138.34,2020-02-09,2.12,144.5,24,0.43,57.64,925.67,20.6,136.29,55332.6
-35.4,138.34,2021-03-21,2.73,53.3,24,0.69,49.08,1109.11,21.67,112.57,18428
-35.39,138.35,2019-02-19,1.58,75.3,19,0.37,20.48,344.18,8.32,100.67,6584.7
-35.39,138.35,2020-03-22,0.55,316.6,20,0.1,16.55,64.73,5.93,15.45,5027.5
-35.39,138.35,2021-03-11,2.44,51.7,20,0.62,29.38,682.54,10.43,72.5,5048.2
-35.38,138.36,2019-02-28,1.59,164.6,21,0.31,29.37,634.34,11.6,109.75,24898.2
-35.38,138.36,2019-04-15,2.3,164.1,31,0.45,31.29,946.16,9.54,64.55,9803.7
-35.38,138.36,2020-03-22,1.8,171.5,24,0.35,20.46,275.26,7.24,78.1,12080.7
-35.38,138.36,2021-03-11,1.62,83.7,22,0.37,22.04,253.01,10.58,40.62,4828.9
-35.38,138.36,2021-03-12,2.29,83.7,21,0.52,27.62,609.02,10.92,94.6,9488.1
-35.37,138.37,2019-02-19,1.61,26.2,10,0.49,19.68,687.76,10.88,67.18,1895.1
-35.37,138.37,2020-04-27,2.59,25.9,17,0.79,34.62,848.57,16.4,150.89,6753.9
-35.37,138.37,2021-03-21,1.27,147.8,22,0.25,18.54,198.34,9.29,30.42,5933.2
-35.37,138.38,2019-04-15,2.21,109.7,24,0.47,15.63,126.23,6.96,25.8,2741.8
-35.37,138.38,2020-03-26,1.58,186.6,20,0.3,13.07,244.58,5.15,27.21,3783.4
-35.37,138.38,2020-04-27,0.57,251.4,16,0.1,16.15,52.65,4.96,14.15,2793.8
-35.37,138.38,2021-03-11,1.19,101.6,14,0.26,16.16,175.23,5.95,52.79,4871.1
-35.27,138.43,2021-02-15,1.57,250.4,34,0.28,19.8,577.07,7.93,69.79,13272.5
-35.27,138.43,2022-02-13,1.26,371.8,32,0.21,18.3,319.19,8.49,35.42,13578.8
-35.21,138.46,2019-03-18,1,230.8,21,0.18,16.42,67.59,5.8,11.9,3329.8
-35.21,138.46,2019-09-26,2.39,42.6,17,0.64,43.52,788.99,18.43,120.91,13913.3
-35.21,138.46,2020-02-12,1.3,294.9,25,0.23,17.55,149.19,5.5,43.31,10745.3
-35.21,138.46,2021-02-15,1.65,148.4,22,0.33,28.44,739.49,8.45,45.78,8294.6
-35.21,138.46,2022-03-25,1.64,83.5,16,0.37,19.61,341.17,7.52,59.43,4256.4
-35.21,138.46,2022-09-01,1.73,18.1,9,0.6,23.15,155.91,10.64,39.46,1057.8
-35.16,138.47,2020-03-17,2.39,68.1,21,0.57,29.89,474.08,12.19,75.49,8240
-35.15,138.46,2019-03-18,1.8,134.9,22,0.37,19.52,173.39,7.03,31.87,4456.9
-35.15,138.46,2019-03-20,1.8,99.9,20,0.39,24.49,388.78,11.08,72.75,11309.4
-35.15,138.46,2019-09-10,1.75,7.6,6,0.86,35.06,510.86,20.82,113.02,2668.3
-35.15,138.46,2019-09-26,2.07,49.2,16,0.53,35.53,615.19,15.19,101.13,10958.5
-35.15,138.46,2020-02-12,1.8,78.6,23,0.41,25.29,385.08,11.14,96.07,10681.1
-35.15,138.46,2022-03-25,1.66,147.9,18,0.33,22.47,391.54,9.74,117.75,18151.6
-35.15,138.46,2022-04-08,2.05,88.2,22,0.46,29.09,472.48,14.1,109.89,16475.9
-35.15,138.46,2022-08-31,0.42,124.6,9,0.09,18.05,204.65,7.74,62.9,8001.1
-35.15,138.46,2022-09-05,1.58,43.8,14,0.42,26.54,578.87,12.62,86.98,5554.7
-35.14,138.46,2019-03-20,2.41,85.4,26,0.54,53.8,468.24,20.73,34.8,18443.2
-35.14,138.46,2019-09-13,1.2,21.7,6,0.39,24.48,694.58,9.89,130.14,2815
-35.14,138.46,2019-09-26,2.62,15.1,14,0.96,42.89,650.57,18.9,37.95,2891.7
-35.14,138.46,2020-02-07,2.73,20.8,16,0.9,43.22,786.64,21.51,48.41,5659.9
-35.14,138.46,2020-03-17,1.67,162.4,24,0.33,18.96,180.13,6.14,41.83,5279.9
-35.14,138.46,2021-02-03,1.86,121.3,22,0.39,34.04,924.93,11.44,67.04,13489.3
-35.14,138.46,2022-03-23,2.14,42.9,13,0.57,25.22,645.05,11.5,98.75,7286
-35.14,138.46,2022-04-08,1.94,60.8,16,0.47,22.9,172.08,9.36,49.94,3074.9
-35.14,138.46,2022-09-01,2.16,18.5,10,0.74,30.64,685.61,14.08,82.02,2223.2
-35.14,138.46,2022-09-05,0.97,104.2,12,0.21,18.96,190.17,9.64,18.45,2800
-35.13,150.73,2019-03-31,2.9,201.8,49,0.55,38.58,696.83,13.03,42.68,17771
-35.13,150.73,2021-04-11,1.75,232.2,37,0.32,45.34,403.21,13.85,15.05,20648.4
-35.13,150.73,2022-02-12,2.85,217.3,47,0.53,38.02,469.45,9.18,22,12156.2
-35.13,150.74,2022-02-12,1.46,59.6,12,0.36,36.07,223.8,6.72,7.27,819.4
-35.12,150.71,2019-03-31,2.11,207.5,38,0.4,47.3,571.79,13.62,18.57,19621.4
-35.12,150.71,2021-04-11,1.99,277.6,36,0.35,43.39,223.18,13.48,20.86,25821.4
-35.12,150.71,2022-02-12,2.62,166.4,32,0.51,30.21,503.26,11.18,23.77,9567.5
-35.12,150.75,2022-02-11,2.1,404.5,47,0.35,50.53,490.02,17.65,102.99,95935
-35.12,150.76,2019-03-28,2.76,264.2,34,0.5,31.19,372.81,14,53.75,26358.6
-35.12,150.76,2022-02-11,3.04,134.3,37,0.62,35.96,544.85,13.95,84.5,15498.3
-35.11,150.77,2019-03-28,2.46,571.6,46,0.39,35.26,589.15,14.45,64.49,66765.2
-35.11,150.77,2019-04-01,2.65,468,57,0.43,34.12,463.45,12.57,61.72,40674.8
-35.11,150.77,2021-04-12,3.16,216.7,59,0.59,31.3,575.64,11.38,42.56,17048.9
-35.11,150.77,2022-02-11,3.17,243.2,64,0.58,29.49,489.38,13.22,69.34,24200.9
-35.1,138.47,2019-03-18,2.2,37.4,14,0.61,41.98,515.76,17.73,46.67,6832.5
-35.1,138.47,2019-09-13,2.19,9.8,9,0.96,47.37,796.32,18.87,85.9,1939.1
-35.1,138.47,2022-03-25,1.59,92.6,12,0.35,19.37,142.94,6.59,39.69,3625.3
-35.1,138.47,2022-09-06,2.01,18.4,10,0.69,32.21,492.25,13.81,65.88,2674.3
-35.1,138.48,2019-03-15,0.81,36.8,7,0.22,15.05,117.95,4.86,42.74,848.2
-35.1,138.48,2019-09-13,0.69,2,2,1,28,338,17.5,12.5,297.4
-35.1,138.48,2022-04-08,2.13,11.7,9,0.87,41.54,864.13,17.41,447.4,6378.7
-35.1,138.48,2022-08-31,1.6,5.3,5,0.96,31.75,289.29,13.59,32.24,493.9
-35.1,150.69,2019-03-28,1.7,99.4,19,0.37,41.98,271.72,17.95,35.02,18789.2
-35.1,150.7,2021-04-10,1.5,403.3,19,0.25,42.01,284.32,10.02,8.49,14657.5
-35.09,150.69,2019-03-27,2.67,80.4,28,0.61,33.72,717.04,16.86,51.23,9905.3
-35.09,150.69,2021-04-09,1.05,167.1,20,0.21,50.32,202.57,9.75,3.73,4121.3
-35.09,150.69,2021-04-10,1.51,248.2,28,0.27,43.82,217.57,10.73,7.41,9842.8
-35.09,150.8,2019-03-30,2.37,463.1,61,0.39,37.08,428.58,13.23,33.85,47034.6
-35.09,150.8,2022-02-14,2.6,324.6,40,0.45,24.23,276.4,8.77,22.16,12182.1
-35.08,150.79,2019-03-29,1.63,917.9,49,0.24,35.03,461.72,13.56,45.41,111238.2
-35.08,150.79,2019-03-30,2.54,316,58,0.44,45.51,2017.51,14.6,99.87,64245.9
-35.08,150.79,2022-02-14,2.56,364.8,47,0.43,26.28,360.72,11.26,44.32,21980.6
-35.08,150.8,2019-03-29,1.6,590.8,40,0.25,24.73,298.81,11.42,54.84,46489.4
-35.08,150.8,2021-04-10,2.16,483.1,46,0.35,40.48,452.28,12.02,27.62,23666
-35.08,150.8,2022-02-14,2.21,186.3,31,0.42,28.1,353.59,11.19,37.68,10957.1
-35.07,138.49,2019-03-15,0.99,90.6,14,0.22,19.24,234.02,7.35,45.21,3935.3
-35.07,138.49,2019-09-10,1.79,6,6,1,20.93,97.82,14.3,29.44,600.1
-35.07,138.49,2022-03-23,1.48,254.9,19,0.27,17.44,127.47,5.44,24.21,6294.1
-35.07,138.49,2022-09-06,0.58,170,10,0.11,17.83,148.51,6.34,27.14,4191.9
-35.07,150.7,2022-02-12,2.63,109.3,31,0.56,39.19,721.29,10.92,41.29,6143.3
-35.07,150.77,2021-04-10,2.09,254.9,43,0.38,42.59,354.11,13.29,14.63,22504.7
-35.07,150.77,2022-02-13,2.51,229.9,38,0.46,34.5,437.82,10.76,18.36,11650.5
-35.06,150.77,2022-02-13,2.64,135.4,33,0.54,46.65,716.53,12.3,35.5,8786.2
-35.05,138.5,2019-03-15,0.74,42.3,7,0.2,9.9,401.42,4.57,46.89,958.3
-35.05,138.5,2019-09-10,0.69,2,2,1,29.5,40.5,20,0,513.4
-35.05,138.5,2022-03-23,0.12,407,8,0.02,14.14,7.24,2.63,1.31,309
-35.05,138.5,2022-08-31,0.69,2,2,1,13.3,0.98,6.25,3.12,11.1
-35.05,150.84,2021-04-09,1.97,635.9,42,0.3,37.28,528.24,15.2,30.7,88027.4
-35.04,138.49,2021-02-15,0.73,684.3,29,0.11,19.36,173.63,6.99,20.85,16152.8
-35.02,150.76,2022-02-13,2.9,247.4,56,0.53,27.23,445.07,12.68,48,23014
-35.01,150.83,2019-03-26,2.84,76.8,26,0.65,40.68,1387.95,14.07,44.35,7466.2
-34.96,138.48,2020-02-13,1.05,451.9,20,0.17,16.49,83.13,4.95,14.3,5427.1
-34.96,138.48,2021-03-01,1.23,227.2,21,0.23,16.53,119.25,5.18,16.86,3588.3
-34.96,138.48,2022-04-05,1.29,518,26,0.21,14.63,103.04,6.21,9.34,6378.3
-34.85,138.45,2020-02-13,0.41,88.4,6,0.09,7.11,186.66,3.27,34.79,2317.3
-34.85,138.45,2021-03-01,1.33,47.5,8,0.34,11.27,329.88,4.69,36.67,971.6
-34.62,138.31,2020-02-21,1.43,64,13,0.34,19.59,639.17,5.23,49.05,2152.7
-34.62,138.31,2021-03-19,1.12,355.6,15,0.19,9.28,74.77,2.9,5.5,1405.6
-34.44,138.2,2020-02-21,2.22,12.6,10,0.88,34.38,827.6,11.01,87.94,1231.8
-34.44,138.2,2021-03-19,1.52,6.7,5,0.8,32.07,1784.38,10.75,68.17,478.9
-34.23,137.49,2020-02-23,0.61,1166.2,23,0.09,15.59,24.71,3.24,8.75,7043
-34.21,137.48,2020-02-24,0.67,506.6,20,0.11,17.52,115.29,6.09,14.08,8770.4
-34.19,137.47,2020-02-23,0.9,757,12,0.14,19.96,68.05,6.71,41.3,30947.7
-34.19,137.47,2020-02-24,1.52,103.3,14,0.33,18.55,275.99,6.24,20.67,2705.6
-34.18,137.46,2020-02-22,0.89,855.7,17,0.13,10.24,93.92,4.03,11.27,6107.8
-34.17,137.46,2020-02-23,1.36,235.4,18,0.25,21.14,169.49,7.7,37.09,10289.5
-34.16,137.45,2020-02-22,1.11,163.9,16,0.22,19.78,277.25,6.72,29.07,5332.8
-34.13,137.44,2020-02-22,0.82,114.8,14,0.17,18.07,158.1,6.96,18.94,2510.2
-34.07,151.11,2022-05-19,2.29,212.4,23,0.43,52.12,1243.01,14.86,45.48,28027.8
-34.07,151.13,2019-03-05,2.91,261.9,43,0.52,33.17,616.11,14.65,89.38,38688
-34.07,151.13,2020-02-29,1.87,315.7,32,0.32,21.77,228.6,11.11,26.26,21211.3
-34.07,151.13,2022-05-19,2.53,237.8,34,0.46,27.06,474.36,12.11,62.31,25214.4
-34.07,151.16,2020-02-29,1.88,102.7,21,0.41,20.98,83.75,13.68,45.36,10175.3
-34,151.23,2019-02-10,2.42,157.4,32,0.48,21.11,115.85,11.78,18.25,12887.1
-34,151.23,2020-12-19,2.41,93.3,24,0.53,21.88,157.16,9.82,80.72,8220
-33.99,151.23,2019-02-03,1.76,141.2,14,0.36,25.99,826.02,9.36,15.53,5102.3
-33.99,151.23,2019-02-23,2.86,175.5,43,0.55,30.85,514.94,14.3,65.04,29803
-33.99,151.23,2020-03-22,1.66,221.1,32,0.31,20.93,208.24,7.96,9.73,5630.4
-33.99,151.23,2020-11-28,1.71,89.2,19,0.38,22.8,126.3,8.77,36.99,4829.2
-33.99,151.23,2020-12-28,2.32,25.9,12,0.71,27.95,870.35,10.27,41.76,1275
-33.99,151.23,2021-02-06,2.17,272.9,30,0.39,32.36,242.49,15.45,49.63,21575.9
-33.99,151.23,2021-12-10,1.81,104.9,24,0.39,20,154.08,8.98,34.81,4621.2
-33.99,151.23,2022-01-03,2.25,187,23,0.43,20.07,104.82,11.91,45.31,19031
-33.93,137.6,2020-06-17,1.1,3.1,3,0.97,12.71,5.24,5.89,2.15,17.4
-33.93,137.6,2022-02-08,0.84,359.1,10,0.14,10.69,20.5,2.76,3.54,809.5
-33.93,137.61,2022-02-07,0.64,3,2,0.58,22.67,300.44,6.67,11.11,43
-33.92,151.26,2019-03-09,2.85,74.5,30,0.66,31.55,783.03,11.07,66.59,5770
-33.92,151.26,2022-04-28,2.21,79.3,23,0.51,38.74,533.18,14.7,91.99,9021.8
-33.92,151.27,2019-03-09,2.32,133,29,0.47,22.92,154.06,8.83,57.43,8387.7
-33.92,151.27,2020-07-03,2.09,71.6,22,0.49,24.81,259.86,13.61,110.74,10112.5
-33.89,151.28,2020-06-16,1.56,151.4,17,0.31,18.52,101.51,9.81,39.39,9347.3
-33.85,151.26,2020-02-01,2.71,102.8,29,0.58,31.67,695.3,13.66,66.48,12277
-33.85,151.27,2020-02-01,2.33,37,16,0.65,27.91,735.26,10.36,42.4,2035.6
-33.84,151.25,2019-01-03,2.08,63.2,15,0.5,21.71,322.72,8.77,17.27,2244.3
-33.84,151.25,2019-11-23,2.14,84.8,20,0.48,22.71,444.16,10.17,54.65,5353.9
-33.84,151.25,2020-03-07,2.68,87.1,28,0.6,27.05,875.21,9.78,42.3,4596.3
-33.84,151.26,2020-07-05,1.33,54.2,10,0.33,40.96,944.43,7.98,80.82,895.3
-33.84,151.28,2019-03-02,2.82,220.5,37,0.52,38.56,1480.72,10.65,18.21,10444.6
-33.84,151.28,2020-01-11,2.92,167.9,40,0.57,32.19,899.95,10.95,61.92,14126.3
-33.84,151.28,2020-01-25,3.01,96.2,34,0.66,35.31,741.7,13.92,29.12,9523.3
-33.84,151.28,2021-03-07,2.79,169.7,40,0.54,37.92,661.79,14.71,98.93,19835.1
-33.84,151.28,2021-12-11,2.85,114,38,0.6,30.39,722.48,13.34,76.83,11806.5
-33.84,151.29,2020-08-02,1.79,121.5,15,0.37,20.85,154.64,11.66,42.92,8744.5
-33.84,151.29,2021-04-03,1.25,134.1,20,0.25,17.8,104,10.39,41.69,7585.9
-33.84,151.29,2022-05-15,2.02,127.9,19,0.42,21.63,119.71,12.99,34.63,13043.3
-33.83,151.26,2020-07-05,2.22,106.4,22,0.48,21.58,323.18,11.09,44.6,6283.9
-33.83,151.26,2021-04-05,2.21,67.4,17,0.53,30.92,417.63,9.44,14.54,2521.6
-33.83,151.26,2022-04-30,2.69,136.1,33,0.55,33.74,394.94,7.94,13.01,3560.4
-33.83,151.27,2019-03-03,2.4,424.7,38,0.4,25.82,421.91,7.01,15.87,10371
-33.83,151.27,2020-07-05,1.76,294.7,25,0.31,29.81,338.18,12.24,32.67,26570.2
-33.83,151.27,2021-04-05,2.08,137.4,25,0.42,23.49,267.14,9.74,11.34,4035.3
-33.83,151.27,2022-04-30,2.57,173.6,34,0.5,34.56,730.61,10.81,44.32,10626.7
-33.83,151.28,2020-08-02,1.84,140.6,22,0.37,21.66,237.02,10.29,25.54,6036.3
-33.83,151.28,2022-05-10,2.23,77,25,0.51,19.45,152.02,9.38,28.65,3159.6
-33.82,151.29,2019-03-02,1.86,145.7,21,0.37,20.69,152.09,9.31,44.62,10726.9
-33.82,151.29,2019-03-03,2.29,370.7,44,0.39,29.64,343.77,7.77,17.4,11377
-33.82,151.29,2020-06-27,1.86,245.9,37,0.34,18.72,279.64,9.37,26.67,13614.8
-33.82,151.29,2020-07-19,1.98,182.6,24,0.38,22.83,175.73,11.4,32.57,14685.6
-33.82,151.29,2021-03-13,2.2,442.9,47,0.36,29.74,334.62,13.07,41.74,46925.3
-33.82,151.29,2022-05-07,0.95,777.3,24,0.14,43.19,212.33,17.55,12.81,155736.4
-33.82,151.29,2022-05-10,3.07,90.8,36,0.68,24.17,323.98,9.34,16.15,3015
-33.82,151.3,2019-03-03,1.99,312.6,26,0.35,20.22,138.23,8.43,36.02,15391.2
-33.82,151.3,2020-07-19,1.86,122.5,19,0.39,19.82,116.58,10.41,17.73,6373.5
-33.82,151.3,2021-03-13,1.93,261,30,0.35,27.12,334.51,12.57,61.8,33922.8
-33.82,151.3,2022-05-07,1.28,513.7,32,0.21,42.98,280.2,18.82,42.2,93309.5
-33.81,151.27,2021-04-05,2.44,171.6,36,0.47,32.54,751.51,11.19,27.4,11927.3
-33.81,151.31,2019-03-02,1.78,326.5,44,0.31,18.34,94.09,8.66,22.36,11303
-33.81,151.31,2020-07-25,2.01,143.5,21,0.4,23.54,181.09,11.53,26.58,8394.5
-33.81,151.31,2021-04-03,1.89,227.9,29,0.35,21.35,122.49,9.17,8.97,8108
-33.81,151.31,2022-04-30,1.77,206.3,21,0.33,21.69,114.02,8.07,11.79,6753.2
-33.81,151.31,2022-05-15,1.84,186.7,21,0.35,21.92,326.41,11.68,30.18,14669.1
-33.8,151.27,2019-02-14,2.59,97.1,26,0.57,30.8,508.99,13.72,57.43,10903.8
-33.8,151.27,2020-01-04,1.65,167.4,22,0.32,29.18,494.18,7.91,19.1,5360.8
-33.8,151.27,2022-01-08,2.43,174.8,33,0.47,41.28,517.72,15.05,82.88,32167.3
-33.8,151.28,2020-01-04,2.6,164.3,36,0.51,27.14,556.53,13.03,69.78,22878.8
-33.8,151.28,2022-01-08,2.08,74.4,21,0.48,30.13,642.6,12.67,85.77,11058.1
-33.8,151.29,2019-02-05,1.6,177.8,21,0.31,19.32,108.93,7.75,64.95,10938
-33.8,151.29,2019-02-14,2.33,261.7,34,0.42,24.58,356.58,11.37,79.37,23234.2
-33.8,151.29,2020-03-07,3.07,209.5,51,0.58,32.44,791.31,10.4,62.75,14533.6
-33.8,151.3,2019-02-08,1.84,326.5,40,0.32,18.85,174.49,8.24,28.1,14443.5
-33.8,151.3,2019-11-16,2.35,335,51,0.4,24.71,540.76,10.72,67.46,26605
-33.8,151.3,2020-03-15,2.46,170.4,42,0.48,25.67,498.66,10.75,122.87,14432.5
-33.8,151.3,2020-03-21,2.04,308.3,47,0.36,22.06,323.17,8.82,59.16,16741.4
-33.8,151.3,2021-12-12,2.51,267.9,54,0.45,26.42,494.03,12.8,101.02,26120.1
-33.78,151.29,2020-06-22,2.06,118.8,24,0.43,22.66,279.09,10,45.09,5251.1
-33.6,115.21,2022-04-03,1.33,1422,29,0.18,15.25,65.07,5.32,7.5,11573.6
-33.6,115.22,2022-04-03,1.35,1517.9,51,0.18,20.95,553.72,7.52,39.47,46184.3
-33.59,115.2,2019-03-31,1.38,1205.8,45,0.19,14.09,85.64,5.99,11.36,14708.5
-33.59,115.2,2022-04-01,1.82,689.8,39,0.28,14.87,134.93,6.38,22.94,15863.3
-33.59,115.21,2019-03-31,1.65,777.2,39,0.25,15.5,84.33,6.08,21.99,16905.2
-33.59,115.21,2022-04-01,1.53,1442,40,0.21,15.54,53.95,6.57,9.64,17526.4
-33.59,115.23,2019-03-30,1.52,968.4,43,0.22,19.28,357.63,8.14,47.99,28405.4
-33.59,115.23,2022-04-02,1.88,1785.8,47,0.25,23.67,589.94,10.22,96.73,137693.9
-33.59,115.24,2019-03-30,1.3,1431.8,41,0.18,16.07,129.4,6.13,13.19,17914.9
-33.59,115.24,2022-04-02,1.5,1137.6,38,0.21,15.8,93.56,6.81,11.5,16694.9
-32.79,152.11,2019-05-10,1.18,208.6,16,0.22,44.76,127.6,9.34,4.95,6178.6
-32.79,152.11,2019-05-11,3.05,122.9,38,0.63,35.17,419.18,10.04,20.96,4951.4
-32.79,152.11,2021-05-11,2.52,46.6,22,0.66,39.26,381.27,11.96,34.37,3341.5
-32.79,152.11,2021-05-14,2.58,83,29,0.58,25.53,189.08,8.02,12.49,1720.7
-32.79,152.11,2021-05-17,2.86,56.7,25,0.71,42.39,689.27,14.51,81.06,5601.1
-32.79,152.11,2022-05-07,1.81,459,32,0.3,44.77,497.23,11.12,27,23648.6
-32.75,152.17,2019-05-11,1.31,175.5,20,0.25,43.82,158.1,12.79,7.07,11760.9
-32.75,152.17,2021-05-12,1.73,333.8,30,0.3,40.45,296.79,14.93,25.99,34466.3
-32.75,152.17,2021-05-14,1.54,78.2,16,0.35,43.54,293.89,11.57,11.41,4354.3
-32.75,152.17,2022-05-08,2.47,244.6,43,0.45,28.48,387.99,7.4,26.86,6866.4
-32.74,152.19,2019-05-10,2.01,916.8,52,0.3,41.42,239.95,13.27,11.46,62326.2
-32.72,152.14,2019-05-12,3.03,111.2,38,0.64,57.66,1895.69,17.58,191.47,37036.1
-32.72,152.14,2019-07-19,3.13,39.9,26,0.85,39.18,1244.55,10.89,23.53,2759.7
-32.72,152.14,2019-10-26,3.2,35.5,26,0.9,36.26,1068.33,11.06,27.97,2060.2
-32.72,152.14,2019-12-13,2.81,36.2,22,0.78,28.33,228.74,7.08,12.81,748.7
-32.72,152.14,2020-02-23,1.16,194.4,19,0.22,26.51,206,6.76,2.86,2974.5
-32.72,152.14,2020-08-08,2.71,40.5,22,0.73,96.88,10961.55,29.84,938.81,38498.3
-32.72,152.14,2020-10-17,3.16,49,26,0.81,38.37,1111.09,10.23,22.18,2621.9
-32.72,152.14,2021-05-16,3.21,56.3,32,0.8,32.73,903.44,10.23,53.7,2879
-32.72,152.14,2022-05-06,2.92,28.4,20,0.87,36.05,945.26,11.09,15.77,1451.6
-32.72,152.15,2021-05-14,2.92,95.7,37,0.64,38.01,583.37,8.28,14.99,3066.9
-32.72,152.15,2021-07-10,1.92,92.3,24,0.42,27.58,319.82,7.84,10.64,2784.9
-32.71,152.15,2019-05-12,3,453,54,0.49,29.3,514.62,11.9,39.2,34527.4
-32.71,152.15,2019-07-26,3.07,226.9,48,0.57,45.37,881.17,12.08,32.54,15448.5
-32.71,152.15,2019-11-17,2.87,132.3,33,0.59,36.06,650.3,10.71,46.14,6947.3
-32.71,152.15,2020-03-08,3.03,109.5,37,0.65,31.68,652.66,8.84,16.23,3997.4
-32.71,152.15,2020-03-13,2.4,307,39,0.42,28.02,450.94,10.14,11.62,12395.9
-32.71,152.15,2020-07-05,1.39,995.9,48,0.2,19.13,291.59,6.33,15.83,12010.2
-32.71,152.15,2020-11-14,2.47,316,38,0.43,52.63,735.74,18.32,88.13,78304
-32.71,152.15,2021-02-13,2.26,230.2,31,0.42,43.29,1044.2,14.28,20.28,19555
-32.71,152.15,2021-05-14,1.94,703.5,56,0.3,44.45,593.75,14.3,47.49,71815.8
-32.71,152.15,2021-05-15,3.31,275.2,60,0.59,40.9,730.74,13.31,36.06,22130.5
-32.71,152.15,2021-07-09,3.17,53.9,29,0.79,38.51,866.13,12.45,49.09,5601.5
-32.71,152.15,2021-07-24,2.17,265.4,30,0.39,50.61,1471.78,12.8,53.56,21036.7
-32.71,152.15,2022-02-06,1.65,289.9,41,0.29,30.95,179.55,8.57,10.54,7755.4
-32.71,152.15,2022-05-07,3.26,122.6,43,0.68,31.19,711.15,12.94,56.47,11384.8
-32.71,152.15,2022-05-08,2.51,355.7,50,0.43,30.79,556.95,14.64,76.19,60436.8
-32.71,152.16,2019-02-09,0.86,582.2,33,0.14,26.58,135.06,7.04,11.07,12695.8
-32.71,152.16,2019-05-05,3.12,162.1,42,0.61,49.61,1033.25,15.45,35.69,13762.5
-32.71,152.16,2019-05-10,3.23,142.3,41,0.65,39.05,733.84,12.57,46.3,15509.7
-32.71,152.16,2019-05-11,2.13,214.5,27,0.4,34.57,1099.32,15.38,18.81,22684.6
-32.71,152.16,2019-08-02,3.34,48.2,31,0.86,39.34,942.39,13.3,62.42,4617.3
-32.71,152.16,2019-08-03,3.09,131.1,38,0.63,54.82,1270.94,15.28,44.47,10362.8
-32.71,152.16,2019-10-19,1.45,208.6,32,0.27,30.54,428.72,6.88,82.84,41561.8
-32.71,152.16,2019-10-20,2.97,113.4,35,0.63,32.52,790.67,12.71,77.23,10015.6
-32.71,152.16,2020-02-01,2.74,149.5,47,0.55,29.98,427.36,9.28,36.67,7652
-32.71,152.16,2020-03-22,0.8,645.6,36,0.12,47.89,182.73,10.87,14.65,39223.3
-32.71,152.16,2020-06-27,1.94,168.4,28,0.38,38.36,434.41,17.99,26.12,25821.8
-32.71,152.16,2020-07-12,2.57,18.7,14,0.88,31.6,260.99,12.14,22.09,1289
-32.71,152.16,2020-11-08,3.11,56.3,28,0.77,43.89,1065.35,10.52,10.05,2480.7
-32.71,152.16,2020-11-15,3,116.1,34,0.63,41.49,823.36,14.72,64.51,9279.6
-32.71,152.16,2021-02-27,1.96,648.8,40,0.3,42.42,292.05,10.66,19.02,27265.1
-32.71,152.16,2021-02-28,2.41,179.5,34,0.46,37.44,590.01,12.95,22.88,17634.7
-32.71,152.16,2021-03-28,1.53,212.4,30,0.28,44.25,283,8.18,8.4,5590.3
-32.71,152.16,2021-05-13,2.88,155.6,40,0.57,33.7,574.14,13,75.12,17374.7
-32.71,152.16,2021-05-15,1.79,359,44,0.3,45.57,329.28,15.9,39.27,47460.5
-32.71,152.16,2021-05-16,3.5,70.8,42,0.82,33.96,1043.4,12.59,62.27,5476.7
-32.71,152.16,2021-05-17,2.12,54.4,17,0.53,28.63,388.87,8.97,60,4859.8
-32.71,152.16,2021-07-31,2.96,83.8,34,0.67,45.73,937.14,12.65,46.88,6779.2
-32.71,152.16,2021-08-01,2.78,22,17,0.9,37.79,993.67,11.42,31.44,1837.1
-32.71,152.16,2022-02-05,2.52,75.6,27,0.58,36.92,554.64,10.78,8.96,3211.8
-32.71,152.16,2022-02-19,2.82,129.4,35,0.58,34.46,505.44,12.03,49.61,12778.5
-32.71,152.16,2022-05-07,2.59,294.7,42,0.46,32.92,664.47,12.5,72.64,21073.3
-32.71,152.16,2022-05-08,1.71,229.9,30,0.31,32,242.34,11.7,24.05,9423.6
-32.69,152.22,2019-05-10,1.64,1316.8,69,0.23,44.77,244.11,14.5,19.43,101111.7
-32.62,152.33,2022-05-06,2.56,453.6,56,0.42,25.44,291.14,11.91,56.17,40506.9
-32.47,152.55,2022-06-26,2.21,116.4,21,0.46,25.32,253.71,12.18,38.81,8854
-32.46,152.55,2022-06-25,1.76,314.1,18,0.31,32.02,434.9,11.48,40.73,22892.3
-32.45,152.54,2022-06-25,1.94,151.7,21,0.39,34.08,332,13.51,40.07,17428.1
-32.43,152.53,2022-06-24,2.62,319.3,50,0.45,36.42,360,13.19,37.17,31148.8
-32.43,152.54,2022-06-26,1.71,223.3,25,0.32,37.39,503.12,13.08,29.83,16874.4
-32.27,115.68,2020-02-16,1.24,140.9,17,0.25,18.77,217.9,6.2,17.4,2940
-32.27,115.68,2020-02-29,0.83,726.4,20,0.13,28.94,11.46,10.42,13.82,23362.1
-32.27,115.68,2020-03-02,0.66,184.5,14,0.13,28.02,56.55,10.49,2.62,7353.6
-32.27,115.69,2020-02-22,0.82,119.7,12,0.17,30.35,52.76,5.45,4.25,756.7
-32.27,115.69,2020-03-01,1.23,97.9,15,0.27,27.88,70.83,5.8,7.21,1125
-32.27,115.69,2021-02-27,2.46,38.6,17,0.67,34.04,654.28,10.98,32.48,3096.9
-32.03,115.44,2019-06-02,1.68,316,31,0.29,20.38,379.65,11.49,89.92,38348.4
-32.03,115.53,2019-05-11,0.87,600.5,33,0.14,38.13,145.84,18.62,19.87,71512.1
-32.03,115.53,2019-06-02,2.5,273.9,36,0.44,33.01,538.58,14.6,95,52795.9
-32.03,115.53,2020-05-21,1.98,142.9,25,0.4,31.7,345.24,16.28,69.56,15816.2
-32.03,115.53,2020-06-07,0.51,2633.8,37,0.06,30.21,38.21,8.79,6.39,34476.6
-32.03,115.53,2021-05-09,2.76,45.5,23,0.72,25.76,425.07,11.13,27.39,3138.5
-32.03,115.58,2019-05-12,0.89,604.4,26,0.14,13.9,55.54,8.24,10.51,12602.4
-32.03,115.58,2020-05-21,2.4,111.6,25,0.51,35.11,663.28,18.17,145.77,44314.2
-32.03,115.58,2021-05-09,2.44,296.1,31,0.43,17.94,269.46,7.14,46.05,13424.5
-32.03,115.58,2022-06-25,2.2,267.1,29,0.39,22.22,220.91,11.35,38.12,15004.2
-32.02,115.45,2019-05-12,0.43,1611.7,33,0.06,40.14,54.58,18.25,6.13,135839.2
-32.02,115.45,2019-06-02,1.22,166.5,19,0.24,16.68,468.2,8.05,61.91,9685
-32.02,115.45,2020-05-21,0.71,461.4,20,0.12,42.42,115.96,15.67,13.32,39950.9
-32.02,115.45,2021-05-08,2.25,215.8,38,0.42,36.87,607.54,16.13,68.5,30174.3
-32.02,115.5,2019-05-10,1.14,269.4,30,0.2,19.88,129.98,10.04,16.32,8311.9
-32.02,115.5,2020-05-21,1.32,213.9,24,0.25,15.94,440.61,8.29,33.16,8511.9
-32.02,115.5,2021-05-08,1.11,197.8,20,0.21,12.71,149.95,6.48,31.17,5559.7
-32.02,115.55,2019-05-12,2.12,343.7,28,0.36,19.53,301.3,9.04,22.93,15079
-32.02,115.55,2019-05-13,1.15,227.4,15,0.21,28.22,211.74,8.79,38.99,12259.7
-32.02,115.55,2020-05-21,2.1,163.2,30,0.41,24.51,167.65,14.69,31.99,23780.2
-32.02,115.55,2020-06-07,1.73,248.8,21,0.31,21.35,151.69,7.17,19.55,4890.7
-32.02,115.55,2021-05-09,1.5,1353.4,34,0.21,29.31,219.36,11.62,12.73,89493.2
-32.02,115.56,2019-05-11,2.45,261.9,38,0.44,16.59,171.8,9.05,33.23,10300.4
-32.02,115.56,2020-05-21,1.99,264,30,0.36,21.31,338.88,10.4,132,42406.4
-32.02,115.56,2021-05-07,2.5,145.2,27,0.5,17.25,217.13,8.02,29.72,5072.1
-32.02,115.56,2022-06-25,1.45,973.8,24,0.21,12.52,30.68,4.97,13.3,8743.9
-32,115.47,2021-05-10,2.55,363.3,40,0.43,23.61,328.35,10.02,49.37,23304.3
-31.99,115.5,2019-05-12,1.24,1592.8,48,0.17,13.21,158.08,6.54,28.58,40605.3
-31.99,115.5,2020-05-14,2.5,307.1,37,0.44,23.36,417.37,11.23,75.89,27339.2
-31.99,115.5,2021-05-07,2.5,315,44,0.43,23.01,480.08,9.27,38.63,15380.9
-31.99,115.5,2022-05-28,1.76,476.4,44,0.29,27.86,390.12,11.24,33.58,23983.9
-31.99,115.52,2019-05-10,1.94,285.2,24,0.34,21.35,300.38,9.8,50.02,13496.4
-31.99,115.52,2019-05-12,1.85,397.7,33,0.31,17.91,203.68,8.37,50.39,22675.4
-31.99,115.52,2020-06-07,1.95,726,35,0.3,18.07,175.15,8.9,20.82,28354.2
-31.99,115.52,2021-05-10,1.78,541.5,41,0.28,33.3,249.55,18.79,73.81,73195.5
-31.99,115.53,2019-05-13,1.71,572.6,27,0.27,20,350.11,8.12,66.66,64921.8
-31.99,115.53,2021-05-08,2.42,30.3,16,0.71,39.04,925.73,12.76,41.97,2928.6
-31.99,115.54,2019-05-10,2.15,137.8,21,0.44,45.96,1617.18,14.15,56.05,14870.3
-31.99,115.54,2020-06-07,2.39,175.3,26,0.46,25.31,425.45,12.02,92.9,20711.5
-31.99,115.54,2021-05-07,2.69,153.1,36,0.53,52.59,2050.49,13.92,43.64,15789.4
-31.99,115.56,2019-05-13,1.6,1526.9,30,0.22,17.11,309.52,8.49,47.48,114321.9
-31.99,115.56,2020-05-14,0.96,1259.6,31,0.14,16.05,198.58,8.12,106.55,37612.3
-31.99,115.56,2021-05-07,0.38,5318.4,36,0.04,13.05,56.3,5.54,14.03,71341.9
-31.99,115.56,2022-05-28,0.7,1542.1,32,0.09,16.14,215.85,7.54,38.5,68290.6
-31.99,115.58,2019-05-13,2.76,28.3,18,0.83,32.9,468.52,16.73,75.86,5228.9
-31.97,115.54,2019-05-10,2.17,140.4,28,0.44,22.3,323.35,9.99,54.35,9005.9
-31.97,115.54,2020-05-14,1.52,583.1,23,0.24,19.09,121.37,10.14,11.12,21502.4
-31.97,115.54,2021-05-09,2.17,319.1,37,0.38,20.56,262.94,9.85,62.67,26913.8
-31.97,115.54,2022-06-25,1.63,588.6,27,0.26,21.73,273.55,8.67,35.59,14451.1
-31.87,115.75,2020-03-07,2.17,72.8,19,0.51,29.24,342.5,11.71,90,8367.9
-31.85,115.75,2021-02-20,0.94,358.4,29,0.16,30.66,85.63,6.09,12.14,5221.9
-31.84,115.75,2020-03-14,2.67,77,25,0.61,36.16,834.98,14.1,124.25,10187.7
-31.84,115.75,2021-02-28,2.61,28.6,16,0.78,28.18,495.16,8,23.33,941.6
-31.84,115.75,2021-03-13,1.89,194.7,24,0.36,33.42,480.59,9.81,50.03,13069
-31.83,115.73,2021-02-14,1.63,498.4,35,0.26,39.65,172.74,14.93,96.54,26709.6
-31.76,159.24,2020-02-28,2.37,456,48,0.39,19.71,349.21,9.08,49.22,32183.2
-31.76,159.24,2022-03-23,2.59,173.2,43,0.5,18.62,326.14,10.77,94.03,17146.7
-31.75,159.24,2020-02-28,2.32,443.5,41,0.38,14.12,220.07,7.14,53.4,26413.1
-31.75,159.24,2022-03-23,2.58,340.8,35,0.44,19.05,327.66,10.55,207.4,44818.9
-31.6,159.08,2020-02-17,2.75,105.8,30,0.59,17.75,137.99,12.38,92.39,13690.7
-31.6,159.08,2022-03-24,2.6,108.1,25,0.55,12.74,77.87,8.33,49.34,5278.6
-31.58,159.07,2020-02-11,2.81,209.3,49,0.53,19.18,169.2,8.46,21.86,9806
-31.58,159.07,2022-03-25,2.84,212.7,48,0.53,15.15,216.88,8.42,62.86,13723.5
-31.57,159.07,2020-02-10,2.36,174.7,30,0.46,15.01,84.08,8.14,32.57,4396.6
-31.57,159.07,2022-03-17,2.03,297.2,27,0.36,14.15,265.26,6.14,9.93,3684.9
-31.57,159.1,2020-02-16,1.56,220.9,27,0.29,17.5,88.27,8.54,26.5,11191.5
-31.57,159.1,2022-03-24,2.73,128.8,28,0.56,18.78,217.47,9.85,31.69,5487.1
-31.56,159.07,2020-02-11,3.05,131,40,0.63,30.89,611.46,22.68,311.39,58410.9
-31.56,159.07,2022-03-17,3.43,151.8,50,0.68,39.44,1317.35,22.54,355.63,89361.7
-31.56,159.1,2020-02-16,2.21,169.6,36,0.43,17.59,256.55,12.01,87.72,28481.1
-31.56,159.1,2022-03-21,2.09,388.2,43,0.35,27.73,347.96,10.15,40.89,20221.1
-31.55,159.06,2020-02-11,3.53,179.8,53,0.68,18.83,130.68,9.78,31.87,9544
-31.55,159.06,2020-02-16,3.44,258.8,72,0.62,18.02,150.33,10.74,50.7,16534
-31.55,159.06,2022-03-18,3.39,137.3,48,0.69,18.03,142.8,10.69,33.33,8642
-31.55,159.06,2022-03-19,3.78,369.5,85,0.64,18.76,265.28,11.29,56.36,31130.4
-31.55,159.07,2020-02-12,3.57,141,52,0.72,18.07,140.44,10.86,38.56,9823.8
-31.55,159.07,2022-03-17,2.04,520.6,58,0.33,16.37,155.56,7.17,83.75,34087.8
-31.54,159.05,2020-02-10,3.03,172.8,47,0.59,22.52,257.09,14.3,44.53,18056.4
-31.54,159.05,2022-03-17,3.4,124.2,46,0.7,21.55,500.22,11.87,94.6,15592.9
-31.54,159.06,2020-02-16,3.32,124,47,0.69,17.03,184.93,8.32,66.25,6451.3
-31.54,159.06,2022-03-14,3.4,103.7,44,0.73,18.26,177.03,11.78,70.72,10555.5
-31.54,159.07,2020-02-19,3.38,268.1,65,0.6,27.08,959.56,11.93,83.84,19366.2
-31.54,159.07,2022-03-14,3.49,312.4,83,0.61,26.72,452.41,15.55,84.57,37067.6
-31.54,159.11,2020-02-17,1.78,356.7,25,0.3,29.2,383.21,10.41,32.08,18149.3
-31.54,159.11,2022-03-24,2.04,293.3,25,0.36,27,587.39,16.4,218.51,111334.1
-31.53,159.05,2020-02-12,3.19,230.6,53,0.59,39.9,1800.29,21.74,274.05,114157.8
-31.53,159.05,2020-02-19,3.6,241.5,61,0.66,27.65,448.64,16.47,91.56,52169
-31.53,159.05,2022-03-18,3,138.6,41,0.61,23.93,473.33,14.22,108.93,25790.4
-31.53,159.05,2022-05-05,3.37,191.8,45,0.64,21.96,174.94,11.5,88.67,28488.1
-31.53,159.06,2020-02-09,3.23,146.1,50,0.65,25.51,324.35,11.54,26.19,12718
-31.53,159.06,2022-03-13,3,147.2,50,0.6,25.97,537.16,12.15,101,19381.6
-31.52,159.03,2020-02-10,2.83,262.5,49,0.51,23.25,222.03,9.76,48.99,21688
-31.52,159.03,2022-03-24,2.61,474.2,42,0.42,17.37,389.14,8.16,31.02,16892.5
-31.52,159.04,2020-02-12,3.11,267.1,60,0.56,15.43,162.77,8.08,46.26,13894.6
-31.52,159.04,2022-03-18,2.05,349.1,36,0.35,14.02,74.06,6.33,21.31,7603.8
-31.52,159.04,2022-03-24,3.67,164.6,59,0.72,29.05,652.36,18.15,217.24,44122.9
-31.52,159.05,2020-02-09,3.41,74.3,37,0.79,18.95,157.51,9.08,36.46,2786.3
-31.52,159.05,2020-02-19,2.89,214.3,49,0.54,20.24,207.4,12.38,93.8,9661.2
-31.52,159.05,2022-03-14,3.33,103.8,43,0.72,22.8,497.96,12.06,118.38,11551.4
-31.52,159.05,2022-03-16,2.86,178.5,41,0.55,20.16,269.71,7.51,37.58,4701.1
-31.52,159.07,2020-02-21,2.61,41.2,20,0.7,18.83,118.22,11.34,57.2,3212.5
-31.52,159.07,2022-03-13,2.98,48.9,25,0.77,25.97,752.43,16.56,206.34,5096.4
-31.52,159.08,2020-02-18,2.82,236.2,36,0.52,20.98,459,12.36,72.02,32237.6
-31.52,159.08,2022-03-19,1.48,378.2,29,0.25,58.99,818.05,23.85,108.12,176969
-31.51,159.04,2020-02-20,2.98,323.2,52,0.52,18.47,359.66,6.64,46.84,12606.4
-31.51,159.04,2022-03-15,2.36,439.3,63,0.39,15.15,131.94,5.95,51.78,18539
-31.51,159.05,2020-02-18,2.61,91.4,29,0.58,17.07,112.06,8.36,22.9,3953.4
-31.51,159.05,2022-03-15,2.52,238.3,49,0.46,20.04,280.11,9.15,24.46,9118.1
-31.51,159.06,2020-02-18,2.2,308.8,35,0.38,27.2,367.02,10.44,40.67,18941.3
-31.51,159.06,2022-03-15,2.86,297.6,56,0.5,20.73,518.34,11.2,78.56,30475.8
-31.51,159.07,2020-02-18,3.07,236.8,49,0.56,35.93,1382.49,17.99,170.85,55529.3
-31.51,159.07,2022-03-19,2.84,202.4,44,0.53,28.03,745.46,12.84,164.06,41266.1
-31.5,159.06,2020-02-10,1.64,257.8,34,0.3,17.09,68.37,8.55,23.32,8588.9
-31.5,159.06,2022-03-21,2.89,544.7,67,0.46,18.78,187.55,10.02,63.43,45401.4
-31.5,159.07,2020-02-17,3.3,274.3,67,0.59,29.9,668.34,17.43,125.75,76328.3
-31.5,159.07,2020-02-18,2.39,259.9,43,0.43,19.97,258.26,9.86,57.76,22152.8
-31.5,159.07,2020-02-20,2.66,111.5,37,0.56,22.88,239.31,10.77,26.59,7466.3
-31.5,159.07,2022-03-16,3.39,221.1,60,0.63,27.07,726.8,13.94,166.46,49699.1
-31.5,159.07,2022-03-22,2.73,584.8,76,0.43,22.9,386.25,12.37,82.36,82595.5
-30.65,153,2021-08-07,2.06,49.4,13,0.53,52.99,520.74,13.38,34.69,3852.7
-30.3,153.15,2019-05-23,2.33,136.9,31,0.47,37.09,376.41,10.39,33.77,7944.8
-30.3,153.15,2020-04-22,2.18,184.7,42,0.42,23.69,163.26,7.6,8.47,4685.9
-30.24,153.18,2019-07-29,2.26,588.2,59,0.35,33.65,2801.28,12,242.33,131780
-30.24,153.18,2020-10-11,2.15,373.6,47,0.36,43.72,4216.73,15.19,288.9,121375.8
-30.21,153.27,2019-05-17,2.46,558.3,56,0.39,16.57,161.39,9.28,60.99,28991
-30.21,153.27,2020-10-29,2.77,278.4,45,0.49,24.82,473.61,10.78,66.28,26475.8
-30.2,153.26,2019-05-17,3.27,378.5,80,0.55,21.69,486.73,9.58,60.59,26479.6
-30.2,153.26,2020-10-29,3.15,277.4,58,0.56,17.12,119.94,7.41,39.89,11241.7
-30.2,153.27,2019-05-17,3.24,806.9,105,0.48,26.54,606.34,12.7,99.73,507460.4
-30.2,153.27,2020-10-29,3.62,360,88,0.61,26.05,468.09,10.23,54.03,27506.2
-30.16,153.23,2019-07-20,2.79,516.7,56,0.45,20.7,411.9,7.99,39.47,30622.2
-30.16,153.23,2020-10-03,2.46,199.7,37,0.46,20.4,136.57,8.05,30.32,6505.3
-30.16,153.23,2021-06-12,2.91,314.5,51,0.51,24.56,353.9,10.01,49.51,27769.1
-30.15,153.23,2019-07-20,2.09,689.6,43,0.32,17.68,290.05,7.24,24.59,29670.5
-30.15,153.23,2020-10-03,2.33,381.5,38,0.39,38.17,3503.23,13.76,257.58,89669.7
-30.15,153.23,2021-06-12,2.21,621.9,45,0.34,23.41,578.49,8.41,30.83,18421
-30.11,153.2,2021-08-13,1.96,305.5,28,0.34,26.91,265.88,6.24,33.74,9510.2
-30.11,153.21,2019-08-29,1.89,121.5,25,0.39,22.3,342.73,8.16,40.91,4551.1
-30.06,153.2,2021-09-01,1.63,381.7,23,0.27,22.51,106.68,6.03,12.83,5593
-30.02,153.27,2019-05-14,2.33,1686.4,83,0.31,19.92,206.83,13.01,29.6,96287.7
-30.02,153.27,2020-08-14,1.82,872.5,67,0.27,24.82,128.64,9.68,64.17,62128
-30.02,153.27,2021-06-07,1.74,1219.3,82,0.24,21.88,128.22,10.25,26.33,73452.5
-30.02,153.27,2022-05-04,2.5,1367.2,83,0.35,19.19,110.68,8.78,23.31,59627.2
-29.98,153.23,2019-05-19,2.54,163,33,0.5,37.93,969.71,12.23,37.47,11627.3
-29.98,153.23,2020-11-05,1.91,163.3,23,0.37,27.16,1016,8.28,57.43,8630.7
-29.98,153.23,2021-06-27,2.39,38.3,15,0.66,59.76,924.97,15.18,46.39,4505.7
-29.93,153.39,2019-05-18,2.97,2069,131,0.39,43.25,1095.66,18.02,91.38,546468.3
-29.92,153.39,2019-05-18,2.33,1026.6,74,0.34,17.95,170.56,8.61,45.29,62234.6
-29.13,167.95,2021-02-28,2.34,213.4,24,0.44,15.09,75.9,8.16,43.55,6574.1
-29.12,167.94,2021-02-28,1.39,441.6,24,0.23,12.75,49.35,5.91,12.33,6424.9
-29.07,167.96,2021-02-24,1.59,1012.4,35,0.23,20.85,165.98,10,40.25,74193.8
-29.06,167.95,2021-02-24,1.89,220.8,23,0.35,15.01,156.14,7.98,50.64,18218.3
-29.06,167.96,2021-02-24,3.03,86.7,31,0.68,22.71,248.84,9.23,12.8,2762
-29.06,167.96,2021-02-25,2.67,67.4,26,0.63,20.08,349.43,9.39,43.56,2920.1
-29.06,167.96,2021-02-26,1.2,199.2,23,0.23,15.09,34.6,5.82,18.28,4217.1
-29.06,167.96,2022-05-03,3.08,87,30,0.69,21.4,175.35,9.45,32.5,3875.9
-29.06,167.96,2022-05-05,2.79,54.9,25,0.7,20.27,142.07,12.05,57.47,4294.6
-29.05,167.99,2021-03-02,2.2,134.5,20,0.45,14.47,80.08,7.71,22.13,3476.1
-29.01,167.92,2021-02-25,2.84,195.7,36,0.54,18.78,377.19,9.12,56.53,14016.7
-29.01,167.92,2021-02-27,2.47,198.8,29,0.47,24.92,651.31,10.61,68.65,17538.1
-29,167.92,2021-02-27,2.48,201.3,31,0.47,18.14,117.91,10.35,47.58,15861.9
-29,167.94,2021-02-27,2.04,448.2,25,0.33,15.24,101.54,7.09,54.07,24482.4
-28.97,113.95,2021-04-20,0.67,1671.4,45,0.09,13.17,47.81,3.29,10.6,14399.8
-28.89,114.01,2021-04-18,0.67,1624.1,31,0.09,14.11,117.37,4.84,34.65,49329.9
-28.88,113.92,2021-04-20,0.49,1093.6,29,0.07,13.67,99.5,4.26,23.48,23976.2
-28.85,114.01,2021-04-18,0.81,2197.2,43,0.11,12.8,72.43,3.66,26.76,24621.3
-28.72,113.78,2021-04-16,2.94,80.3,29,0.67,29.41,847.03,11.03,39.49,6885.8
-28.72,113.79,2021-04-19,2.34,137.2,33,0.48,19.66,356.46,7.47,48.11,6990.8
-28.7,113.78,2021-04-19,0.83,236,20,0.15,13.91,120.55,3.78,20.12,4073.6
-28.7,113.83,2021-04-19,2.12,183.5,35,0.41,31.93,240.55,9.36,47.04,9896.9
-28.68,113.76,2021-04-16,1.35,475.7,36,0.22,45.33,360.28,11.84,18.66,13774.3
-28.67,113.84,2021-04-16,0.45,2383.3,30,0.06,12.29,36.44,5.95,9.05,26164.8
-28.61,153.63,2021-06-16,3.92,337.7,102,0.67,36.62,1184.09,14.48,125.51,60470.8
-28.48,113.77,2021-04-17,0.48,1931.5,21,0.06,13.8,63.11,3.76,8.89,12866.7
-28.47,113.78,2021-04-17,0.5,5172.1,30,0.06,12.3,22.9,4.07,6.29,28616.8
-28.46,113.77,2021-04-17,0.69,1319.7,44,0.1,13.44,86.78,4.37,21.69,24335.4
-28.17,153.55,2022-01-31,2.65,83.2,28,0.6,40.19,534.08,15.19,121.47,14827.6
-28.16,153.53,2022-02-21,2.79,393.5,53,0.47,30.88,446.54,10.66,48.24,17830.6
-27.41,153.53,2021-06-18,3.93,338.2,121,0.67,31.07,620.1,14.35,66.09,46404.7
-27.41,153.53,2021-06-20,2.38,437.6,57,0.39,32.3,201.75,17.35,44.49,62976.4
-27.4,153.44,2021-06-17,3.9,239.2,89,0.71,27.67,377.46,13.25,46.31,23032.1
-27.39,153.55,2021-06-19,4.19,261.2,107,0.75,23.85,335.81,12.72,87.73,39457.5
-27.39,153.55,2021-06-20,3.92,219.2,82,0.73,28.07,623.36,14.83,170.69,54762.2
-26.16,113.22,2021-05-29,2.94,123.4,39,0.61,21.56,352.28,7.53,30.46,3893.2
-26.14,113.17,2021-05-28,1.63,1116.8,45,0.23,25.52,507.49,14.26,68.84,119464.5
-26.12,113.18,2021-05-28,2.18,291.5,42,0.38,23.35,311.45,6.24,56.59,6882.3
-26.12,113.24,2021-05-29,1.06,791.9,48,0.16,13.13,97.59,5.82,10.91,10286.3
-24.88,152.49,2021-07-21,2.18,175,24,0.42,20.42,471.27,11.44,99.84,11446.8
-24.84,152.48,2021-07-20,2.32,105.5,19,0.5,16.51,240.84,9.61,32.19,5691.8
-23.54,151.76,2020-12-17,1.99,1332.8,83,0.28,11.17,170.16,5.43,37.17,69880.5
-23.53,151.75,2020-12-17,3.62,218.2,67,0.67,20.05,363.95,9.52,46.49,12755.1
-23.5,151.77,2020-12-17,2.49,995.7,79,0.36,12.65,118.39,5.9,25.58,25809.8
-23.5,151.78,2020-12-17,3.86,254.1,83,0.7,17.13,305.3,9.1,55.28,15638.7
-23.33,113.78,2019-08-16,3.04,616.7,71,0.47,17.08,239.94,6.28,24.27,19507.6
-23.33,113.78,2021-08-05,2.08,934.8,77,0.3,13.85,106.74,4.63,6.41,9991.2
-23.33,113.78,2022-08-08,2.49,718.5,82,0.38,15.98,185.74,6.2,16.36,16777.4
-23.32,113.78,2019-08-16,3.22,498.6,76,0.52,16.3,176.28,6.88,37.51,21049.9
-23.32,113.78,2021-08-05,2.89,521.7,70,0.46,15.57,189.67,6.65,45.29,14590.7
-23.32,113.78,2022-08-08,3.61,315.7,77,0.63,20.17,390.66,7.74,52.84,8770.7
-23.26,151.95,2020-12-16,2.07,2267.3,95,0.27,11.56,124.59,5.95,35.18,48397.1
-23.25,151.77,2020-12-15,2.56,1358.9,85,0.36,13.3,229.53,6.9,44.63,46170.8
-23.25,151.95,2020-12-16,2.55,766.1,68,0.38,17.34,292.31,8.24,56.4,40216.2
-23.24,151.78,2020-12-15,2.11,1289.8,97,0.29,11.49,210.32,6.4,49.44,42340.1
-23.22,113.75,2021-08-09,3.02,177.5,49,0.58,20.41,330.96,8.93,47.54,11900.6
-23.22,113.75,2022-08-06,3.08,348.1,59,0.53,20.72,203.97,11.83,66.16,35235
-23.22,150.96,2020-12-14,1.32,754.8,33,0.2,10.08,129.2,4.64,8.74,6332.1
-23.21,113.76,2019-08-15,3.62,407.3,94,0.6,21.15,372.02,8.23,60.02,21972.1
-23.21,113.76,2019-08-21,3.3,373.4,77,0.56,18.83,242.32,7.57,31.43,14798.8
-23.21,113.76,2021-08-11,3.44,256,64,0.62,19.05,205.22,8.54,58.33,14252.3
-23.21,113.76,2021-08-12,1.75,1682.2,68,0.24,14.65,81.64,5.13,20.72,40753
-23.21,113.76,2022-08-06,3.01,569.3,72,0.47,16.02,172.5,9.09,40.87,32789.2
-23.21,113.76,2022-08-07,3.4,262.5,61,0.61,18.47,215.58,6.58,14.96,5255.3
-23.2,113.76,2019-08-17,3.58,684.4,87,0.55,25,456.54,12.73,123.47,123867
-23.2,113.76,2019-08-21,3.55,264.1,68,0.64,17.23,240.5,7.55,28.67,11028
-23.2,113.76,2021-08-12,3.24,1280.4,105,0.45,22.67,438.07,10.54,99.65,221768.9
-23.2,113.76,2022-08-06,3.22,469.3,83,0.52,21.36,538.49,10.41,104.26,32632
-23.2,113.76,2022-08-08,3.06,342.9,58,0.52,18.36,232.93,9.57,44.02,24650.1
-23.2,150.94,2020-12-12,1.67,1669.8,39,0.22,8.86,74.89,4.56,6.21,11971.4
-23.2,150.97,2020-12-11,1.6,1740.6,37,0.21,15.16,339.07,5.17,8.55,12966.6
-23.19,150.93,2020-12-12,1.87,904,48,0.28,11.68,168.39,5.69,13.54,13348.2
-23.19,150.98,2020-12-11,0.93,1641.9,23,0.13,8.8,19.03,4.88,3.52,7392.8
-23.18,113.76,2019-08-17,2.69,556.4,49,0.43,24.39,228.89,6.96,20.38,9778.4
-23.18,113.76,2019-08-19,3.28,603.3,84,0.51,20.08,350.32,7.82,42.56,30664.6
-23.18,113.76,2021-08-06,2.44,548,63,0.39,16.11,204.57,7,27.21,10949.7
-23.18,113.76,2021-08-10,3.41,288.6,67,0.6,17.92,261.38,7.62,38.41,13624.4
-23.18,113.76,2021-08-12,2.17,528.8,61,0.35,14.19,129.49,4.86,12.06,6493.5
-23.18,113.76,2022-08-07,3.36,391.6,73,0.56,17.76,264.69,7.27,41.94,15220.5
-23.18,113.76,2022-08-08,2.7,583,61,0.42,17.81,224.09,8.14,15.99,15852.7
-23.18,113.76,2022-08-09,2.59,473.8,68,0.42,14.8,182.66,5.64,24.07,8656.9
-23.18,151.91,2020-12-15,3.88,177,76,0.75,19.73,476.48,9.61,51.93,13497.8
-23.18,151.92,2020-12-15,2.5,626.8,65,0.39,11.87,88.73,5.87,11.46,10740
-23.17,113.76,2019-08-17,2.99,597.2,89,0.47,19.88,306.2,10.1,79.48,75658.2
-23.17,113.76,2021-08-07,1.68,740,60,0.25,26.96,134.89,7.63,17.45,17103.9
-23.17,113.76,2022-08-09,2.87,544.7,83,0.46,20.61,534.61,10.02,79.11,52897.5
-23.17,150.92,2020-12-12,2.51,484.5,46,0.41,13.88,249.79,4.93,9.06,5059.2
-23.17,150.95,2020-12-13,2.48,366,41,0.42,19.93,468.41,6.27,17.98,5860.5
-23.16,113.76,2019-08-17,2.8,541.6,63,0.45,18,195.66,6.7,22.44,17295.3
-23.16,113.76,2021-08-06,3.22,456.2,57,0.53,22.96,359.02,8.58,39.23,22972.4
-23.16,113.76,2022-08-09,2.96,387.4,60,0.5,21.75,308.85,10.5,58.1,22087.7
-23.16,150.92,2020-12-13,2.66,446.4,51,0.44,17.98,255.11,6.84,8.88,7304
-23.16,150.96,2020-12-13,2.46,265.3,33,0.44,13.85,204.17,6.8,24.96,6441.5
-23.16,151.07,2020-12-14,1.07,2259.4,62,0.14,8.89,72.74,5.26,16.83,57710.2
-23.14,113.75,2019-08-18,2.01,668.8,55,0.31,14.96,129.68,5.31,26.02,15811.3
-23.14,113.75,2021-08-07,2.91,419.6,68,0.48,16.44,248.8,7.68,62.11,22628.5
-23.14,113.75,2022-08-09,3.34,562,84,0.53,22.32,318.42,9.44,66.04,44441.9
-23.14,113.77,2019-08-21,2.74,259.7,55,0.49,26.61,315.6,10.26,36.21,16048
-23.14,113.77,2021-08-10,3.47,104.2,43,0.75,25,521.6,11.63,83.1,9232.3
-23.14,113.77,2022-08-10,0.58,2116.2,41,0.08,12.62,59.66,6.63,33.85,24723.4
-23.13,113.74,2021-08-09,3.26,217.6,53,0.61,35.85,768.94,15.31,96.65,37234.6
-23.13,113.74,2022-08-06,3.36,213,58,0.63,31.62,661.25,14.12,124.14,28616.1
-23.13,113.75,2019-08-18,2.89,335.7,60,0.5,20.81,340.38,8.86,55.67,14344.6
-23.13,113.75,2021-08-10,2.96,655.9,78,0.46,25.19,291.65,12.5,55.1,115627.5
-23.13,113.75,2022-08-07,2.96,720.1,75,0.45,27.62,277.81,16.58,110.79,170269.2
-23.13,113.76,2019-08-15,2.81,245.6,49,0.51,30.82,476.69,9.15,25.05,15884.3
-23.13,113.76,2021-08-10,3.53,353.5,67,0.6,26.6,434.87,11.1,45.83,26597.7
-23.13,113.76,2022-08-05,3.26,172.4,48,0.63,30.8,377.13,12.27,44.05,15961.2
-23.12,113.76,2019-08-15,3.71,262.5,74,0.67,27.95,526.47,12.06,57.58,22877.4
-23.12,113.76,2021-08-05,2.61,521.5,57,0.42,16.38,226.17,7.45,23.95,19865.2
-23.12,113.76,2022-08-07,2.29,938,61,0.33,22.77,188.51,14.15,61.48,180599.9
-23.11,113.75,2019-08-16,3.18,456.2,88,0.52,26.15,314.91,13.2,69.22,69549
-23.11,113.75,2021-08-05,2.81,558,69,0.44,21.97,243.05,11.03,48.69,56995.5
-23.11,113.75,2022-08-05,3.37,392.7,82,0.56,19.4,350.22,10.36,80.05,29805.9
-23.1,113.79,2019-08-20,2.79,433.6,62,0.46,23.15,352.71,9.17,36.54,24814.1
-23.1,113.79,2022-08-12,2.18,529.2,59,0.35,14.81,147,6.82,24.11,13238.4
-23.09,113.74,2019-08-16,3.7,236.1,67,0.68,29.86,687.84,13.04,116.82,35369.3
-23.09,113.74,2021-08-12,4.01,216.6,81,0.75,29.82,921.9,16.1,287.49,33841.1
-23.09,113.74,2022-08-11,3.5,403.1,88,0.58,21.41,353.75,10.78,93.04,38365.9
-23.04,113.82,2019-08-20,3.4,450.2,88,0.56,20.72,415.06,9.43,73.1,36306.6
-23.04,113.82,2021-08-06,3.67,273.4,77,0.65,23.04,399.66,11.19,88.08,32496.2
-23.04,113.82,2022-08-11,3.43,316.4,70,0.6,23.91,525.51,10.31,50.39,26297.6
-22.93,113.78,2019-08-22,3.76,436.8,94,0.62,30.14,1175.82,11.41,132.25,65908.3
-22.93,113.78,2021-08-08,3.63,456,96,0.59,18.52,356.98,8.63,65.41,29682.5
-22.93,113.78,2022-08-05,3.6,348.6,88,0.61,18.58,259.22,8.3,38.31,18019.5
-22.87,113.76,2019-08-22,4.02,282.8,92,0.71,29.39,666,13.34,133.42,59969.8
-22.87,113.76,2021-08-08,3.85,358.4,81,0.65,26.21,595,11.06,78.85,34854.8
-22.87,113.76,2022-08-05,3.65,285,80,0.65,27.09,301.66,13.56,62.14,44274.4
-22.37,152.54,2020-12-20,3.33,309.7,73,0.58,20.69,254.72,10.68,69.89,22854.5
-22.37,152.55,2020-12-20,3.71,271.4,84,0.66,21.43,217.61,11.22,68.99,22127.9
-22.37,166.27,2021-11-13,2.93,643.4,78,0.45,33.85,368.27,13.51,96.8,69972
-22.36,166.26,2021-12-04,3.68,572.3,119,0.58,34.97,868.51,17.41,189.14,159384.2
-22.34,166.24,2021-12-21,3.71,382.1,75,0.62,25.54,167.68,12.78,26.05,31748.9
-22.33,166.22,2021-12-21,3.21,499.5,65,0.52,25.21,420.85,12.86,62.92,57813.1
-22.3,166.44,2022-01-14,2.12,1469.5,61,0.29,10.47,99.94,4.46,8.05,11028.5
-22.19,155.36,2019-12-08,3.45,576.3,113,0.54,19.39,223.12,6.54,52.19,31733.5
-22.18,155.47,2019-12-07,3.13,292,73,0.55,28.59,250.24,8.13,89.26,22338.1
-22.17,155.45,2019-12-07,3.58,109,51,0.76,24.55,332.82,12.53,96.43,13099.3
-22.17,155.48,2019-12-07,3.47,94.8,41,0.76,24.64,459.96,11.41,227.11,33477.3
-22.16,155.45,2019-12-07,2.21,852.3,68,0.33,10.41,63.89,4.35,18.76,15484.2
-22.1,113.88,2021-08-07,3.74,267.3,71,0.67,25.85,363.16,9.73,31.08,16439.3
-22.1,113.88,2022-08-12,2.52,429.2,64,0.42,21.07,270.53,10.55,62.38,34122.5
-22.02,165.92,2021-11-27,3.11,708.2,72,0.47,25.31,526.33,12.42,94.86,98207.2
-21.92,153.58,2020-12-22,3.81,309.5,85,0.66,24.46,397.37,10.68,70.13,33271.7
-21.92,153.59,2020-12-22,3.92,139.3,71,0.79,25,318.4,13.19,83.15,17198.1
-21.9,153.54,2020-12-23,3.51,626.4,106,0.54,19.36,175.54,8.69,28.23,32128.4
-21.87,114.16,2019-08-19,3.62,367.7,81,0.61,26.76,580.16,12.3,76.71,47939.5
-21.87,114.16,2021-08-09,3.31,1021.1,106,0.48,28.91,353.34,10.81,26.5,57434.4
-21.85,114.17,2019-08-20,3.49,402.8,81,0.58,21.77,284.23,8.45,29.79,16448.5
-21.85,114.17,2021-08-08,3.73,737.8,112,0.57,21.13,342.99,8.41,42.51,39351.4
-21.85,153.52,2020-12-23,3.78,171.8,66,0.73,24.57,307.54,10.69,56.71,15520
-21.84,114.18,2019-08-18,2.92,291,64,0.51,18.72,272.48,9.31,54.49,21370.5
-21.84,114.18,2019-08-19,3.45,274.1,68,0.61,26.87,366.22,12.52,56.67,39249.8
-21.84,114.18,2021-08-08,3.32,707.8,77,0.51,18,215.08,7.71,25.25,27387.2
-21.84,114.18,2021-08-09,3.66,553.1,89,0.58,21.4,320.99,9.54,37.31,34929.8
-21.84,114.18,2022-08-11,3.27,549.2,92,0.52,16.56,227.41,8.06,34.21,24580.3
-21.69,165.46,2022-08-07,2.55,281.9,38,0.45,22.67,211.51,10.98,32.86,16590.4
-21.69,165.46,2022-08-14,3.58,78.7,42,0.82,22.23,210.08,11.98,27.18,6383.4
-21.65,150.24,2019-12-11,2.25,400.5,40,0.38,13.09,226.71,5.17,23.54,6914.8
-21.64,150.25,2019-12-10,2.32,807.7,50,0.35,10.78,89.1,4.22,16.09,9875.9
-21.62,150.25,2019-12-11,2.17,614.2,42,0.34,11.23,156.97,4.87,36.19,16385.9
-21.61,165.34,2022-08-06,3.11,239.9,55,0.57,16.31,357.34,9.46,141.55,55526.9
-21.48,151.19,2020-12-10,1.73,1624.6,67,0.23,9.59,140.37,4.76,12.53,16875.6
-21.46,151.47,2019-11-28,1.26,2462.6,69,0.16,11.98,38.31,3.27,15.3,29488.4
-21.45,151.47,2019-11-28,3.09,395.5,57,0.52,10.7,97.01,5.07,22.14,7228.7
-21.43,151.58,2019-11-28,1.68,1192.9,60,0.24,15.15,111.14,5.76,50.05,44076.4
-21.41,151.64,2019-11-29,3.08,468.3,79,0.5,16.08,203.88,8.5,66.51,32989.1
-21.25,155.76,2019-12-05,3.44,212.1,61,0.64,20.88,425.01,10.36,117.84,24916.3
-21.25,155.76,2019-12-06,3.55,528.4,121,0.57,21.33,205.93,6.73,36.18,18089.6
-21.21,151.98,2019-11-30,2.93,536.2,67,0.47,12.33,80.52,4.98,18.77,10148.9
-21.21,152.24,2019-11-30,2.37,601.4,93,0.37,26.32,207.24,5.16,38.77,18336.4
-21.21,155.77,2019-12-04,1.37,3019.2,44,0.17,7.87,41.5,2.86,4.9,9230.6
-21.2,155.77,2019-12-04,3.04,995.8,107,0.44,21.48,424.23,7.07,101.08,151182.8
-21.18,152.54,2019-12-01,1.02,2252.8,86,0.13,13.89,92.52,3.92,26.24,42532
-21.16,151.75,2019-11-29,2.94,400,69,0.49,21.23,245.07,9.76,50.29,22647.5
-21.14,155.75,2019-12-05,3.19,301.5,70,0.56,17.19,198.95,8.47,44.48,14913.7
-21.13,152.76,2019-12-01,3.76,216.1,75,0.7,23.65,490.02,12.11,130.18,38638.3
-21.13,155.74,2019-12-05,3.17,80.4,37,0.72,18.83,121.59,8.73,39.33,4912.2
-21.12,152.77,2019-12-01,3.27,437.5,81,0.54,28.18,350.92,16.44,96.62,89139.2
-21.07,150.46,2019-11-27,2.78,424.3,63,0.46,10.38,135.52,4.79,19.4,6044.9
-21.02,154.37,2019-12-03,3.86,251.5,91,0.7,26.12,205.05,10.46,70.55,23845.7
-20.94,154.4,2019-12-02,3.31,170.8,49,0.64,17.5,148.86,7.94,27.83,6528.5
-20.94,154.4,2019-12-03,3.54,404.4,103,0.59,19.73,383.18,8.17,101.59,22012.2
-20.8,149.26,2020-03-09,1.95,473.7,45,0.32,12.74,213.47,4.11,28.47,9724.1
-20.8,149.27,2020-03-08,2.3,448.6,46,0.38,19.34,584.29,6.47,55.58,12779.9
-20.69,149.14,2019-12-12,2.69,446.8,55,0.44,16.99,356.73,6.31,44.99,17512.6
-20.68,149.14,2019-12-12,1.92,307.2,24,0.34,11.03,180.64,3.43,11.61,2541
-20.68,149.18,2020-03-07,2.54,386.2,34,0.43,26.84,518.07,5.84,9.61,4031.5
-20.62,116.51,2021-06-06,3.22,450.3,59,0.53,16.92,297.94,6.65,27.71,12897.2
-20.62,116.52,2021-06-06,2.5,1015.3,66,0.36,12.64,133.39,5.56,20.01,16158.5
-20.61,116.46,2021-06-04,1.53,1528.9,72,0.21,15.06,347.01,6.19,34.78,27677.4
-20.61,116.6,2021-06-03,2.22,685.6,58,0.34,27.24,589.68,7.95,31.66,26292.7
-20.58,116.53,2021-06-06,3.12,94.2,32,0.69,24.69,432.75,10.91,60.41,3667.9
-20.58,116.54,2021-06-03,2.86,74.2,27,0.66,25.74,535.43,7.9,11.52,1351.1
-20.58,116.57,2021-06-05,2.94,417.1,57,0.49,19.8,416.46,8.45,41.86,20132.4
-20.57,116.54,2021-06-03,2.97,135.2,40,0.61,26.43,613.14,9.98,32.62,6822.8
-20.57,116.58,2021-06-06,2.43,678.8,45,0.37,22.65,497.33,6.43,23.86,20182.2
-20.57,116.61,2021-06-03,1.95,577.7,45,0.31,12.46,147.81,5.36,29.93,16269.9
-20.55,116.63,2021-06-05,2.18,520.1,30,0.35,36.21,1974.24,12.77,163.69,68172
-20.55,116.64,2021-06-04,2.59,273,42,0.46,22.32,592.38,8.49,52.48,16492.9
-20.54,116.53,2021-06-05,2.49,68.3,23,0.59,23.65,309.28,9.97,27.31,1759.7
-20.53,116.66,2021-06-04,2.77,1137.3,61,0.39,20.5,312.65,8.14,33.81,40006
-20.51,116.65,2021-06-07,2.77,246.1,52,0.5,26.53,560.99,8.09,26.5,7913.1
-20.38,148.89,2019-12-13,2.06,292.8,41,0.36,17.55,332.7,7.23,58.73,14718.6
-20.16,149.04,2020-03-06,2.87,1420.5,69,0.39,19.53,460.78,4.86,14.79,9993.4
-20.16,149.04,2021-01-03,3.14,380.2,61,0.53,12.88,277.91,4.52,8.27,3100.4
-20.11,148.94,2021-01-05,3.63,265,71,0.65,20.88,388.91,9.25,41.53,14309.3
-20.09,148.91,2020-10-13,2.66,502.5,53,0.43,17.13,321.9,5.84,37.53,15364.2
-20.09,148.95,2021-01-05,3.37,518.3,75,0.54,18.25,449.91,6.94,81.9,66393.1
-20.08,148.88,2020-03-04,2.98,458.2,68,0.49,29.19,524.66,9.35,64.56,25227.5
-20.07,148.93,2020-10-13,2.48,441.6,57,0.41,10.01,123.21,4.32,20.31,6841.3
-20.07,148.93,2021-01-04,3.15,544,87,0.5,10.67,211.79,5.49,25.81,13244.6
-20.07,148.93,2021-08-05,1.75,903.4,68,0.26,7.91,146.73,5.25,14.86,12518.2
-20.07,148.95,2020-03-14,3.31,255.5,61,0.6,15.63,295.66,5.85,44.57,7743.9
-20.06,148.92,2020-10-13,3.27,328.9,77,0.56,22.55,462.83,10.21,85.7,31390.9
-20.05,148.88,2019-05-04,2.68,523.6,64,0.43,13.35,149.31,6.14,35.5,16770.1
-20.05,148.88,2021-01-04,3.64,281.8,68,0.65,16.36,213.06,6.82,33.19,11384.1
-20.04,148.88,2019-05-03,3.14,243,65,0.57,19.02,395.97,9.05,73.58,18450.9
-20.04,148.88,2019-05-04,3.22,290.8,61,0.57,21.03,375.01,9.59,81.37,23029.4
-20.04,148.88,2020-03-05,3.12,833.6,102,0.46,30.94,657.85,12,99.54,46608.2
-20.04,148.88,2021-08-05,3.54,261.4,67,0.64,25.64,432.82,10.78,44.73,18653.8
-20.03,149.7,2020-12-08,2.56,1263.8,65,0.36,15.82,162.84,6.6,20.93,23416.3
-19.83,149.48,2019-11-25,1.3,4044.2,85,0.16,12.48,48.45,5.73,14.38,56415.5
-19.81,149.07,2019-05-10,3.07,537.1,71,0.49,16.17,292.23,6.99,40.87,19280.5
-19.81,149.07,2021-08-06,2.93,503.9,70,0.47,29.71,585.45,10.31,51.97,36186.2
-19.81,149.13,2020-12-08,3.4,358.5,82,0.58,17.71,197.13,9.26,41.74,20739.2
-19.81,149.42,2019-11-25,2.34,1230.3,71,0.33,14.42,74.78,5.38,28.1,30403.1
-19.8,149.08,2019-05-10,2.95,379.2,67,0.5,15.22,223,8.39,67.47,25819
-19.79,149.07,2019-05-09,2.49,580.4,63,0.39,13.22,198.81,6.62,41.98,21804.4
-19.79,149.07,2021-08-07,2.88,906,77,0.42,14.47,287.48,7.57,83.45,67134.9
-19.77,149.37,2019-11-24,1.93,819.9,64,0.29,12.97,69.92,3.97,16.62,10739.8
-19.77,149.38,2019-11-24,2.34,930.5,84,0.34,16.89,207.82,7.74,35.28,32752.9
-19.3,152.24,2019-05-08,3.46,228.7,71,0.64,17.3,445.19,8.03,73.49,16855.7
-19.28,152.21,2019-05-08,3.66,200.1,59,0.69,20.51,277.61,10.38,62.53,16942.7
-19.28,152.22,2019-05-08,3.45,153.6,54,0.69,19.31,238.4,8.22,61.62,9249.7
-19.27,148.34,2021-11-23,2.66,640.8,56,0.41,11.22,98.3,5.15,14.33,9072.1
-19.27,148.35,2021-11-23,3,697.8,76,0.46,16.76,207.33,8.32,54.58,31842
-19.26,152.34,2019-05-06,3.1,302.4,64,0.54,21.82,436.71,10.19,116.76,43641.8
-19.26,152.34,2020-12-27,3.75,252.2,78,0.68,22.45,301.31,10.52,52.73,22148.3
-19.26,152.35,2019-05-07,3.07,165.9,47,0.6,17.33,179.13,6.91,25.14,4356.9
-19.26,152.35,2020-12-26,3.29,106.6,40,0.7,27.73,326.89,14.21,92.22,14015.8
-19.25,152.35,2019-05-06,3.07,133.8,48,0.63,23.16,115.74,7.92,15.57,3754.3
-19.25,152.35,2020-12-25,3.94,162.1,68,0.77,22.9,221.19,11.55,46.1,15888
-19.24,152.36,2020-12-27,3.51,160.7,62,0.69,28.18,539.59,15.79,205.92,41312.9
-19.23,152.33,2019-05-06,3.35,165.5,53,0.66,20.28,176.04,9.46,58.1,12685.2
-19.23,152.33,2020-12-26,3.75,329.8,76,0.65,19.2,283.78,8.88,33.24,20366.3
-19.18,152.27,2020-12-29,2.97,321.3,62,0.52,12.69,169.71,6.85,34.28,11919.4
-19.17,152.27,2020-12-29,2.4,595.5,64,0.38,16.59,178.51,9.77,67.12,41640.2
-19.13,152.39,2019-05-07,3.75,144.4,56,0.75,20.32,210.7,9.15,35.05,8048.1
-19.13,152.39,2020-12-28,3.92,211.8,81,0.73,21.95,241.35,11.07,36.46,15735.5
-19.1,152.39,2019-05-07,3.64,114.6,56,0.77,33.28,908.45,14.51,143.79,28411.1
-19.1,152.39,2020-12-27,3.81,138.3,68,0.77,26.3,353.32,11.64,33.7,11582.9
-18.99,152.34,2020-12-28,3.1,328.3,65,0.54,21.81,448.98,10.06,67.19,19804.6
-18.99,152.35,2020-12-28,2.6,411.5,68,0.43,15.31,244.74,7.57,58.01,23713.3
-18.87,147.71,2020-10-14,3.33,852.2,108,0.49,16.53,342.36,5.62,41.38,17399.6
-18.27,147.38,2021-11-22,3.15,576.6,72,0.5,20.23,275.09,9.86,87.26,50056.7
-18.26,147.38,2021-11-22,3.1,390.6,71,0.52,19.55,206.1,9.21,49.02,25185.6
-18.14,146.28,2020-10-15,2.58,474,46,0.42,16.25,242.51,5.06,10.43,4765.3
-18.04,146.18,2020-10-16,2.4,293.6,38,0.42,12.67,169.44,5.21,19.53,4604.1
-18.04,146.2,2020-10-16,2,481.8,38,0.32,12.26,173.77,5.12,21.18,7951.1
-17.72,148.44,2020-11-29,3.29,408.8,91,0.55,15.91,298.16,6.5,52.35,19502.2
-17.71,148.44,2020-11-28,3.34,265.7,61,0.6,19.27,213.97,9.74,54.12,15251.5
-17.71,148.46,2020-11-30,2.91,427.4,63,0.48,18.53,186.71,8.91,45.92,22488.1
-17.7,148.46,2020-11-30,2.69,455.6,73,0.44,20.15,178.67,11.59,44.35,32726.4
-17.52,146.5,2021-11-21,3.29,2011.9,140,0.43,16.27,205.91,5.61,26.42,45938.6
-17.44,151.07,2021-08-09,3.13,373.4,80,0.53,23.33,120.55,7.2,39.87,15890.2
-17.43,151.07,2021-08-08,3.81,173.3,68,0.74,17.26,152.76,9.24,39.49,10617.2
-17.42,151.07,2021-08-09,3.44,291.2,81,0.61,17.11,220.35,8.14,50.41,17479.7
-17.23,146.09,2021-11-20,2.28,597.6,43,0.36,10.76,69.35,4.23,8.84,4809.9
-17.23,146.1,2021-11-20,2.15,180,34,0.41,12.98,91.32,6.54,18.84,4520.9
-17.22,146.09,2021-11-20,3.3,243.3,63,0.6,17.07,208.31,8.17,47.27,13264.9
-16.94,149.2,2020-11-26,2.8,212.5,60,0.52,16.56,149.14,7.27,37.98,8918.9
-16.94,149.99,2021-08-08,2.91,100.3,35,0.63,18.93,151.67,9.13,35.67,5247.5
-16.94,149.99,2021-08-10,3.39,162.7,51,0.67,20.37,336.19,10.44,60.8,12685.3
-16.94,150,2021-08-10,3.33,152.3,48,0.66,24.7,361.22,11.94,105.37,16603.3
-16.93,145.98,2020-11-21,2.58,388,60,0.43,18.1,219.57,9.48,81.62,31468.1
-16.93,145.98,2021-05-19,3.08,265.8,51,0.55,14.04,111.32,6.53,20.32,6692.8
-16.93,145.99,2021-05-21,2.62,140.2,35,0.53,12.31,58.35,5.51,11.11,2082.6
-16.93,145.99,2022-06-09,2.84,1544.5,87,0.39,23.99,935.69,10.03,132.88,110372.2
-16.93,149.19,2020-11-25,2.12,594.8,51,0.33,12.39,112.79,5.49,34.29,17009.1
-16.93,149.2,2020-11-25,3.28,266.8,72,0.59,16.95,236.14,7.73,65.09,17253.4
-16.93,150,2021-08-08,2.67,322.2,40,0.46,16.98,82.43,8.36,18.79,10105.8
-16.93,150,2021-08-10,3.04,741.6,92,0.46,20.08,122.77,8.92,24.44,26010.1
-16.92,146,2020-11-22,2.52,362,44,0.43,12.46,77.05,5.92,27.4,9254.4
-16.92,149.19,2020-11-27,2.66,546.3,55,0.42,15.68,357.21,7.7,85.61,43017.9
-16.92,149.2,2020-11-25,2.91,301.7,67,0.51,18.29,335.18,8.54,95.74,27686.5
-16.79,146.27,2021-05-22,3.1,990.6,127,0.45,9.96,141.32,4.87,26.32,21055
-16.78,146.27,2021-05-23,3.19,979.6,100,0.46,14.43,124.74,6.29,29.64,24896.5
-16.73,146.27,2020-10-17,4.14,497.8,141,0.67,19.53,257.68,8.94,70.55,36735.1
-16.73,146.27,2021-05-23,3.55,257.2,71,0.64,15.5,149.77,6.98,48.3,12125.7
-16.73,146.27,2021-05-24,4.07,748.7,154,0.61,16.19,200.51,8.3,60.58,46372
-16.6,145.97,2020-11-19,3.47,382.4,77,0.58,13.41,110.38,4.95,27.04,9253.8
-16.55,146.04,2020-11-20,3.88,533.2,120,0.62,15.72,316.84,6.37,78.84,24428.1
-16.53,150.27,2021-08-11,3.33,255.1,67,0.6,17.81,283.81,8.29,54.43,15910.4
-16.53,150.27,2021-08-12,3.41,522.3,82,0.54,19.75,353.28,10.1,103.4,40686.8
-16.53,150.28,2021-08-11,3.53,286.7,71,0.62,21.37,522.55,8.75,153.75,21673.8
-16.52,150.28,2021-08-12,3.77,377.9,80,0.64,21.09,159.94,10.43,49.91,32969.1
-16.51,147.84,2020-11-24,2.93,397.6,75,0.49,17.04,275.65,8.49,72.81,27316.4
-16.5,147.84,2020-11-23,3.44,266.2,80,0.62,23.01,277.57,12.13,80.05,28668.8
-16.5,147.84,2020-11-24,3.46,190.8,64,0.66,24.22,159.92,13.96,71.39,24374.3
-16.49,147.84,2020-11-24,3.52,425.7,71,0.58,25,736.26,10.45,102.09,41479.3
-16.49,147.85,2020-11-24,3.74,162.7,66,0.74,23.7,313.94,11.63,83.75,17761
-16.3,149.96,2021-08-13,3.36,252.7,68,0.61,19.13,141.07,9.47,40.66,14908.5
-16.29,149.96,2021-08-13,3.8,275.5,77,0.68,26.17,343.17,13.16,132.57,44738.9
-16.21,145.78,2020-11-16,3.02,561.7,84,0.48,17.08,219.62,6.25,45.27,23885.1
-16.21,145.79,2020-11-16,4.01,253,81,0.72,19.51,227.88,7.7,53.6,13773.4
-15.98,145.83,2020-11-15,3.11,289.2,78,0.55,25.48,148.44,13.84,53.76,28697.8
-15.97,145.82,2020-11-15,3.31,825.2,107,0.49,15.79,292.86,6.47,64.26,44728.6
-15.96,145.8,2020-11-15,2.6,643.6,76,0.4,13.11,100.34,5.07,22.45,13409.7
-15.49,147.09,2020-10-18,2.62,1244.4,78,0.37,16.22,428.93,6.32,145.94,144718.5
-15.49,147.11,2020-10-18,3.88,375.6,79,0.66,37.3,1249.33,15.88,271.51,135040
-15.48,147.1,2020-10-18,3.06,1157.1,111,0.43,15.54,272.2,5.88,61.97,54279.6
-15.48,147.11,2020-10-18,2.98,83.4,31,0.67,18.84,105.86,6.14,23.52,2160.7
-14.66,145.45,2020-11-14,3.56,264.6,71,0.64,14.32,118.74,5.01,32.17,6902.1
-14.66,145.45,2021-11-15,3.74,624.6,104,0.58,13.42,108.35,4.67,21.7,11234.1
-14.66,145.66,2020-11-14,3.82,337.3,94,0.66,18.97,345.03,7.81,68.03,22187.9
-14.65,145.45,2020-11-13,2.74,583.2,61,0.43,14.32,214.22,6.07,67.67,30067.2
-14.65,145.45,2020-11-14,3.44,544.3,86,0.55,14,140.91,5.57,22.1,10777.3
-14.52,145.53,2021-11-15,3.25,543.1,79,0.52,19.73,170.8,5.88,28.17,13579.5
-14.51,145.52,2021-11-15,2.96,462.9,78,0.48,15.65,260.95,7.34,41.66,17099.4
-14.11,123.56,2019-01-07,2.79,618.6,59,0.43,14.54,121.69,6.35,49.36,29047.7
-14.1,123.55,2019-01-07,3.05,1397.8,127,0.42,15.33,197.79,7.16,73.17,94523.5
-14.06,125.36,2019-01-08,2.18,2214.1,66,0.28,15.47,299.68,5.85,43.84,134774.2
-13.99,146.69,2020-10-21,3.64,426.8,101,0.6,19.98,274.25,8.49,53.53,27993.3
-13.98,146.68,2020-10-21,3.61,323.2,82,0.63,20.13,345.85,10.22,141.65,74400.2
-13.97,146.67,2020-10-22,3.45,474.7,82,0.56,19.16,257.39,9.49,72,35741.5
-13.97,146.68,2020-10-21,4.22,323.4,104,0.73,27.58,349.4,13.28,81.97,45715.6
-13.94,125.64,2019-01-09,2.28,2094.9,90,0.3,13.6,110.13,4.44,19.11,38159.4
-13.89,146.55,2020-10-22,3.46,474.4,86,0.56,16.91,157.7,8.45,70.3,33014.3
-13.89,146.57,2020-10-20,2.71,385.1,65,0.46,26.5,154.92,14.83,69.55,54292.2
-13.89,146.57,2020-10-22,3.96,327.4,86,0.68,21.41,276.75,9.65,71.16,27582.1
-13.88,146.56,2020-10-20,3.38,323,80,0.58,19.85,359.14,8.27,93.26,35861.6
-13.87,146.58,2020-10-20,3.82,278.3,87,0.68,28.25,387.13,10.92,30.99,17137.6
-13.86,146.62,2020-10-19,3.8,170,69,0.74,22.65,247.27,9.43,56.37,12714.3
-13.85,146.63,2020-10-19,2.59,252.2,42,0.47,15.97,44.96,5.04,6.54,1972.7
-13.82,127.27,2019-01-10,2.63,526.7,43,0.42,16.27,221.02,6.48,49.97,20627.5
-13.82,127.27,2021-10-18,2.91,166.2,43,0.57,23.52,762.71,11.98,135.56,22860.2
-13.82,144.28,2020-11-12,3.19,563.7,93,0.5,15.17,254.49,6.39,57.92,27876.4
-13.8,146.55,2020-10-22,3.06,590.8,81,0.48,16.7,220.65,8.08,69.56,39312.6
-12.89,136.73,2021-11-05,1.51,656.4,35,0.23,13.78,392.52,5.65,74.68,34562.3
-12.88,136.71,2021-11-05,1.69,1155.5,43,0.24,12.88,274.31,5.58,84.33,70954.5
-12.88,136.73,2021-11-05,1.45,1614.7,42,0.2,10.34,88.62,3.8,29.07,38347.8
-12.8,124.27,2021-10-16,1.42,958.8,55,0.21,11.21,89.21,4.88,30.32,28092
-12.56,124.04,2021-10-16,1.31,1029.7,67,0.19,11.52,77.85,4.92,31.05,31517.7
-12.54,123.57,2021-10-15,2.23,716.7,74,0.34,15.44,250.12,8.15,104.98,75761.2
-12.53,123.57,2019-01-05,3.99,461.2,114,0.65,28.81,764.03,13.29,164.88,76320.7
-12.53,123.57,2021-10-15,3.5,518.4,83,0.56,19.6,259.99,7.89,52.29,30107.4
-12.53,123.58,2019-01-05,3.38,1310.3,128,0.47,25.75,433.34,9.17,58.3,103422.5
-12.53,123.58,2019-01-06,3.09,420.1,80,0.51,19.54,220.08,10.08,118.31,45305.4
-12.53,123.58,2021-10-15,2.64,1103.7,107,0.38,16.69,298.87,7.15,62.06,79249.6
-12.52,123.56,2019-01-06,4.3,771.3,150,0.65,25.79,451.95,11.21,126.58,90299
-12.52,123.56,2021-10-15,2.6,2355.7,126,0.34,11.45,123.14,5.43,28.92,69571.1
-12.52,123.57,2019-01-06,3.78,670.5,117,0.58,21.57,378.4,10.04,100.51,70750.6
-12.49,130.79,2021-09-29,2.3,58.6,18,0.56,34.5,496.55,15.2,69.96,6699.4
-12.48,130.79,2021-09-29,1.81,85.4,16,0.41,42.11,440.1,16.67,38.06,7815.3
-12.42,130.81,2021-09-30,2.87,46.4,23,0.75,27.9,684.9,13.3,91.7,6355.1
-12.41,130.79,2021-09-30,2.48,27.6,14,0.75,26.77,628.32,13.96,104.95,4717.9
-12.41,130.81,2021-09-30,2.51,185.2,36,0.48,23.42,675.03,9.97,94.62,20307.6
-12.3,143.42,2020-11-07,3.06,549.4,73,0.49,17.19,236.33,7.26,47.26,25494.2
-12.29,143.4,2020-11-09,3.07,707.7,87,0.47,11.35,278.12,5.48,44.34,27639.8
-12.28,143.4,2020-11-08,3.1,726.2,74,0.47,21.17,434.6,10.85,87.94,72149.8
-12.28,143.41,2020-11-08,2.18,1355,106,0.3,14.58,151.44,5.25,37.15,40132.3
-12.24,122.98,2019-01-01,3.69,640.3,93,0.57,15.09,180.78,5.93,30.11,16089.2
-12.24,122.98,2021-10-12,3.4,673.8,118,0.52,14.67,151.1,5.71,29.37,19990.5
-12.24,122.99,2019-01-01,3.71,480.4,87,0.6,20.8,227.11,9.21,43.55,25356
-12.24,122.99,2021-10-11,3.6,824.8,133,0.54,13.32,170.89,6.4,40.44,33404.7
-12.24,123,2021-10-12,3.66,1127.6,134,0.52,16.64,269.65,8.91,84.15,103460.8
-12.22,123,2019-01-01,3.61,593,103,0.57,18.12,351.14,8.22,75.6,42993.8
-12.22,123,2021-10-11,3.37,931.5,109,0.49,14.32,153.66,5.23,36.96,28281.8
-12.22,123.01,2021-10-11,3.45,657.3,97,0.53,15.63,177.41,8.69,81.65,69121.2
-12.21,123.04,2021-10-13,2.37,529.4,60,0.38,10.57,60.28,3.73,9.02,3582.4
-12.21,123.05,2021-10-13,2.57,1894.9,91,0.34,15.26,165.19,6.48,69.82,104120.5
-12.2,123.03,2021-10-13,2.67,462.1,86,0.44,16.26,242.77,6.2,36.61,15756.4
-12.2,123.04,2021-10-13,1.48,459.5,41,0.24,10.85,231.31,5.1,30.49,4318.1
-12.19,123.08,2021-10-14,1.49,1318.2,84,0.21,11.58,235.42,4.69,48.77,43441.3
-12.18,123.07,2021-10-14,3.74,530.6,114,0.6,23.9,377.88,10.82,107.41,77861.9
-12.17,123.06,2021-10-14,3.61,217.3,60,0.67,20.92,553.29,9.33,59.81,13627.5
-12.1,143.26,2020-11-07,2.83,765.4,69,0.43,16.56,521.97,6.92,81.98,47303.8
-12.09,143.25,2020-11-07,2.83,396.5,60,0.47,21.31,778.97,8.87,119.92,40652.6
-12.09,143.26,2020-11-06,2.89,1063.6,75,0.41,16.64,240.42,7.42,51.3,54380.8
-12.06,136.61,2021-11-04,2.31,751,55,0.35,13.39,251.45,4.92,34.97,19864.6
-11.98,123.33,2019-01-02,2.65,1100.9,77,0.38,15.25,63.99,5.62,9.05,12105.3
-11.98,123.34,2019-01-02,3.43,438.7,75,0.56,20.98,237.09,8.2,36.67,21830.7
-11.98,123.34,2019-01-03,3.21,809.3,101,0.48,16.33,278.1,7.58,62.23,44656
-11.98,123.34,2021-10-10,2.46,613.2,68,0.38,14.83,171.72,5.1,40.29,18684.5
-11.98,123.36,2019-01-03,3.35,652.4,107,0.52,17.46,247.56,6.63,28.94,19362.9
-11.98,123.36,2021-10-10,3.2,603.4,87,0.5,12.37,117.88,6.15,25,15988.5
-11.98,123.38,2019-01-04,3.78,190.3,66,0.72,19.95,193.64,7.94,29.03,7097.2
-11.97,123.32,2019-01-02,3.23,600.8,94,0.5,17.01,184.03,7.36,42.27,28961.8
-11.97,123.34,2019-01-02,2.9,527,72,0.46,17.99,85.6,8.25,19.32,16491.7
-11.97,123.36,2019-01-03,1.8,1065.1,75,0.26,15.18,104.6,6.42,16.5,18384.9
-11.97,123.38,2019-01-04,4.07,454.9,118,0.67,19.84,213.43,9.11,45.79,29118.8
-11.97,123.38,2021-10-10,1.82,7555.9,125,0.2,8.2,31.59,3.95,5.58,36222.2
-11.97,123.39,2019-01-04,3.57,367.8,79,0.6,18.53,189.06,9.18,64.39,20888.6
-11.97,123.39,2021-10-10,3.35,430.1,84,0.55,14.71,161.62,10.05,69.6,40540
-11.94,135.6,2021-09-04,2.53,109.7,26,0.54,20.19,432.19,8.61,58.5,7905.3
-11.77,143.65,2021-11-12,2.79,765.3,69,0.42,14.16,129.12,5.77,28.67,20499.3
-11.76,143.65,2021-11-12,2.63,694.4,83,0.4,14.72,221.04,6.26,47.2,33060.1
-11.73,123.99,2021-10-09,1.69,1144.4,73,0.24,12.55,157.58,5.23,46.88,48359.1
-11.72,125.02,2021-10-08,2.52,1200.7,93,0.36,12.88,122.16,5.46,40.65,46529.9
-11.66,125.11,2021-10-08,2.11,1618.3,89,0.29,11.49,79.76,4.3,17.88,25282.4
-11.66,136.83,2021-09-03,2.26,566.4,40,0.36,20.06,242.41,8.35,55.68,32904.2
-11.65,136.91,2021-09-02,1.84,693.2,28,0.28,16.73,223.74,7.6,68.57,28393.1
-11.63,136.93,2021-09-02,2.1,346.1,33,0.36,21.52,486.01,8.88,115.84,53492.8
-11.44,134.14,2019-01-22,2,250.2,30,0.36,21.89,577.35,11.87,110.03,17174.5
-11.44,134.14,2021-09-05,1.24,692,34,0.19,15.59,358.23,5.89,62.65,33621.9
-11.43,134.13,2021-09-05,0.95,496.3,25,0.15,15.3,351.03,5.99,66.81,22256.4
-11.3,133.8,2019-01-21,2.72,98.7,28,0.59,23.7,586.91,11.07,97,9658.8
-11.3,133.8,2021-09-05,1.6,313.9,25,0.28,30.97,682.73,12.15,102.57,37322
-11.29,133.8,2019-01-20,2.6,431.7,48,0.43,26.08,639.46,14.43,132.59,52842.7
-11.29,133.8,2021-10-31,1.19,1107.7,43,0.17,11.09,177.62,4.1,32.33,24088.5
-11.23,134.75,2021-11-01,0.91,1805.2,40,0.12,10.79,204.72,3.87,36.51,63033.1
-11.22,129.66,2021-10-01,2.81,57.9,22,0.69,26.02,252.76,10.64,40.65,3821.6
-11.14,129.91,2021-10-02,1.47,361.3,26,0.25,11.41,41.82,3.59,19.15,4747.5
-11.13,129.91,2021-10-02,3.05,245.3,48,0.55,19.85,328.06,8.16,56.17,13062.7
-10.96,132.22,2021-10-29,3.12,144.2,45,0.63,36.38,690.85,15.15,96.42,22664.4
-10.96,132.23,2021-10-29,2.65,141.4,32,0.54,23.79,576.8,8.88,72.64,10239.7
-10.91,130.1,2021-10-02,1.5,733.2,39,0.23,12.92,111.33,3.61,12.94,6782.8
-10.91,133.02,2021-09-06,2.7,646.5,59,0.42,17.04,271.19,6.93,55.17,32913.7
-10.9,133.03,2021-09-06,2.22,472,52,0.36,21.79,528.97,7.56,68.41,29466.9
-10.84,129.22,2021-10-05,1.34,374.1,28,0.23,19.25,418.47,6.22,93.6,22866.3
-10.79,142.97,2020-11-05,3.05,689.6,78,0.47,19.15,643.57,7.87,78.83,52634.2
-10.74,141.05,2021-11-09,1.36,314.2,22,0.24,20.89,596.77,7.39,138,67902.6
-10.74,141.06,2020-11-01,2.26,220.5,33,0.42,27.15,881.65,12.15,170.89,33461.5
-10.74,141.06,2021-11-09,1.45,427.9,23,0.24,22.36,975.45,7.22,113.1,25756
-10.7,126.33,2021-10-07,1.68,1465.9,89,0.23,10.25,70.3,4.43,29.16,36185.5
-10.7,126.34,2021-10-07,1.12,2473.3,91,0.14,9.39,59.42,3.95,28.83,46114.3
-10.61,141.91,2020-10-31,2.43,72.4,24,0.57,25.86,1131.67,10.05,85.36,5835.6
-10.61,141.91,2021-11-10,1.23,78.5,10,0.28,16.19,528.31,6.41,35.99,2976
-10.6,141.91,2020-10-31,2.79,130.3,36,0.57,21.03,461.94,6.87,56.12,6165.3
-10.6,141.91,2021-11-10,1.41,142.1,20,0.28,12.38,276.32,5.59,30.94,4574.1
-10.52,143.09,2021-11-11,2.13,1442.8,73,0.29,13.24,132.25,4.55,20.62,24601.1
-10.5,141.23,2020-11-01,3.07,112.6,41,0.65,25.25,759.3,12.27,123.34,17072.7
-10.5,141.23,2021-11-09,1.45,324.4,34,0.25,18.73,543.07,6.91,121.96,44087.1
-10.45,144.43,2020-10-24,3.86,331.3,96,0.66,23.73,277.52,13.12,100.56,48769.1
-10.45,144.43,2021-08-18,3.63,556,107,0.57,17.87,174.58,8.07,48.65,30937.2
-10.45,144.45,2020-10-24,4.1,289.6,95,0.72,24.6,331.1,11.73,110.03,43721
-10.45,144.45,2021-08-18,3.63,480.3,87,0.59,19.9,219.1,7.77,42.44,22025.1
-10.44,144.43,2020-10-24,3.66,372.9,102,0.62,21.05,632.42,10.35,97.72,36216.5
-10.44,144.43,2021-08-18,3.86,443.2,103,0.63,14.84,259.05,7.4,66.04,26208.7
-10.44,144.45,2020-10-25,4.1,332.2,105,0.71,26.59,622.07,14.42,248.07,97564.7
-10.44,144.45,2021-08-17,3.82,429.9,98,0.63,18.65,166.51,8.8,40.77,24647.2
-10.44,144.45,2021-08-18,3.15,623.5,90,0.49,14.46,277.34,5.87,52.82,23848.8
-10.43,105.67,2019-01-01,3.44,372.9,74,0.58,19.68,211.84,8.23,27.16,14619.8
-10.43,144.45,2020-10-25,3.77,317.4,88,0.65,17.84,232.22,9.19,45.22,17701
-10.43,144.45,2021-08-17,3.74,585.5,92,0.59,16.31,174.52,8.13,37.64,24519.1
-10.38,144.53,2020-10-25,3.86,422.3,89,0.64,18.55,179.97,7.89,52.74,23484.2
-10.38,144.53,2021-08-19,3.94,474.1,99,0.64,23.63,316.04,12.74,106.23,66810.5
-10.37,144.53,2020-10-25,3.69,364.7,75,0.63,16.46,169.47,7.21,45.71,15485.9
-10.37,144.53,2021-08-19,3.91,863.8,108,0.58,14.37,133.82,6.02,17.54,17750.1
-10.33,132.71,2019-01-18,3.14,599,60,0.49,14.38,190.1,8.3,43.07,31827.3
-10.33,132.71,2019-01-19,2.69,815.2,56,0.4,21.95,419.68,10.8,75.49,62120.6
-10.33,132.71,2021-10-30,2.22,1466.1,72,0.3,11.65,116.53,4.14,29.19,24947.4
-10.32,132.71,2019-01-18,2.49,319.4,52,0.43,15.15,343.95,8.36,49.41,22455.3
-10.32,132.71,2021-10-30,2.01,1577.6,75,0.27,13.22,178.2,3.93,25.35,32008.2
-10.29,143.71,2020-10-30,3.28,473.4,79,0.53,19.92,449.41,8.57,111.39,36389.5
-10.29,143.71,2021-08-21,3.83,575.8,111,0.6,20.68,406.19,10.48,125.37,90687.2
-10.29,143.72,2020-10-30,3.81,724.2,114,0.58,22.72,440.69,10.28,89.98,71701.5
-10.29,143.72,2021-08-21,3.38,548.1,93,0.54,21.17,419.3,9.4,93.09,57059.7
-10.14,144.44,2020-10-26,3.43,859.6,108,0.51,17.61,190.84,8.34,72.43,58499.5
-10.13,129.54,2021-10-04,2.65,969,90,0.39,13.37,131.59,5.37,34.19,29377.7
-10.12,144.46,2020-10-26,3.27,704.5,110,0.5,18.45,233.24,8.72,81.49,51731
-10.11,144.69,2020-10-27,3.01,825.8,91,0.45,16.58,212.41,7.88,63.68,46885.1
-10.08,144.47,2020-10-26,3.25,603.1,95,0.51,17.79,259.87,7.86,64.34,34711.4
-10.07,143.87,2020-10-28,3.58,354.2,81,0.61,22.95,375.01,10.98,66.9,28121.5
-10.07,143.87,2020-10-29,3.55,388.3,81,0.6,18.31,308.36,9.47,61.08,27142.7
-10.07,143.88,2020-10-29,2.9,627.5,86,0.45,17.19,238.56,8.74,100.98,58294
-10.06,143.88,2020-10-29,3.86,272.1,85,0.69,20.69,301.65,10.03,72.18,19624.7
-10.04,144.69,2020-10-27,3.21,1088,120,0.46,15.98,177.11,8.28,51.62,57302.8
-10.04,144.69,2021-08-20,3.1,2051.4,119,0.41,12,142.9,5.29,28.96,46780.6
-10.03,144.7,2020-10-27,3.43,437.7,89,0.56,17.6,304.49,7.52,60.16,28088.4
-9.99,144.68,2021-08-20,2.81,872.7,85,0.41,17.01,384.1,7.38,150.02,122415.9
-9.99,144.69,2020-10-27,3.63,770.5,109,0.55,19.27,265.58,8.54,61.9,47583.5
-9.97,144.69,2020-10-27,3.61,1482.6,146,0.49,15.54,190.63,7.22,51.13,77345
-9.97,144.69,2021-08-20,3.16,1937.5,129,0.42,11.99,146.95,4.81,43.3,74020.1
-9.96,144.15,2020-10-28,3.2,438.3,70,0.53,21.21,356.47,9.68,139.86,54402.9
-9.89,129.55,2021-10-03,2.29,537.6,60,0.36,12.96,103.53,4.88,52.85,21624.5
-9.88,129.29,2021-10-04,2.73,1223,94,0.38,15.91,169.47,5.31,25.98,27134.9
-9.88,129.42,2021-10-03,2.62,554.8,73,0.41,14.6,142.16,5.98,53.92,21199.7
