"latitude","longitude","survey_date","depth_bin","number_total","sp_richness","bodysize_cwm_total","bodysize_cwv_total","total_biomass","shannon"
-43.53,146.99,2022-08-28,"(0,10]",3,3,41.97,48.41,267.48,1.1
-43.53,146.99,2022-09-07,"(0,10]",3.2,3,42.47,51.06,314.33,1.09
-43.53,147,2022-05-24,"(0,10]",5.45,5,48.72,841.75,1871.38,1.6
-43.53,147,2022-08-28,"(0,10]",2.6,2,55.77,106.51,257.93,0.67
-43.48,147.01,2022-09-07,"(10,20]",2.14,2,45.33,49.79,255.32,0.69
-43.45,146.98,2022-04-07,"(0,10]",5,4,40.6,87.25,997.1,1.33
-43.42,145.97,2019-03-01,"(0,10]",3.59,3,50.84,153.13,942.8,1.07
-43.42,145.97,2019-03-01,"(10,20]",5.37,5,57.74,620.26,1536.51,1.61
-43.42,147.09,2022-09-15,"(0,10]",5,3,26,306,431.46,0.95
-43.41,147.1,2022-09-15,"(0,10]",3.25,3,30.92,355.95,331.37,1.09
-43.4,147.1,2022-08-30,"(0,10]",8.93,5,22.82,217.96,611.23,1.34
-43.39,147.1,2022-08-30,"(0,10]",3,3,42.67,41.33,653.44,1.1
-43.39,147.1,2022-09-15,"(0,10]",6.04,4,26.12,301.04,242.3,1.28
-43.37,145.93,2019-03-01,"(10,20]",28.02,13,40.84,352.82,6311.59,1.99
-43.36,145.96,2019-03-01,"(0,10]",7,5,57.35,520.48,1770.13,1.54
-43.33,145.97,2019-03-05,"(0,10]",5.22,4,50.74,387.44,674.45,1.36
-43.33,145.99,2019-03-05,"(0,10]",26.34,6,30,35.19,708.78,0.93
-43.32,145.87,2019-03-02,"(10,20]",10,9,53.69,784.72,2206.63,2.16
-43.32,145.99,2019-03-05,"(0,10]",27.02,8,45.18,1893.31,2192.43,1.67
-43.31,145.84,2019-03-03,"(0,10]",5.87,5,59.42,750.39,1996.92,1.58
-43.31,145.84,2019-03-03,"(10,20]",5.45,5,55.98,679.77,1695.9,1.6
-43.31,145.9,2019-03-04,"(0,10]",10.74,10,56.08,482.1,4927.46,2.29
-43.31,145.9,2019-03-04,"(10,20]",13.19,9,51.28,598.56,3389.64,2.1
-43.3,145.82,2019-03-03,"(10,20]",9.34,7,57.66,706.34,3684.43,1.91
-43.3,145.85,2019-03-03,"(10,20]",234.5,5,28.57,27.72,1285.01,0.12
-43.3,145.9,2019-03-02,"(0,10]",6.1,6,74.07,6900.11,1088.32,1.79
-43.3,145.9,2019-03-04,"(10,20]",4.56,4,52.17,416.66,934.95,1.37
-43.3,145.92,2019-03-02,"(0,10]",10.52,9,57.68,631.14,3218.51,2.16
-43.3,145.92,2019-03-02,"(10,20]",9.07,7,65.84,574.74,2578.65,1.93
-43.3,145.92,2019-03-04,"(0,10]",48.37,9,32.15,187.79,3676.62,0.92
-43.3,145.93,2019-03-04,"(0,10]",37.48,11,41.13,582.92,4228.19,1.53
-43.29,145.92,2019-03-05,"(0,10]",4.75,4,55.37,159.89,1407.91,1.37
-43.29,147.14,2019-01-24,"(0,10]",150.31,11,19.78,269.14,3547.66,0.75
-43.29,147.14,2020-03-26,"(0,10]",132.82,12,19.57,192.58,4153.89,0.76
-43.29,147.14,2021-03-22,"(0,10]",529.39,17,20.12,310.74,15462.25,0.56
-43.29,147.14,2022-03-04,"(0,10]",200.97,14,16.52,59.73,2848.68,0.53
-43.29,147.18,2019-01-24,"(0,10]",194.17,15,17.82,112.74,5301.38,0.65
-43.29,147.18,2020-03-27,"(0,10]",167.63,18,19.25,182.82,9227.07,0.84
-43.29,147.18,2021-03-22,"(0,10]",512.14,14,17.07,117.53,12801.89,0.36
-43.29,147.18,2022-03-04,"(0,10]",194.87,16,18.17,130.03,5070.79,0.77
-43.28,147.17,2019-01-25,"(0,10]",201.52,15,29.74,788.76,8786.56,1.06
-43.28,147.17,2020-03-26,"(0,10]",101.45,9,17.79,90.01,3303.62,0.91
-43.28,147.17,2021-03-27,"(0,10]",162.26,12,39.46,1125.04,11132.81,1.08
-43.28,147.17,2022-03-04,"(0,10]",99.94,19,21.36,258.04,3207.73,1.38
-43.27,147.14,2019-01-25,"(0,10]",129.6,15,23.35,414.26,3579.92,1.14
-43.27,147.14,2020-03-27,"(0,10]",239.84,14,31.49,347.64,23284.5,1.25
-43.27,147.14,2021-03-27,"(0,10]",119.79,11,17.93,105.41,3355.67,0.86
-43.27,147.14,2022-03-04,"(0,10]",219.32,21,18.51,252.05,5275,0.73
-43.14,147.87,2021-01-09,"(0,10]",149.52,14,16.99,84.79,2464.03,0.64
-43.14,147.97,2019-12-12,"(0,10]",13,3,23,228.46,397.63,0.79
-43.14,147.97,2021-01-08,"(0,10]",205.63,11,20.87,114.26,1802.13,0.85
-43.14,147.97,2022-05-04,"(0,10]",19.85,7,24.74,364.71,813.42,1.33
-43.14,148,2022-03-31,"(0,10]",34.58,11,24.56,297.97,3238.3,1.57
-43.13,147.96,2021-01-08,"(0,10]",84.07,11,70.39,2857.59,4445.52,1.28
-43.12,147.97,2022-03-31,"(10,20]",89.08,7,22.11,94.83,1172.04,1.13
-43.07,147.37,2021-01-10,"(0,10]",32.83,6,19.71,263.19,981.51,0.72
-43.07,147.96,2020-01-19,"(10,20]",59.8,13,24.26,236.82,3969.12,1.5
-43.06,147.33,2019-01-22,"(0,10]",105.2,14,20.38,290.11,3709.71,1.33
-43.06,147.33,2020-03-23,"(0,10]",143.5,11,43.02,5699.96,30612.71,0.91
-43.06,147.33,2021-02-24,"(0,10]",130.4,16,31.11,822.67,6024.64,1.26
-43.06,147.36,2019-01-22,"(0,10]",182.35,16,71.96,642.8,32314.29,0.96
-43.06,147.36,2020-03-24,"(0,10]",21.35,10,20.81,146.46,2667.74,1.9
-43.06,147.36,2021-03-01,"(0,10]",24.45,14,28.47,389.63,1943.72,2.47
-43.05,147.34,2019-01-22,"(0,10]",127.61,19,24.39,377.37,13701.12,1.25
-43.05,147.34,2020-03-23,"(0,10]",437.83,19,18.15,137.96,16046.04,0.57
-43.05,147.34,2021-02-24,"(0,10]",103.84,22,27.51,447.62,14422.25,1.86
-43.05,147.34,2022-08-09,"(0,10]",35.79,5,19.67,308.27,543.26,0.55
-43.05,147.35,2022-08-02,"(0,10]",5.87,4,49.28,897.76,787.22,1.32
-43.04,147.34,2019-01-23,"(0,10]",61.12,14,59.34,1545.66,8632.9,1.73
-43.04,147.34,2020-03-23,"(0,10]",179,13,19.34,143.13,6580.2,0.84
-43.04,147.34,2021-01-10,"(0,10]",36.58,14,32.14,380.3,5065.95,2.04
-43.04,147.34,2021-03-01,"(0,10]",42.61,20,40.51,875.7,7535.16,2.49
-43.04,147.34,2022-08-02,"(0,10]",4.5,3,32.33,387.33,238.75,1.06
-43.04,147.34,2022-08-09,"(0,10]",3.33,2,39.49,514.79,116.79,0.61
-43.02,147.34,2022-08-02,"(0,10]",5.67,2,29.89,719.55,150.25,0.69
-43.01,147.33,2019-01-23,"(0,10]",29.97,12,61.29,719.39,7708.03,1.87
-43.01,147.33,2020-03-24,"(0,10]",35.79,8,18.86,152.22,1898.12,1.07
-43.01,147.33,2021-03-01,"(0,10]",74.16,14,33.24,368.78,13899.31,1.48
-43,147.33,2021-01-09,"(0,10]",33.83,11,62.58,898.03,2875.64,1.66
-42.98,147.33,2019-05-08,"(0,10]",44.07,10,26.4,65.61,1014.38,1.28
-42.96,148.01,2020-01-19,"(10,20]",602.91,13,30.82,45.83,140066.51,0.22
-42.95,147.36,2021-01-09,"(0,10]",52.3,10,57.81,1568.51,6609.08,1.51
-42.95,147.36,2021-01-10,"(0,10]",51.01,11,23.64,207.74,1645.87,1.53
-42.9,147.67,2019-05-07,"(0,10]",24.76,13,24.63,170.42,1581.13,2.34
-42.9,147.67,2020-01-18,"(0,10]",10028.7,15,7.63,2.66,4313.93,0.03
-42.87,147.95,2020-02-22,"(0,10]",5,5,35,100,1693.31,1.61
-42.84,147.92,2020-02-22,"(0,10]",54.38,12,20.31,207.99,4831.74,1.1
-42.72,148.01,2019-04-02,"(0,10]",66.71,11,18.46,94.85,3828.95,0.86
-42.72,148.01,2020-03-19,"(0,10]",91.61,17,19.8,98.38,6441.21,1.37
-42.72,148.01,2021-03-11,"(0,10]",64.44,19,24.83,370.5,7258.2,1.75
-42.66,148.01,2019-04-02,"(0,10]",10.93,9,32.3,176.28,2302.05,2.15
-42.66,148.01,2020-03-19,"(0,10]",232.69,12,81.18,251.47,66514.01,0.41
-42.66,148.01,2021-03-11,"(0,10]",45.83,13,24.54,228.38,4828.96,1.73
-42.63,148.02,2019-03-19,"(0,10]",111.69,17,18.9,147.12,8477.69,1.08
-42.63,148.02,2020-03-19,"(0,10]",59.69,19,22.9,193.94,7162.32,1.91
-42.63,148.02,2021-03-16,"(0,10]",102.32,19,34.16,828.37,14198.86,1.76
-42.6,148.05,2019-03-19,"(0,10]",105.86,19,30.01,528.15,14979.95,1.94
-42.6,148.05,2020-03-10,"(0,10]",137.57,19,29.74,528,21659.09,1.88
-42.6,148.05,2021-03-11,"(0,10]",151.93,22,23.9,287.38,10605.15,1.72
-42.59,148.05,2019-04-04,"(0,10]",104.74,17,54.07,885.86,17534.79,1.89
-42.59,148.05,2019-04-11,"(0,10]",77.72,12,27.46,557.2,7654.2,1.3
-42.59,148.05,2020-02-25,"(0,10]",39.55,11,19.86,265.87,2144.13,1.32
-42.59,148.05,2020-03-11,"(0,10]",95.95,15,22.07,324.84,6010.24,1.19
-42.59,148.05,2021-03-10,"(0,10]",31.12,11,23.38,345.07,3054.78,1.66
-42.59,148.05,2021-03-11,"(0,10]",48.99,22,35.24,519.69,6639.94,2.68
-42.58,147.92,2019-04-03,"(0,10]",87.08,17,31.9,686.03,7621.78,1.79
-42.58,147.92,2020-03-20,"(0,10]",68.35,13,24.11,325.35,3467.47,1.5
-42.58,147.92,2021-03-12,"(0,10]",52.23,16,35.07,780.47,6120.8,1.93
-42.58,148.05,2019-04-04,"(0,10]",80.92,13,21.78,263.26,7780.28,1.09
-42.58,148.05,2020-03-11,"(0,10]",57.43,13,21.8,330.97,5679,1.21
-42.58,148.05,2021-03-16,"(0,10]",42.36,11,22.57,409.97,3558.53,1.13
-42.58,148.06,2019-04-11,"(0,10]",248.5,17,30.2,182.19,12824.96,0.91
-42.58,148.06,2020-02-25,"(0,10]",43.5,18,27.32,456.27,5968.64,2.05
-42.58,148.06,2021-03-10,"(0,10]",78.19,20,31.03,405.35,7345.38,2.12
-42.56,148.07,2019-04-11,"(0,10]",70.61,11,23.23,272.03,9731.75,1.36
-42.56,148.07,2020-02-25,"(0,10]",57.51,16,26.41,471.38,6143.7,1.64
-42.56,148.07,2021-03-10,"(0,10]",69.36,17,24.95,311.63,4358.63,1.76
-42.55,147.95,2019-03-19,"(0,10]",79.53,18,25.96,308.71,8596.89,2.02
-42.55,147.95,2020-03-11,"(0,10]",156.13,21,19.56,160.42,5935.24,1.21
-42.55,147.95,2021-03-12,"(0,10]",166.6,18,18.7,163.96,8698.43,0.86
-42.52,147.97,2019-04-03,"(0,10]",252.96,10,24.99,47.96,2055.53,0.81
-42.52,147.97,2020-03-20,"(0,10]",89.04,13,24.6,447.59,5605.72,1.23
-42.52,147.97,2021-03-16,"(0,10]",120.23,15,28.78,461.51,7792.92,1.66
-41.9,148.32,2019-04-08,"(0,10]",6.5,6,41.07,582.57,2351.5,1.78
-41.9,148.32,2021-04-22,"(0,10]",11.89,9,49.82,648.07,1409.79,2.09
-41.88,148.31,2019-03-20,"(10,20]",17.04,15,38.99,511.27,4521.91,2.69
-41.88,148.31,2021-04-22,"(0,10]",13.1,8,55.39,680.43,2375.46,1.97
-41.88,148.31,2021-04-22,"(10,20]",18.87,16,46.41,629.74,5530.79,2.71
-41.87,148.3,2019-03-20,"(10,20]",27.9,16,38.87,410.33,4836.28,2.56
-41.87,148.3,2019-03-21,"(0,10]",10.37,8,50.73,958.97,2958.54,1.99
-41.87,148.3,2021-04-21,"(10,20]",53.32,17,37.56,497.46,6571.89,2.37
-41.87,148.3,2022-03-29,"(0,10]",11.2,8,58.48,876.86,1836.21,1.9
-41.87,148.31,2019-03-21,"(0,10]",12.51,9,54.62,635.58,4191.84,2.15
-41.87,148.31,2019-03-21,"(10,20]",27.51,18,50.41,1101.52,7243.32,2.8
-41.87,148.31,2019-03-22,"(10,20]",19.11,11,49.49,466.66,6949.74,2.31
-41.87,148.31,2019-04-08,"(0,10]",194.98,12,64.39,109.13,26223.86,0.79
-41.87,148.31,2021-04-21,"(0,10]",30.78,15,51.67,564.25,7549.8,2.57
-41.87,148.31,2021-04-21,"(10,20]",298.48,23,56.82,276.59,79808.88,1.16
-41.85,148.28,2022-03-29,"(0,10]",3,3,37,183,884.95,1.1
-41.34,148.34,2019-04-09,"(10,20]",18,7,33.78,100.41,2293.65,1.46
-41.34,148.34,2019-04-10,"(10,20]",312.09,23,50.93,345.79,48133.43,1.5
-41.25,148.34,2019-03-14,"(10,20]",45.97,20,33.87,345.14,4205.31,2.56
-41.21,148.29,2019-03-14,"(10,20]",80.59,25,30.33,317.53,6485.16,2.7
-40.91,145.58,2021-01-25,"(0,10]",27.67,9,25.02,232.75,839.51,1.57
-40.9,145.54,2019-03-24,"(0,10]",44.59,11,19.96,124.82,2491.99,1.19
-40.9,145.55,2019-03-24,"(0,10]",50.99,15,25.42,122.82,2547.21,1.8
-40.9,145.58,2019-03-22,"(0,10]",224.08,10,23.29,532.54,1536.74,0.65
-40.89,145.54,2019-03-24,"(0,10]",86.85,10,19.87,113.7,3026.08,1.07
-40.86,145.51,2019-03-25,"(0,10]",300.74,17,28.56,18.68,2159.94,0.47
-40.86,145.52,2019-03-24,"(0,10]",123.2,15,27.27,41.63,1611.55,1.14
-40.85,145.5,2019-03-22,"(0,10]",143.43,10,24.95,79.41,2115.71,1.14
-40.85,145.5,2021-01-24,"(0,10]",75,11,62.01,909.65,10593.85,1.65
-40.09,147.76,2021-04-13,"(0,10]",144.36,23,30.93,318.7,11279.17,2.2
-40.08,147.77,2021-04-13,"(0,10]",110.56,18,58.62,897.37,24713.28,1.88
-40.02,147.78,2021-04-13,"(0,10]",251.72,13,14.65,85.25,7227.73,0.64
-40.01,147.87,2021-04-13,"(0,10]",22.81,12,32.57,224.4,5981.79,2.36
-39.14,146.32,2020-03-12,"(10,20]",54.77,14,28.36,261.19,6750.67,2.16
-39.13,146.38,2020-03-17,"(0,10]",87.25,9,78.12,558.25,2369.93,0.86
-39.13,146.38,2020-03-17,"(10,20]",14.33,11,36.65,118.66,3876.53,2.32
-39.12,146.42,2020-03-17,"(0,10]",45.83,18,43.79,444.47,9503.42,2.59
-39.11,146.34,2020-03-12,"(10,20]",26.68,14,56.11,650.28,3349.89,2.15
-39.11,146.43,2020-03-13,"(10,20]",88.6,20,48.08,655.68,20984.11,2.35
-39.1,146.33,2020-03-11,"(10,20]",22.18,13,44.61,365.38,5744,2.44
-39.08,146.23,2020-03-12,"(10,20]",48.59,18,30.34,222.23,7758.01,2.43
-39.08,146.32,2020-03-11,"(10,20]",49.17,23,37.18,290.03,6143.17,2.96
-39.06,146.45,2020-03-17,"(0,10]",32.08,15,45.45,575,4960.68,2.49
-39.06,146.47,2020-03-13,"(10,20]",45.48,15,33.03,265.34,6852.89,2.37
-39.06,146.48,2020-03-18,"(0,10]",42.19,25,46.9,474.51,10620.96,3.02
-39.05,146.32,2020-03-17,"(0,10]",30.53,15,33.13,152.04,3909.93,2.31
-39.05,146.48,2020-03-17,"(0,10]",36.42,15,31.35,296.8,7030.41,2.35
-39.05,146.48,2020-03-18,"(0,10]",74.44,26,55.23,1103.29,9738.05,2.41
-39.04,146.3,2020-03-17,"(0,10]",28.96,15,38.69,252.68,6362.09,2.51
-39.04,146.47,2020-03-18,"(0,10]",55.16,18,29.12,521.79,4869.74,2.11
-39.02,146.24,2020-03-19,"(0,10]",23.62,9,32.61,125.52,6216.17,1.8
-39.02,146.47,2020-03-18,"(0,10]",50.26,21,35.32,715.73,9989.12,2.74
-38.99,146.25,2020-03-19,"(0,10]",23.74,17,39.95,993.33,5743.92,2.76
-38.96,146.23,2020-03-19,"(0,10]",31.3,15,40.47,799.12,8469.14,2.46
-38.36,144.77,2020-02-06,"(0,10]",39.95,12,36.21,175.85,2054.47,1.93
-38.36,144.77,2022-02-14,"(0,10]",457.91,16,35.39,1138.73,3872.05,1.69
-38.35,144.77,2022-02-14,"(0,10]",234.34,15,19.13,553.76,4239.9,1.64
-38.32,144.71,2019-01-24,"(0,10]",51.01,15,31.6,208.31,2243.81,1.61
-38.32,144.71,2019-02-05,"(0,10]",94.29,12,29.72,126.7,1434.04,0.78
-38.32,144.71,2019-02-28,"(0,10]",324.6,15,13.5,38.45,2142.76,0.45
-38.32,144.71,2019-04-18,"(0,10]",69.57,14,29.45,50.2,2303.56,1.09
-38.32,144.72,2019-02-04,"(0,10]",11.49,10,27.65,156.32,1061.94,2.27
-38.32,144.72,2020-02-06,"(0,10]",10.56,9,33.04,158.08,1735,2.17
-38.32,144.72,2022-02-11,"(0,10]",7.17,4,36.68,157.41,449.23,1.33
-38.31,144.66,2019-02-07,"(0,10]",35.05,15,42.5,401.28,5059,2.36
-38.31,144.7,2019-02-05,"(0,10]",18.24,12,34.71,339.87,1480.04,2.29
-38.31,144.71,2019-02-05,"(10,20]",40.96,14,29.18,139.16,12498.16,1.81
-38.31,144.71,2020-02-06,"(10,20]",29.84,19,37.05,506.69,6492.37,2.84
-38.31,144.8,2019-02-05,"(0,10]",46.61,22,36.93,489.81,4390.7,2.89
-38.31,144.8,2020-02-05,"(0,10]",36,19,31.54,183.75,7543.05,2.85
-38.31,144.8,2022-02-14,"(0,10]",1170.81,20,8.67,21.48,7777.26,0.26
-38.3,144.61,2019-02-07,"(0,10]",15.57,12,35.01,131.84,3249.8,2.44
-38.3,144.61,2022-02-13,"(0,10]",111.76,16,34.37,305.04,46263.36,1.7
-38.3,144.66,2019-02-04,"(0,10]",15.26,12,38.64,715.1,4864.93,2.43
-38.3,144.66,2019-02-05,"(0,10]",43.06,25,41.04,329.54,11823.72,3.06
-38.3,144.66,2020-02-04,"(0,10]",27.31,21,38.13,452.13,7738.43,2.88
-38.3,144.66,2020-02-05,"(0,10]",27.51,18,46.84,1104.32,8603.65,2.81
-38.29,144.59,2019-02-07,"(0,10]",33.71,17,42.23,794.66,4872.57,2.48
-38.29,144.6,2019-02-07,"(0,10]",13.43,10,37.65,211.04,2280.82,2.24
-38.29,144.6,2022-02-13,"(0,10]",20.34,12,37.74,212.72,4188.56,2.35
-38.29,144.61,2019-02-07,"(0,10]",31.18,21,40.59,449.73,5116.84,2.97
-38.29,144.62,2019-02-06,"(0,10]",40,20,35.88,377.67,6627.64,2.45
-38.29,144.62,2019-02-28,"(0,10]",11.67,9,35.78,146.7,1204.55,2.13
-38.29,144.63,2019-02-06,"(0,10]",24.5,17,37.38,448.01,7166.54,2.75
-38.29,144.63,2019-02-07,"(0,10]",29.99,16,38.45,360.75,7093.86,2.32
-38.29,144.63,2019-02-08,"(10,20]",18.09,13,35.15,135.8,4196.37,2.53
-38.29,144.63,2020-02-05,"(0,10]",23.82,12,37.52,411.35,9318.42,2.21
-38.29,144.63,2022-02-11,"(0,10]",26.26,11,25.6,793.49,2650.18,1.81
-38.28,144.62,2019-04-17,"(0,10]",30.7,15,45.84,973.24,4240.64,2.48
-38.28,144.63,2019-02-06,"(0,10]",30.42,12,21.36,304.07,4267.64,1.91
-38.28,144.63,2019-02-07,"(0,10]",26.13,18,39.6,425.78,7624.86,2.81
-38.28,144.63,2020-02-07,"(0,10]",11.2,10,42.68,778.04,2953.36,2.28
-38.28,144.64,2019-02-04,"(0,10]",26.96,20,39.1,412.11,7375.32,2.95
-38.28,144.64,2020-02-07,"(0,10]",29.64,19,39.22,228.49,9303.55,2.86
-38.28,144.66,2019-02-06,"(0,10]",11.77,10,34.66,194.76,1765.16,2.27
-38.28,144.66,2020-02-05,"(0,10]",106.65,7,7.66,198.96,2882.32,0.34
-38.28,144.66,2022-02-12,"(0,10]",210.96,8,6.38,51.66,458.03,0.3
-38.28,144.7,2019-02-08,"(0,10]",62.27,22,45.48,652.13,11151.85,2.77
-38.28,144.7,2020-02-04,"(0,10]",34.79,17,35.45,203.68,11336.89,2.75
-38.27,144.65,2019-02-08,"(0,10]",40.99,12,31.99,52.1,1770.03,1.7
-38.27,144.65,2020-02-07,"(0,10]",10.6,10,35.28,216.58,1531.95,2.29
-38.27,144.65,2022-02-12,"(0,10]",20.32,12,34.24,78.18,2848.51,2.33
-38.23,145.03,2019-11-25,"(0,10]",1037.28,12,15.2,5.89,3769.53,0.09
-38.23,145.03,2022-02-26,"(0,10]",377.89,15,16.4,92.86,5036.44,0.38
-38.21,145.03,2019-11-25,"(0,10]",419.5,9,17.17,152.9,2648.38,0.25
-38.17,144.72,2022-02-17,"(0,10]",155.01,26,34.62,530.6,10148.82,2.57
-38.16,145.09,2019-11-25,"(0,10]",13.5,2,15,0,135.47,0.35
-38.15,144.72,2019-02-08,"(0,10]",46.25,6,31.69,92.74,714.22,0.88
-38.14,144.71,2019-04-20,"(0,10]",27.51,15,26.76,336.84,3707.13,2.49
-38.14,144.71,2020-02-03,"(0,10]",37.87,6,9.51,262.24,124.88,1.02
-38.14,144.71,2022-02-10,"(0,10]",421.81,26,81.25,687.62,82730.77,1.46
-38.13,144.71,2019-11-26,"(0,10]",4.5,2,22,448,43.52,0.53
-38.11,144.66,2019-11-26,"(0,10]",3,3,16.67,126.33,215.91,1.1
-38.11,144.66,2022-02-11,"(0,10]",164.92,15,10.06,58.91,1764.67,1.7
-37.92,144.98,2019-11-24,"(0,10]",3.5,3,7.55,0.34,3.37,1.08
-37.91,144.98,2019-11-24,"(0,10]",3.2,3,45.6,3787.03,815.85,1.09
-37.9,144.98,2019-11-24,"(0,10]",2.75,2,12.42,23.22,112.05,0.66
-37.89,147.97,2019-03-05,"(0,10]",193.13,22,36.87,214.3,9985.22,1.98
-37.89,147.97,2019-07-22,"(0,10]",30.29,5,28.26,112.81,932.44,0.87
-37.89,147.97,2020-09-08,"(0,10]",34.83,11,31.53,148.84,2592.49,2.1
-37.89,147.97,2020-11-03,"(0,10]",157.28,8,30.15,28.22,1331.14,0.44
-37.89,147.97,2020-11-18,"(0,10]",497,16,22.37,174.18,4912.97,1.01
-37.88,147.91,2019-07-07,"(0,10]",57,6,27.37,30.64,138.44,1.11
-37.88,147.91,2019-07-22,"(0,10]",44.75,7,26.01,59.11,215.58,1.23
-37.88,147.91,2019-09-01,"(0,10]",21.75,3,30.63,24.83,220.77,0.75
-37.88,147.91,2019-09-27,"(0,10]",59.33,6,30.8,21.04,583.33,0.93
-37.88,147.91,2019-11-11,"(0,10]",39.38,7,28.83,62.94,462.02,1.24
-37.88,147.91,2020-06-15,"(0,10]",45.81,11,28.95,114.95,507.13,1.52
-37.82,148.78,2020-06-10,"(10,20]",286.86,38,61.51,701.79,40642.84,1.95
-37.82,148.78,2020-09-16,"(10,20]",291.61,26,40.45,473.58,25316.93,1.47
-37.82,148.78,2020-10-20,"(10,20]",111,23,34.19,207.66,12635.49,1.99
-37.56,149.91,2021-04-22,"(0,10]",310.53,30,44.36,426.28,15813.24,2.06
-37.56,149.92,2021-04-22,"(0,10]",211.5,21,54.83,413.44,11203.49,1.73
-37.55,149.91,2021-04-20,"(0,10]",144.47,25,29.61,141.46,12936.5,2.27
-37.51,149.97,2021-04-20,"(0,10]",36.9,16,33.36,335.33,3653.86,2.41
-37.51,149.98,2021-04-20,"(0,10]",307.21,16,43.56,152.09,23661.22,1.29
-37.51,149.98,2021-04-22,"(10,20]",239.14,19,43.33,166.73,18648.09,1.44
-36.26,150.15,2019-11-26,"(10,20]",80.56,26,35.63,335.77,8100.55,2.66
-36.26,150.22,2019-11-20,"(0,10]",101.98,15,19.58,261.17,4368.91,1.53
-36.25,150.22,2019-11-24,"(10,20]",172.22,26,30.82,650.4,13008.46,2.03
-36.25,150.23,2019-11-20,"(0,10]",150.46,26,30.16,504.73,11110.74,2.28
-36.25,150.23,2019-11-20,"(10,20]",317.55,30,23.64,379.21,26429.73,1.53
-36.25,150.23,2019-11-24,"(0,10]",66.24,23,30,457.69,5722.05,2.46
-36.24,150.22,2019-11-24,"(0,10]",119.07,22,20.22,185.26,4963.27,1.85
-36.17,150.14,2019-11-19,"(10,20]",187.9,31,29.85,298.51,6085.4,2.45
-36.16,150.13,2019-11-19,"(10,20]",168.81,24,23.9,116.46,5318.81,2.14
-36.01,150.17,2019-11-23,"(0,10]",655.97,27,74.53,792.4,196325.28,1.14
-36.01,150.17,2019-11-23,"(10,20]",139.1,24,38.75,391.73,15500.87,2.3
-35.99,150.16,2019-11-23,"(0,10]",125.48,25,30.87,521.77,4361.35,2.09
-35.91,150.16,2019-11-27,"(0,10]",327.45,19,28.89,407.54,12638.87,1.42
-35.91,150.16,2019-11-27,"(10,20]",126.04,22,42.73,1036.23,8996.49,2.22
-35.83,150.22,2019-11-28,"(0,10]",49.71,18,26.46,389.4,2691.87,2.19
-35.82,150.24,2019-11-28,"(0,10]",92.32,25,32.47,447.44,12503.55,2.65
-35.8,150.23,2019-11-28,"(0,10]",81.83,21,20.53,178.74,4035.26,2.19
-35.76,138.07,2019-02-14,"(0,10]",162.36,26,22.65,485.97,13514.41,1.71
-35.76,138.07,2021-02-22,"(0,10]",41,23,48.91,1243.56,12635.91,2.98
-35.75,138.06,2019-02-14,"(0,10]",30.16,18,42.38,1346.14,8417.87,2.77
-35.75,138.06,2021-02-22,"(0,10]",24.15,14,50.08,1549.8,7117.14,2.56
-35.74,138.04,2019-02-15,"(0,10]",124.58,27,58.88,1122.99,18378.19,2.2
-35.74,138.04,2021-03-22,"(0,10]",47.33,23,30.02,910.09,6885.36,2.75
-35.73,138.02,2019-02-16,"(0,10]",100.51,29,50.39,1150.35,20363.89,2.76
-35.73,138.02,2021-02-23,"(0,10]",295.33,26,20.59,327.56,9305.89,1.57
-35.72,137.9,2019-03-06,"(0,10]",124.85,21,21.86,614.34,8689.9,1.54
-35.72,137.93,2019-03-06,"(0,10]",130.3,21,24.81,637.86,17384.35,1.42
-35.72,137.94,2019-02-16,"(0,10]",252.68,25,21.24,343.36,11561.53,1.5
-35.72,137.94,2021-02-23,"(0,10]",193.31,24,20.28,405.28,6275.36,1.59
-35.72,137.96,2019-02-15,"(0,10]",88.24,25,31.52,819.4,10023.21,2.59
-35.72,137.96,2021-02-23,"(0,10]",292.32,25,12.17,384.28,6270.29,1.27
-35.72,137.98,2019-02-14,"(0,10]",63.94,22,31.94,832.46,8792.52,2.47
-35.72,137.98,2021-02-22,"(0,10]",256.85,26,18.66,281.98,13439.72,1.14
-35.72,137.99,2019-02-15,"(0,10]",97.94,24,25.94,733.2,9000.56,2.4
-35.72,137.99,2021-03-22,"(0,10]",48.63,24,40.8,1193.69,10160.85,2.79
-35.66,137.64,2019-03-05,"(0,10]",262.25,13,18.92,174.18,3043.57,0.78
-35.65,138.24,2020-03-27,"(0,10]",17.21,13,42.51,714.17,5370.56,2.52
-35.65,138.26,2020-03-27,"(10,20]",19.65,14,43.21,985.87,10349.87,2.56
-35.62,137.19,2019-03-07,"(0,10]",136.96,27,23.75,473.26,14464,1.55
-35.62,138.56,2020-03-18,"(0,10]",24.44,12,29.98,297.4,2970.3,2.08
-35.6,138.09,2020-03-26,"(0,10]",18.42,15,40.55,568.03,6762.12,2.64
-35.59,137.3,2019-03-07,"(0,10]",133.42,21,18.94,147.66,8410.81,1.16
-35.59,137.38,2019-03-04,"(0,10]",27.9,11,30.34,921.74,845.25,1.95
-35.59,138.11,2019-02-16,"(0,10]",53.13,21,33.68,840.57,8235.47,2.73
-35.59,138.11,2020-03-21,"(0,10]",230.36,20,16.66,112.82,5655.98,0.76
-35.59,138.11,2021-02-24,"(0,10]",25.98,19,37.41,594.05,2277.93,2.88
-35.59,138.11,2022-02-11,"(0,10]",22.89,14,27.46,235.98,2529.14,2.43
-35.59,138.61,2020-03-18,"(0,10]",36.76,18,39.75,800.34,2402.41,2.57
-35.58,138.62,2020-03-18,"(10,20]",29.09,12,21.97,203.76,1574.45,1.9
-35.57,138.61,2020-01-31,"(0,10]",29.41,21,48.03,1145.11,5806.94,2.99
-35.57,138.62,2020-03-19,"(0,10]",44.47,13,16.31,506.77,5719.33,1.43
-35.57,138.63,2020-03-19,"(0,10]",47.96,14,21.98,308.38,3418.58,1.98
-35.56,137.63,2019-03-05,"(0,10]",47.72,24,36.79,924.68,10376.97,2.98
-35.56,150.39,2019-11-29,"(10,20]",56.93,17,29.06,327.29,5357.12,2.48
-35.55,138.13,2019-02-17,"(0,10]",50.85,22,28.44,711.59,4595.71,2.76
-35.55,138.13,2020-03-21,"(0,10]",165.46,19,20.1,323.17,10408.49,1.45
-35.55,138.13,2021-01-09,"(0,10]",45.08,18,29.38,477.29,4056.2,2.23
-35.55,138.13,2022-01-30,"(0,10]",23.31,16,38.27,600.27,4990.15,2.71
-35.54,138.69,2020-01-31,"(0,10]",27.02,15,29.47,284.04,240237.14,2.53
-35.53,138.15,2019-02-20,"(0,10]",82.29,20,57.35,2019.26,31333.57,2.18
-35.53,138.15,2020-03-21,"(0,10]",100.99,13,16.91,73.59,2422.55,0.92
-35.53,138.15,2021-03-10,"(0,10]",155.03,23,14.6,201.03,3062.65,1.6
-35.53,138.15,2022-02-11,"(0,10]",134.77,19,14.4,201.1,3575.14,1.76
-35.53,150.42,2019-11-29,"(10,20]",518.94,22,53.34,966.63,50146.73,1.89
-35.52,138.16,2019-02-17,"(0,10]",204.16,24,25.19,279.28,7641.01,1.75
-35.52,138.16,2019-02-20,"(0,10]",134.09,20,20.46,211.38,5040.68,1.27
-35.52,138.16,2020-02-06,"(0,10]",385.04,19,14.41,157.26,3573.83,0.67
-35.52,138.16,2021-01-09,"(0,10]",47.37,22,30.22,548.07,5522.08,2.67
-35.52,138.16,2021-03-10,"(0,10]",34.92,22,33.16,616.72,5879.56,2.86
-35.52,138.16,2022-01-30,"(0,10]",98.82,19,19.52,269.28,3995.98,1.68
-35.52,138.16,2022-02-12,"(0,10]",98.84,24,17.43,288.8,6743.17,2.05
-35.52,138.17,2019-02-17,"(0,10]",97.87,24,26.54,800.48,6840.39,1.67
-35.52,138.17,2020-02-06,"(0,10]",493.49,27,10.75,259.71,5168.69,1.02
-35.52,138.17,2021-03-23,"(0,10]",102.48,25,23.15,342.63,5487.26,1.71
-35.52,138.17,2021-12-12,"(0,10]",36.55,15,30.88,457.83,3384.48,2.25
-35.52,138.18,2019-02-18,"(0,10]",214.98,22,16.12,394.81,8339.78,1.52
-35.52,138.18,2019-03-23,"(0,10]",415,30,46.03,242.36,33651,1.6
-35.52,138.18,2020-02-08,"(0,10]",738.98,38,44.66,765.72,72233.41,1.73
-35.52,138.18,2020-12-13,"(0,10]",217.25,20,21.77,130.71,3670.15,1.62
-35.52,138.18,2022-02-14,"(0,10]",83.68,24,35.55,448.87,11231.88,2.58
-35.51,138.21,2019-02-18,"(0,10]",686.61,32,17.25,151.37,12921.51,1.58
-35.51,138.21,2020-02-07,"(0,10]",467.26,32,20.33,416.09,13935.27,1.53
-35.51,138.21,2021-03-20,"(0,10]",293.7,30,18.6,222.76,9493.19,1.91
-35.51,138.21,2022-02-14,"(0,10]",594.07,32,16.14,246.74,16274.04,1.39
-35.51,138.22,2019-03-24,"(0,10]",181.92,27,24.67,499.32,9472.9,2
-35.51,138.22,2020-02-07,"(0,10]",787.16,31,15.86,237.55,13195.25,1.56
-35.51,138.22,2021-03-20,"(0,10]",398.65,27,17.77,349.3,11469.97,1.89
-35.51,138.22,2022-02-12,"(0,10]",367.15,30,18.61,387.45,11475.95,1.94
-35.43,138.31,2020-03-23,"(0,10]",444.46,29,17.04,130.36,12072.83,1.19
-35.42,138.32,2019-02-28,"(0,10]",85.67,26,22.06,194.28,3552.15,2.11
-35.42,138.32,2020-03-23,"(0,10]",615.03,32,18.65,234.15,12204.45,1.36
-35.42,138.32,2021-03-10,"(0,10]",137.92,28,21.78,305.96,7527.86,1.91
-35.4,138.33,2019-02-28,"(0,10]",131.76,23,19.01,332.17,3749.04,1.85
-35.4,138.33,2020-02-09,"(0,10]",152.04,22,16.51,219.19,6175.55,1.89
-35.4,138.33,2021-03-12,"(0,10]",101.82,25,24.12,271.94,4635.87,2.08
-35.4,138.34,2019-04-15,"(0,10]",101.08,24,29.32,671.71,5966.69,1.95
-35.4,138.34,2020-02-09,"(0,10]",144.49,24,57.61,925.64,55332.61,2.12
-35.4,138.34,2021-03-21,"(0,10]",53.23,24,49.1,1110.01,18427.85,2.73
-35.39,138.35,2019-02-19,"(0,10]",75.42,19,20.49,343.86,6584.76,1.58
-35.39,138.35,2020-03-22,"(0,10]",316.67,20,16.56,64.98,5027.37,0.56
-35.39,138.35,2021-03-11,"(0,10]",51.75,20,29.38,682.34,5048.31,2.45
-35.38,138.36,2019-02-28,"(0,10]",164.48,21,29.35,634.18,24898.38,1.59
-35.38,138.36,2019-04-15,"(0,10]",164.2,31,31.31,946.4,9803.72,2.3
-35.38,138.36,2020-03-22,"(0,10]",171.64,24,20.47,275.27,12080.61,1.8
-35.38,138.36,2021-03-11,"(0,10]",83.76,22,22.07,253.42,4828.94,1.62
-35.38,138.36,2021-03-12,"(0,10]",83.7,21,27.61,609.06,9488.04,2.29
-35.37,138.37,2019-02-19,"(0,10]",26.14,10,19.71,689.5,1895.14,1.61
-35.37,138.37,2020-04-27,"(0,10]",25.92,17,34.6,847.66,6753.78,2.59
-35.37,138.37,2021-03-21,"(0,10]",147.96,22,18.56,198.45,5933.18,1.27
-35.37,138.38,2019-04-15,"(0,10]",109.83,24,15.65,126.58,2741.97,2.21
-35.37,138.38,2020-03-26,"(0,10]",186.65,20,13.08,244.64,3783.47,1.58
-35.37,138.38,2020-04-27,"(0,10]",251.46,16,16.15,52.62,2793.67,0.57
-35.37,138.38,2021-03-11,"(0,10]",101.52,14,16.15,175.03,4871.35,1.18
-35.27,138.43,2021-02-15,"(10,20]",250.41,34,19.79,576.26,13272.47,1.57
-35.27,138.43,2022-02-13,"(0,10]",372.1,32,18.33,320,13578.93,1.26
-35.21,138.46,2019-03-18,"(0,10]",230.79,21,16.42,68.01,3329.47,1
-35.21,138.46,2019-09-26,"(0,10]",42.6,17,43.47,790.41,13913.3,2.39
-35.21,138.46,2020-02-12,"(0,10]",295,25,17.56,149.71,10745.24,1.3
-35.21,138.46,2021-02-15,"(0,10]",148.57,22,28.45,740.46,8294.74,1.66
-35.21,138.46,2022-03-25,"(0,10]",83.43,16,19.61,341.38,4256.59,1.64
-35.21,138.46,2022-09-01,"(0,10]",18.1,9,23.15,155.91,1057.84,1.73
-35.16,138.47,2020-03-17,"(0,10]",67.97,21,29.87,473.56,8239.69,2.39
-35.15,138.46,2019-03-18,"(0,10]",134.89,22,19.52,173.27,4456.9,1.8
-35.15,138.46,2019-03-20,"(0,10]",99.97,20,24.47,387.71,11309.18,1.8
-35.15,138.46,2019-09-10,"(0,10]",7.6,6,35.16,508.58,2668.26,1.75
-35.15,138.46,2019-09-26,"(0,10]",49.34,16,35.58,614.95,10958.59,2.08
-35.15,138.46,2020-02-12,"(0,10]",78.67,23,25.3,383.77,10681.14,1.8
-35.15,138.46,2022-03-25,"(0,10]",148.01,18,22.48,391.89,18151.65,1.66
-35.15,138.46,2022-04-08,"(0,10]",88.17,22,29.08,472.34,16476.26,2.04
-35.15,138.46,2022-08-31,"(0,10]",124.6,9,18.04,203.74,8001,0.42
-35.15,138.46,2022-09-05,"(0,10]",43.83,14,26.48,577.21,5554.66,1.59
-35.14,138.46,2019-03-20,"(0,10]",40.95,18,50.71,365.75,10495,2.56
-35.14,138.46,2019-03-20,"(10,20]",79.82,19,55.2,412.47,14525.4,1.66
-35.14,138.46,2019-09-13,"(10,20]",21.73,6,24.46,693.86,2815.01,1.2
-35.14,138.46,2019-09-26,"(0,10]",15.12,14,42.89,649.72,2891.83,2.62
-35.14,138.46,2020-02-07,"(0,10]",20.71,16,43.33,792.54,5659.95,2.73
-35.14,138.46,2020-03-17,"(0,10]",162.55,24,18.99,182.12,5279.78,1.67
-35.14,138.46,2021-02-03,"(0,10]",121.29,22,34.05,925.73,13489.34,1.86
-35.14,138.46,2022-03-23,"(10,20]",42.92,13,25.22,644.72,7285.97,2.15
-35.14,138.46,2022-04-08,"(0,10]",60.91,16,22.91,171.72,3074.92,1.94
-35.14,138.46,2022-09-01,"(10,20]",18.5,10,30.67,685.66,2223.13,2.16
-35.14,138.46,2022-09-05,"(0,10]",104.25,12,18.97,190.33,2800.04,0.97
-35.13,150.73,2019-03-31,"(0,10]",183.95,41,39.09,375.98,12607.27,2.52
-35.13,150.73,2019-03-31,"(10,20]",119.95,30,39.66,998.41,18599,2.75
-35.13,150.73,2021-04-11,"(0,10]",270.62,32,43.34,330.14,16321.71,1.47
-35.13,150.73,2021-04-11,"(10,20]",170.51,23,46.45,325.75,18405.73,1.35
-35.13,150.73,2022-02-12,"(0,10]",217.57,47,38.04,470.49,12156.52,2.85
-35.13,150.74,2022-02-12,"(0,10]",59.58,12,36.06,223.87,819.42,1.45
-35.12,150.71,2019-03-31,"(0,10]",261.09,31,44.38,218.42,21267.48,1.5
-35.12,150.71,2019-03-31,"(10,20]",83.02,28,52.44,1222.1,10169.86,2.84
-35.12,150.71,2021-04-11,"(0,10]",269.53,31,44.46,193.31,22342.93,1.87
-35.12,150.71,2021-04-11,"(10,20]",220.7,23,44.66,169.32,24439.4,1.2
-35.12,150.71,2022-02-12,"(0,10]",166.5,32,30.2,502.75,9567.51,2.62
-35.12,150.75,2022-02-11,"(0,10]",404.55,47,50.53,490.03,95934.97,2.1
-35.12,150.76,2019-03-28,"(0,10]",264.35,34,31.19,372.92,26358.22,2.76
-35.12,150.76,2022-02-11,"(0,10]",134.08,37,35.97,545.3,15498.36,3.04
-35.11,150.77,2019-03-28,"(0,10]",571.65,46,35.27,589.23,66765.45,2.46
-35.11,150.77,2019-04-01,"(0,10]",468.07,57,34.13,463.53,40674.69,2.65
-35.11,150.77,2021-04-12,"(0,10]",244.16,44,29.43,536.75,11796.77,2.75
-35.11,150.77,2021-04-12,"(10,20]",120.3,46,25.71,385.38,15226.96,2.88
-35.11,150.77,2022-02-11,"(0,10]",243.63,64,29.48,489.33,24201.08,3.17
-35.1,138.47,2019-03-18,"(0,10]",37.4,14,41.99,515.81,6832.33,2.2
-35.1,138.47,2019-09-13,"(0,10]",9.83,9,47.35,794.2,1939.15,2.18
-35.1,138.47,2022-03-25,"(0,10]",92.68,12,19.39,143.1,3625.29,1.59
-35.1,138.47,2022-09-06,"(0,10]",18.35,10,32.26,492.69,2674.37,2.01
-35.1,138.48,2019-03-15,"(0,10]",36.84,7,15.07,118.48,848.29,0.81
-35.1,138.48,2019-09-13,"(0,10]",2,2,28,338,297.41,0.69
-35.1,138.48,2022-04-08,"(0,10]",11.67,9,41.56,866.23,6378.84,2.14
-35.1,138.48,2022-08-31,"(0,10]",5.33,5,31.81,288.26,494.01,1.6
-35.1,150.69,2019-03-28,"(0,10]",99.44,19,41.99,271.83,18789.25,1.7
-35.1,150.7,2021-04-10,"(0,10]",403.19,19,42.01,284.19,14657.52,1.5
-35.09,150.69,2019-03-27,"(0,10]",80.52,28,33.76,716.84,9905.44,2.67
-35.09,150.69,2021-04-09,"(0,10]",167.2,20,50.33,203.85,4121.26,1.06
-35.09,150.69,2021-04-10,"(0,10]",248.17,28,43.83,217.55,9842.93,1.51
-35.09,150.8,2019-03-30,"(0,10]",466.78,56,36.7,415.69,45265.32,2.35
-35.09,150.8,2019-03-30,"(10,20]",389.62,36,38.38,426.46,43362.54,1.79
-35.09,150.8,2022-02-14,"(10,20]",324.6,40,24.23,275.56,12182.35,2.6
-35.08,150.79,2019-03-29,"(0,10]",526.28,45,24.56,507.72,41498.25,1.94
-35.08,150.79,2019-03-29,"(10,20]",1382.23,22,41.04,335.71,188833.4,0.77
-35.08,150.79,2019-03-30,"(0,10]",316.54,57,45.58,2063.22,62707.88,2.59
-35.08,150.79,2019-03-30,"(10,20]",294.25,28,41.55,337.59,57333.32,1.29
-35.08,150.79,2022-02-14,"(0,10]",286.61,27,20.9,203.73,16349.93,1.88
-35.08,150.79,2022-02-14,"(10,20]",331.32,37,29.74,486.54,16830.42,2.43
-35.08,150.8,2019-03-29,"(0,10]",705.25,37,23.26,259.61,47554.83,1.51
-35.08,150.8,2019-03-29,"(10,20]",113.03,25,30.31,657.37,14806.22,2.21
-35.08,150.8,2021-04-10,"(0,10]",354.39,38,39.61,520.29,26252,2.2
-35.08,150.8,2021-04-10,"(10,20]",772.92,37,41.04,285.11,23608.42,1.31
-35.08,150.8,2022-02-14,"(0,10]",179.66,19,26.49,349.93,8995.38,1.75
-35.08,150.8,2022-02-14,"(10,20]",154.27,26,28.39,327.05,8385.86,2.16
-35.07,138.49,2019-03-15,"(0,10]",90.78,14,19.29,235.32,3935.37,1
-35.07,138.49,2019-09-10,"(0,10]",6,6,20.93,97.82,600.1,1.79
-35.07,138.49,2022-03-23,"(0,10]",254.99,19,17.44,127.72,6294.05,1.48
-35.07,138.49,2022-09-06,"(0,10]",170.08,10,17.85,149,4192,0.58
-35.07,150.7,2022-02-12,"(0,10]",109.4,31,39.21,720.78,6143.23,2.63
-35.07,150.77,2021-04-10,"(0,10]",173.84,32,35.97,292.78,8632.2,2.27
-35.07,150.77,2021-04-10,"(10,20]",362.95,31,48.68,153.7,43222.1,0.96
-35.07,150.77,2022-02-13,"(0,10]",230.09,38,34.49,437.55,11650.42,2.52
-35.06,150.77,2022-02-13,"(0,10]",135.3,33,46.67,716.12,8785.89,2.64
-35.05,138.5,2019-03-15,"(0,10]",42.33,7,9.9,401.16,958.26,0.74
-35.05,138.5,2019-09-10,"(0,10]",2,2,29.5,40.5,513.45,0.69
-35.05,138.5,2022-03-23,"(0,10]",407,8,14.14,7.24,309.06,0.12
-35.05,138.5,2022-08-31,"(0,10]",2,2,13.3,0.98,11.13,0.69
-35.05,150.84,2021-04-09,"(0,10]",641.64,36,36.07,502.2,86225.92,1.85
-35.05,150.84,2021-04-09,"(10,20]",483.49,27,39.71,349,72006.02,1.36
-35.04,138.49,2021-02-15,"(10,20]",684.24,29,19.37,174.17,16152.76,0.73
-35.02,150.76,2022-02-13,"(0,10]",247.53,56,27.24,445.39,23013.81,2.9
-35.01,150.83,2019-03-26,"(0,10]",76.95,26,40.66,1386.03,7466.1,2.84
-34.96,138.48,2020-02-13,"(10,20]",452.04,20,16.5,84.02,5427.18,1.05
-34.96,138.48,2021-03-01,"(10,20]",227.14,21,16.52,117.76,3588.39,1.23
-34.96,138.48,2022-04-05,"(10,20]",517.92,26,14.62,102.87,6378.47,1.29
-34.85,138.45,2020-02-13,"(0,10]",88.4,6,7.11,186.66,2317.35,0.41
-34.85,138.45,2021-03-01,"(0,10]",47.46,8,11.27,330.15,971.58,1.33
-34.62,138.31,2020-02-21,"(10,20]",63.95,13,19.51,630.41,2152.72,1.43
-34.62,138.31,2021-03-19,"(10,20]",355.64,15,9.28,74.77,1405.79,1.12
-34.44,138.2,2020-02-21,"(0,10]",12.65,10,34.29,826.61,1231.86,2.22
-34.44,138.2,2021-03-19,"(0,10]",6.69,5,32.16,1785.24,478.84,1.52
-34.23,137.49,2020-02-23,"(0,10]",1166.22,23,15.59,24.67,7043.11,0.61
-34.21,137.48,2020-02-24,"(0,10]",506.67,20,17.53,115.3,8770.53,0.67
-34.19,137.47,2020-02-23,"(0,10]",757.1,12,19.96,68.07,30947.71,0.9
-34.19,137.47,2020-02-24,"(0,10]",103.38,14,18.56,276.11,2705.56,1.52
-34.18,137.46,2020-02-22,"(0,10]",855.65,17,10.24,93.88,6107.73,0.89
-34.17,137.46,2020-02-23,"(0,10]",235.6,18,21.16,170.17,10289.71,1.36
-34.16,137.45,2020-02-22,"(0,10]",163.84,16,19.79,278.03,5332.63,1.11
-34.13,137.44,2020-02-22,"(0,10]",114.83,14,18.08,158.19,2510.32,0.83
-34.07,151.11,2022-05-19,"(0,10]",212.51,23,52.12,1242.68,28027.85,2.29
-34.07,151.13,2019-03-05,"(0,10]",261.9,43,33.17,616,38687.9,2.91
-34.07,151.13,2020-02-29,"(0,10]",315.82,32,21.79,229.05,21211.51,1.87
-34.07,151.13,2022-05-19,"(0,10]",237.79,34,27.06,474.43,25214.42,2.53
-34.07,151.16,2020-02-29,"(0,10]",102.85,21,20.99,83.7,10175.44,1.88
-34,151.23,2019-02-10,"(0,10]",157.42,32,21.11,115.83,12886.87,2.42
-34,151.23,2020-12-19,"(0,10]",93.28,24,21.87,157.19,8220.08,2.41
-33.99,151.23,2019-02-03,"(0,10]",141.25,14,25.98,825.83,5102.14,1.77
-33.99,151.23,2019-02-23,"(0,10]",175.41,43,30.87,515.59,29803.45,2.86
-33.99,151.23,2020-03-22,"(0,10]",221.19,32,20.93,207.96,5630.24,1.66
-33.99,151.23,2020-11-28,"(0,10]",89.18,19,22.81,126.31,4829.08,1.71
-33.99,151.23,2020-12-28,"(0,10]",25.85,12,27.97,871.84,1275.06,2.32
-33.99,151.23,2021-02-06,"(0,10]",272.93,30,32.36,242.52,21575.86,2.17
-33.99,151.23,2021-12-10,"(0,10]",105,24,20.01,154.74,4621.04,1.81
-33.99,151.23,2022-01-03,"(0,10]",187.04,23,20.09,105.56,19031.08,2.26
-33.93,137.6,2020-06-17,"(0,10]",3.14,3,12.73,5.21,17.35,1.1
-33.93,137.6,2022-02-08,"(0,10]",359.06,10,10.69,20.51,809.45,0.83
-33.93,137.61,2022-02-07,"(0,10]",3,2,22.67,300.44,43.03,0.64
-33.92,151.26,2019-03-09,"(0,10]",74.78,30,31.51,781.07,5770.19,2.85
-33.92,151.26,2022-04-28,"(0,10]",79.27,23,38.72,533.3,9021.82,2.21
-33.92,151.27,2019-03-09,"(0,10]",133.11,29,22.96,155.82,8387.79,2.32
-33.92,151.27,2020-07-03,"(0,10]",71.63,22,24.8,259.17,10112.61,2.09
-33.89,151.28,2020-06-16,"(0,10]",151.52,17,18.52,101.59,9347.48,1.56
-33.85,151.26,2020-02-01,"(0,10]",102.8,29,31.65,695.32,12277.16,2.71
-33.85,151.27,2020-02-01,"(0,10]",36.94,16,27.88,733.39,2035.54,2.33
-33.84,151.25,2019-01-03,"(0,10]",63.17,15,21.71,322.84,2244.41,2.08
-33.84,151.25,2019-11-23,"(0,10]",84.83,20,22.75,444.99,5353.88,2.14
-33.84,151.25,2020-03-07,"(0,10]",87.14,28,27.05,875.38,4596.39,2.68
-33.84,151.26,2020-07-05,"(0,10]",54.25,10,40.96,943.56,895.23,1.33
-33.84,151.28,2019-03-02,"(0,10]",220.54,37,38.57,1482.49,10444.66,2.82
-33.84,151.28,2020-01-11,"(0,10]",167.89,40,32.18,899.9,14126.43,2.92
-33.84,151.28,2020-01-25,"(0,10]",96.21,34,35.28,741.33,9523.32,3.01
-33.84,151.28,2021-03-07,"(0,10]",169.84,40,37.91,662.74,19835.05,2.79
-33.84,151.28,2021-12-11,"(0,10]",114.14,38,30.41,725.71,11806.44,2.85
-33.84,151.29,2020-08-02,"(0,10]",121.53,15,20.85,154.62,8744.49,1.79
-33.84,151.29,2021-04-03,"(0,10]",134.14,20,17.81,104.73,7585.75,1.25
-33.84,151.29,2022-05-15,"(0,10]",127.85,19,21.63,119.85,13043.29,2.02
-33.83,151.26,2020-07-05,"(0,10]",106.27,22,21.53,322.09,6284.06,2.22
-33.83,151.26,2021-04-05,"(0,10]",67.39,17,30.92,417.53,2521.65,2.21
-33.83,151.26,2022-04-30,"(0,10]",136.12,33,33.75,395,3560.61,2.69
-33.83,151.27,2019-03-03,"(0,10]",424.66,38,25.81,420.73,10370.98,2.4
-33.83,151.27,2020-07-05,"(0,10]",294.7,25,29.81,338.23,26570.14,1.76
-33.83,151.27,2021-04-05,"(0,10]",137.32,25,23.5,267.29,4035.16,2.08
-33.83,151.27,2022-04-30,"(0,10]",173.67,34,34.56,730.5,10626.87,2.57
-33.83,151.28,2020-08-02,"(0,10]",140.59,22,21.66,236.99,6036.39,1.84
-33.83,151.28,2022-05-10,"(0,10]",77.11,25,19.46,151.94,3159.61,2.23
-33.82,151.29,2019-03-02,"(0,10]",145.76,21,20.68,151.62,10726.82,1.86
-33.82,151.29,2019-03-03,"(0,10]",370.63,44,29.64,344.09,11376.95,2.29
-33.82,151.29,2020-06-27,"(0,10]",245.81,37,18.7,276.95,13614.89,1.86
-33.82,151.29,2020-07-19,"(0,10]",182.5,24,22.82,175.6,14685.57,1.97
-33.82,151.29,2021-03-13,"(0,10]",442.98,47,29.75,335.57,46924.87,2.2
-33.82,151.29,2022-05-07,"(0,10]",777.21,24,43.19,212.2,155736.52,0.95
-33.82,151.29,2022-05-10,"(0,10]",90.98,36,24.18,323.62,3015.14,3.07
-33.82,151.3,2019-03-03,"(0,10]",312.57,26,20.22,138.21,15390.93,1.99
-33.82,151.3,2020-07-19,"(0,10]",122.51,19,19.82,116.59,6373.41,1.86
-33.82,151.3,2021-03-13,"(0,10]",261.07,30,27.12,334.49,33922.64,1.93
-33.82,151.3,2022-05-07,"(0,10]",1286.81,26,45.39,146.62,244122.6,0.79
-33.82,151.3,2022-05-07,"(10,20]",83.5,23,29.45,654.19,11851.13,2.43
-33.81,151.27,2021-04-05,"(0,10]",171.62,36,32.53,750.86,11927.44,2.44
-33.81,151.31,2019-03-02,"(0,10]",326.62,44,18.34,94.36,11303.18,1.78
-33.81,151.31,2020-07-25,"(0,10]",143.63,21,23.54,180.96,8394.37,2.01
-33.81,151.31,2021-04-03,"(0,10]",227.89,29,21.36,122.69,8107.71,1.89
-33.81,151.31,2022-04-30,"(0,10]",206.33,21,21.69,114.05,6753.12,1.77
-33.81,151.31,2022-05-15,"(0,10]",186.73,21,21.93,326.35,14669.33,1.84
-33.8,151.27,2019-02-14,"(0,10]",97.06,26,30.78,508.76,10903.63,2.59
-33.8,151.27,2020-01-04,"(0,10]",167.37,22,29.18,494.17,5360.84,1.65
-33.8,151.27,2022-01-08,"(0,10]",174.74,33,41.29,517.49,32167.51,2.43
-33.8,151.28,2020-01-04,"(0,10]",164.28,36,27.11,555.82,22878.71,2.6
-33.8,151.28,2022-01-08,"(0,10]",74.34,21,30.12,642.36,11058.2,2.08
-33.8,151.29,2019-02-05,"(0,10]",177.76,21,19.32,108.91,10938.12,1.6
-33.8,151.29,2019-02-14,"(0,10]",261.54,34,24.57,356.06,23234.56,2.33
-33.8,151.29,2020-03-07,"(0,10]",209.42,51,32.42,791.14,14533.7,3.07
-33.8,151.3,2019-02-08,"(0,10]",326.65,40,18.88,176.11,14443.45,1.84
-33.8,151.3,2019-11-16,"(0,10]",335.08,51,24.71,540.86,26604.93,2.35
-33.8,151.3,2020-03-15,"(0,10]",170.52,42,25.66,498.63,14432.71,2.46
-33.8,151.3,2020-03-21,"(0,10]",308.25,47,22.06,322.96,16741.53,2.04
-33.8,151.3,2021-12-12,"(0,10]",268.01,54,26.42,493.98,26120.27,2.51
-33.78,151.29,2020-06-22,"(0,10]",118.88,24,22.66,279.11,5251.23,2.06
-33.6,115.21,2022-04-03,"(10,20]",1422.01,29,15.25,65.05,11573.77,1.33
-33.6,115.22,2022-04-03,"(10,20]",1518.09,51,20.96,553.9,46184.44,1.35
-33.59,115.2,2019-03-31,"(10,20]",1205.45,45,14.09,85.62,14708.8,1.38
-33.59,115.2,2022-04-01,"(10,20]",689.94,39,14.87,135.44,15863.13,1.82
-33.59,115.21,2019-03-31,"(10,20]",777.18,39,15.5,84.38,16905.47,1.65
-33.59,115.21,2022-04-01,"(10,20]",1441.99,40,15.54,53.96,17526.26,1.53
-33.59,115.23,2019-03-30,"(10,20]",968.44,43,19.28,357.4,28405.39,1.52
-33.59,115.23,2022-04-02,"(10,20]",1785.95,47,23.67,590.04,137693.89,1.88
-33.59,115.24,2019-03-30,"(10,20]",1431.77,41,16.06,129.16,17914.88,1.3
-33.59,115.24,2022-04-02,"(10,20]",1137.46,38,15.79,93.07,16694.95,1.49
-32.79,152.11,2019-05-10,"(0,10]",208.52,16,44.76,127.63,6178.49,1.18
-32.79,152.11,2019-05-11,"(0,10]",122.82,38,35.2,419.53,4951.21,3.05
-32.79,152.11,2021-05-11,"(0,10]",46.68,22,39.27,381.72,3341.52,2.52
-32.79,152.11,2021-05-14,"(0,10]",82.91,29,25.52,189.12,1720.57,2.58
-32.79,152.11,2021-05-17,"(0,10]",56.72,25,42.38,689.13,5601.2,2.86
-32.79,152.11,2022-05-07,"(0,10]",458.93,32,44.77,497.27,23648.64,1.81
-32.75,152.17,2019-05-11,"(0,10]",175.34,20,43.83,158.06,11761.15,1.31
-32.75,152.17,2021-05-12,"(0,10]",333.71,30,40.46,296.72,34466.21,1.73
-32.75,152.17,2021-05-14,"(0,10]",78.12,16,43.57,293.33,4354.42,1.54
-32.75,152.17,2022-05-08,"(0,10]",244.72,43,28.48,387.99,6866.51,2.47
-32.74,152.19,2019-05-10,"(0,10]",916.98,52,41.42,239.93,62326.47,2.01
-32.72,152.14,2019-05-12,"(0,10]",111.43,38,57.62,1895.65,37036.04,3.03
-32.72,152.14,2019-07-19,"(0,10]",39.83,26,39.11,1240.3,2759.69,3.13
-32.72,152.14,2019-10-26,"(0,10]",35.57,26,36.22,1067.54,2060.4,3.2
-32.72,152.14,2019-12-13,"(0,10]",36.29,22,28.31,228.52,748.78,2.81
-32.72,152.14,2020-02-23,"(0,10]",194.44,19,26.51,205.92,2974.54,1.16
-32.72,152.14,2020-08-08,"(0,10]",40.45,22,97.01,10962.84,38498.13,2.71
-32.72,152.14,2020-10-17,"(0,10]",43.46,23,41.02,1159.3,1639.51,3.05
-32.72,152.14,2020-10-17,"(10,20]",34.12,16,34.05,1412.3,2146.93,2.61
-32.72,152.14,2021-05-16,"(0,10]",47.36,25,34.49,1009.04,2726.12,2.95
-32.72,152.14,2021-05-16,"(10,20]",35.82,24,26.85,617.11,1219.3,3.04
-32.72,152.14,2022-05-06,"(0,10]",28.42,20,36.06,944.52,1451.91,2.92
-32.72,152.15,2021-05-14,"(0,10]",95.39,37,38,580.84,3066.88,2.92
-32.72,152.15,2021-07-10,"(0,10]",92.25,24,27.59,319.88,2784.8,1.92
-32.71,152.15,2019-05-12,"(0,10]",311.01,35,26.37,287.53,9850.01,2.01
-32.71,152.15,2019-05-12,"(10,20]",469.87,48,29.62,554.49,41767.38,2.83
-32.71,152.15,2019-07-26,"(0,10]",227.08,48,45.36,881.12,15448.35,3.07
-32.71,152.15,2019-11-17,"(0,10]",132.41,33,36.07,651.26,6947.32,2.87
-32.71,152.15,2020-03-08,"(0,10]",109.56,37,31.74,654.19,3997.33,3.03
-32.71,152.15,2020-03-13,"(0,10]",307.23,39,28.01,449.53,12395.89,2.4
-32.71,152.15,2020-07-05,"(0,10]",995.84,48,19.13,291.28,12010.13,1.39
-32.71,152.15,2020-11-14,"(0,10]",315.89,38,52.64,735.05,78304.05,2.47
-32.71,152.15,2021-02-13,"(0,10]",230.32,31,43.32,1044.43,19554.86,2.26
-32.71,152.15,2021-05-14,"(0,10]",61.05,34,31.14,722.43,5414.97,3.41
-32.71,152.15,2021-05-14,"(10,20]",704.7,43,44.78,595.31,73977.54,1.84
-32.71,152.15,2021-05-15,"(0,10]",275.33,60,40.89,730.62,22130.52,3.31
-32.71,152.15,2021-07-09,"(0,10]",54.03,29,38.61,872.84,5601.52,3.17
-32.71,152.15,2021-07-24,"(0,10]",265.46,30,50.62,1471.43,21036.74,2.17
-32.71,152.15,2022-02-06,"(0,10]",289.85,41,30.92,177.67,7755.52,1.65
-32.71,152.15,2022-05-07,"(0,10]",122.45,43,31.13,708.48,11384.77,3.26
-32.71,152.15,2022-05-08,"(0,10]",58.9,29,45.97,1158.98,8889.81,2.94
-32.71,152.15,2022-05-08,"(10,20]",356.29,40,28.54,461.17,58917.75,2.39
-32.71,152.16,2019-02-09,"(0,10]",582.42,33,26.58,134.98,12695.73,0.86
-32.71,152.16,2019-05-05,"(0,10]",162.17,42,49.67,1033.45,13762.6,3.12
-32.71,152.16,2019-05-10,"(0,10]",159.95,39,35.24,571.83,14790.39,2.79
-32.71,152.16,2019-05-10,"(10,20]",63.37,22,55.31,871.66,10381.43,2.63
-32.71,152.16,2019-05-11,"(0,10]",214.5,27,34.55,1098.06,22684.72,2.13
-32.71,152.16,2019-08-02,"(0,10]",39.91,26,39.33,988.42,4586.39,3.15
-32.71,152.16,2019-08-02,"(10,20]",35.88,21,38.56,446.99,3449.07,2.89
-32.71,152.16,2019-08-03,"(0,10]",130.98,38,54.89,1273.1,10362.83,3.09
-32.71,152.16,2019-10-19,"(0,10]",199.57,25,30.89,434.12,40967.76,1.24
-32.71,152.16,2019-10-19,"(10,20]",31.91,19,39.62,662.21,3095.93,2.73
-32.71,152.16,2019-10-20,"(0,10]",113.41,35,32.48,786.35,10015.41,2.97
-32.71,152.16,2020-02-01,"(0,10]",149.65,47,29.98,427.32,7652.14,2.74
-32.71,152.16,2020-03-22,"(10,20]",645.66,36,47.88,182.45,39223.46,0.8
-32.71,152.16,2020-06-27,"(0,10]",168.41,28,38.37,435.81,25821.85,1.94
-32.71,152.16,2020-07-12,"(10,20]",18.76,14,31.69,261.07,1289.1,2.57
-32.71,152.16,2020-11-08,"(10,20]",56.27,28,43.86,1065.3,2480.7,3.11
-32.71,152.16,2020-11-15,"(0,10]",116.15,34,41.54,826.5,9279.79,3.01
-32.71,152.16,2021-02-27,"(0,10]",531.27,31,40.52,328.41,27075.58,1.75
-32.71,152.16,2021-02-27,"(10,20]",497.11,29,45.19,143.89,14083.87,1.28
-32.71,152.16,2021-02-28,"(0,10]",179.47,34,37.44,588.41,17634.67,2.41
-32.71,152.16,2021-03-28,"(0,10]",212.59,30,44.24,283.56,5590.35,1.53
-32.71,152.16,2021-05-13,"(10,20]",155.51,40,33.71,574.3,17374.45,2.88
-32.71,152.16,2021-05-15,"(0,10]",348.37,42,45.32,269.53,40296.51,1.72
-32.71,152.16,2021-05-15,"(10,20]",296.47,21,48.92,278.77,45179.61,1.01
-32.71,152.16,2021-05-16,"(0,10]",71,42,33.95,1040.93,5476.71,3.5
-32.71,152.16,2021-05-17,"(10,20]",54.37,17,28.64,389.06,4859.99,2.12
-32.71,152.16,2021-07-31,"(0,10]",83.76,34,45.73,935.68,6779.33,2.96
-32.71,152.16,2021-08-01,"(10,20]",22.04,17,37.87,993.85,1837.19,2.78
-32.71,152.16,2022-02-05,"(0,10]",75.59,27,36.9,554.61,3212.08,2.52
-32.71,152.16,2022-02-19,"(0,10]",129.47,35,34.45,505.2,12778.58,2.82
-32.71,152.16,2022-05-07,"(0,10]",97.08,30,40.22,719.11,8866.88,2.57
-32.71,152.16,2022-05-07,"(10,20]",250.96,31,29.94,612.49,17495.08,2.35
-32.71,152.16,2022-05-08,"(0,10]",96.28,26,32.86,541.95,7403.25,2.5
-32.71,152.16,2022-05-08,"(10,20]",483.2,19,31.38,83.83,10211.81,0.82
-32.69,152.22,2019-05-10,"(0,10]",1316.88,69,44.77,244.19,101111.66,1.64
-32.62,152.33,2022-05-06,"(0,10]",435.48,34,24.32,144.02,40869.66,2
-32.62,152.33,2022-05-06,"(10,20]",361.54,48,24.57,285.01,23709.49,2.23
-32.47,152.55,2022-06-26,"(0,10]",116.45,21,25.33,254.06,8854.07,2.21
-32.46,152.55,2022-06-25,"(0,10]",314.12,18,32.02,434.95,22892.24,1.76
-32.45,152.54,2022-06-25,"(0,10]",151.71,21,34.07,331.87,17428.09,1.94
-32.43,152.53,2022-06-24,"(0,10]",319.23,50,36.41,359.85,31148.96,2.62
-32.43,152.54,2022-06-26,"(0,10]",223.38,25,37.39,503.08,16874.28,1.71
-32.27,115.68,2020-02-16,"(0,10]",140.93,17,18.78,217.99,2940.2,1.24
-32.27,115.68,2020-02-29,"(0,10]",726.47,20,28.93,11.46,23362.24,0.83
-32.27,115.68,2020-03-02,"(0,10]",184.58,14,28.01,56.67,7353.46,0.66
-32.27,115.69,2020-02-22,"(0,10]",119.67,12,30.35,52.59,756.69,0.82
-32.27,115.69,2020-03-01,"(0,10]",97.92,15,27.91,70.88,1125.02,1.23
-32.27,115.69,2021-02-27,"(0,10]",38.62,17,33.98,652.8,3096.93,2.46
-32.03,115.44,2019-06-02,"(10,20]",316.14,31,20.38,379.39,38348.41,1.69
-32.03,115.53,2019-05-11,"(0,10]",600.59,33,38.13,145.98,71512.25,0.87
-32.03,115.53,2019-06-02,"(0,10]",276.92,28,31.39,588.5,50195.39,2.13
-32.03,115.53,2019-06-02,"(10,20]",126.89,25,22.85,207.97,12032.47,2.39
-32.03,115.53,2020-05-21,"(0,10]",142.87,25,31.71,345.87,15816.31,1.98
-32.03,115.53,2020-06-07,"(0,10]",765.22,23,25.56,145.54,33561.76,1.05
-32.03,115.53,2020-06-07,"(10,20]",3846.8,29,30.66,15.84,31745.75,0.3
-32.03,115.53,2021-05-09,"(0,10]",45.67,23,25.78,425.32,3138.39,2.76
-32.03,115.58,2019-05-12,"(0,10]",604.39,26,13.9,55.63,12602.66,0.89
-32.03,115.58,2020-05-21,"(0,10]",111.75,25,35.11,662.79,44314.3,2.4
-32.03,115.58,2021-05-09,"(0,10]",296.13,31,17.94,269.45,13424.41,2.44
-32.03,115.58,2022-06-25,"(0,10]",267.18,29,22.21,220.46,15004.29,2.2
-32.02,115.45,2019-05-12,"(0,10]",1611.84,33,40.15,54.74,135838.95,0.44
-32.02,115.45,2019-06-02,"(0,10]",166.56,19,16.69,468.2,9684.96,1.22
-32.02,115.45,2020-05-21,"(0,10]",461.33,20,42.42,115.86,39950.86,0.71
-32.02,115.45,2021-05-08,"(0,10]",216.02,38,36.87,607.52,30174.46,2.25
-32.02,115.5,2019-05-10,"(0,10]",269.39,30,19.89,130.08,8311.77,1.14
-32.02,115.5,2020-05-21,"(0,10]",213.85,24,15.94,440.9,8512.11,1.32
-32.02,115.5,2021-05-08,"(0,10]",197.81,20,12.71,149.96,5559.73,1.11
-32.02,115.55,2019-05-12,"(0,10]",343.71,28,19.53,301.26,15078.92,2.12
-32.02,115.55,2019-05-13,"(0,10]",227.47,15,28.23,211.94,12259.75,1.15
-32.02,115.55,2020-05-21,"(0,10]",163.18,30,24.53,168.27,23780.21,2.1
-32.02,115.55,2020-06-07,"(0,10]",248.85,21,21.35,151.7,4890.86,1.73
-32.02,115.55,2021-05-09,"(0,10]",1353.39,34,29.31,219.34,89493.33,1.5
-32.02,115.56,2019-05-11,"(0,10]",261.96,38,16.59,171.7,10300.54,2.45
-32.02,115.56,2020-05-21,"(0,10]",264.11,30,21.32,339,42406.66,1.99
-32.02,115.56,2021-05-07,"(0,10]",145.28,27,17.23,215.95,5072.21,2.5
-32.02,115.56,2022-06-25,"(0,10]",973.79,24,12.52,30.69,8744.16,1.45
-32,115.47,2021-05-10,"(0,10]",124.93,16,28.72,389.76,6423.48,1.9
-32,115.47,2021-05-10,"(10,20]",373.41,38,22.74,322.86,25440.74,2.46
-31.99,115.5,2019-05-12,"(0,10]",1592.96,48,13.21,158.26,40605.45,1.24
-31.99,115.5,2020-05-14,"(0,10]",307.15,37,23.35,417,27339.34,2.5
-31.99,115.5,2021-05-07,"(0,10]",315.03,44,23.01,479.97,15380.95,2.5
-31.99,115.5,2022-05-28,"(0,10]",476.23,44,27.85,389.46,23983.75,1.76
-31.99,115.52,2019-05-10,"(0,10]",285.21,24,21.35,300.43,13496.49,1.93
-31.99,115.52,2019-05-12,"(0,10]",397.72,33,17.9,203.22,22675.62,1.85
-31.99,115.52,2020-06-07,"(0,10]",725.88,35,18.07,175,28353.92,1.94
-31.99,115.52,2021-05-10,"(0,10]",541.53,41,33.3,249.66,73195.81,1.78
-31.99,115.53,2019-05-13,"(0,10]",572.67,27,20,349.96,64921.72,1.71
-31.99,115.53,2021-05-08,"(0,10]",30.33,16,39.07,926.76,2928.7,2.43
-31.99,115.54,2019-05-10,"(0,10]",137.81,21,45.96,1617.12,14870.26,2.15
-31.99,115.54,2020-06-07,"(0,10]",175.5,26,25.33,425.49,20711.63,2.39
-31.99,115.54,2021-05-07,"(0,10]",153.19,36,52.58,2050.31,15789.2,2.69
-31.99,115.56,2019-05-13,"(0,10]",1526.99,30,17.1,309.43,114321.9,1.61
-31.99,115.56,2020-05-14,"(0,10]",1259.59,31,16.05,198.63,37612.35,0.96
-31.99,115.56,2021-05-07,"(0,10]",5318.33,36,13.05,56.27,71342.15,0.38
-31.99,115.56,2022-05-28,"(0,10]",1542.1,32,16.14,215.78,68290.49,0.7
-31.99,115.58,2019-05-13,"(0,10]",28.28,18,32.93,470.49,5228.86,2.76
-31.97,115.54,2019-05-10,"(0,10]",136.72,21,21.31,307.84,8808.9,1.89
-31.97,115.54,2019-05-10,"(10,20]",66.48,18,31.23,224.32,4530.38,2.24
-31.97,115.54,2020-05-14,"(0,10]",583,23,19.09,121.31,21502.36,1.52
-31.97,115.54,2021-05-09,"(0,10]",339.25,31,20.78,262.27,28317.92,2.02
-31.97,115.54,2021-05-09,"(10,20]",130.98,20,19.8,195.91,2260.24,1.96
-31.97,115.54,2022-06-25,"(10,20]",588.55,27,21.73,273.54,14450.91,1.63
-31.87,115.75,2020-03-07,"(0,10]",72.78,19,29.27,343.77,8367.91,2.17
-31.85,115.75,2021-02-20,"(0,10]",358.43,29,30.66,85.85,5221.75,0.94
-31.84,115.75,2020-03-14,"(0,10]",76.93,25,36.17,835.23,10187.67,2.67
-31.84,115.75,2021-02-28,"(0,10]",28.66,16,28.17,494.54,941.68,2.61
-31.84,115.75,2021-03-13,"(0,10]",194.65,24,33.42,480.57,13069.23,1.89
-31.83,115.73,2021-02-14,"(0,10]",498.57,35,39.64,172.76,26709.51,1.63
-31.76,159.24,2020-02-28,"(0,10]",257.23,28,22.49,405.36,32494.1,1.83
-31.76,159.24,2020-02-28,"(10,20]",438.82,36,18.97,318.86,25425.46,2.17
-31.76,159.24,2022-03-23,"(10,20]",173.22,43,18.6,325.4,17146.37,2.58
-31.75,159.24,2020-02-28,"(0,10]",428.24,28,14.9,231.33,26094.23,1.76
-31.75,159.24,2020-02-28,"(10,20]",302.59,24,12.7,53.6,11340.99,1.97
-31.75,159.24,2022-03-23,"(0,10]",248.65,21,16.05,286.45,32344.99,2.31
-31.75,159.24,2022-03-23,"(20,30]",295.7,26,17.75,174.21,15615.38,1.87
-31.6,159.08,2020-02-17,"(10,20]",105.8,30,17.77,138.49,13690.62,2.75
-31.6,159.08,2022-03-24,"(0,10]",95.26,22,12.61,77.12,6096.18,2.45
-31.6,159.08,2022-03-24,"(10,20]",79.51,16,15.16,54.81,2371.49,2.08
-31.58,159.07,2020-02-11,"(0,10]",137.77,38,21.05,217.92,6323.1,2.91
-31.58,159.07,2020-02-11,"(10,20]",226.04,35,15.33,50.75,9527.42,2.07
-31.58,159.07,2022-03-25,"(0,10]",195.91,32,12.54,101.08,7923.03,2.38
-31.58,159.07,2022-03-25,"(10,20]",146.44,36,17.46,223.9,10380.53,2.68
-31.57,159.07,2020-02-10,"(0,10]",174.72,30,15.02,84.43,4396.46,2.36
-31.57,159.07,2022-03-17,"(0,10]",297.22,27,14.14,265.21,3684.8,2.03
-31.57,159.1,2020-02-16,"(0,10]",220.81,27,17.5,88.31,11191.6,1.56
-31.57,159.1,2022-03-24,"(0,10]",128.67,28,18.79,217.65,5487.18,2.73
-31.56,159.07,2020-02-11,"(0,10]",130.8,40,30.88,612.22,58411.17,3.05
-31.56,159.07,2022-03-17,"(0,10]",151.72,50,39.46,1317.68,89361.55,3.43
-31.56,159.1,2020-02-16,"(0,10]",169.74,36,17.59,256.34,28480.85,2.21
-31.56,159.1,2022-03-21,"(0,10]",388.24,43,27.72,347.69,20221.24,2.09
-31.55,159.06,2020-02-11,"(0,10]",179.9,53,18.83,130.64,9544.14,3.53
-31.55,159.06,2020-02-16,"(0,10]",258.43,72,18.01,150.19,16533.55,3.44
-31.55,159.06,2022-03-18,"(0,10]",137.34,48,18.03,142.76,8642.21,3.39
-31.55,159.06,2022-03-19,"(0,10]",369.79,85,18.78,265.83,31130.26,3.78
-31.55,159.07,2020-02-12,"(0,10]",140.96,52,18.07,140.1,9823.6,3.57
-31.55,159.07,2022-03-17,"(0,10]",520.66,58,16.38,155.77,34087.96,2.04
-31.54,159.05,2020-02-10,"(0,10]",178.4,45,22.11,251.81,15025.99,2.84
-31.54,159.05,2020-02-10,"(10,20]",82.68,21,15.19,31.88,7235.38,2.57
-31.54,159.05,2022-03-17,"(0,10]",122.62,40,17.7,319.95,7563.61,3.2
-31.54,159.05,2022-03-17,"(10,20]",75.78,23,22.32,382.07,11838.26,2.66
-31.54,159.06,2020-02-16,"(0,10]",123.87,47,17.03,184.92,6451.31,3.32
-31.54,159.06,2022-03-14,"(0,10]",103.79,44,18.26,176.88,10555.37,3.41
-31.54,159.07,2020-02-19,"(0,10]",268.24,65,27.05,957.81,19366.2,3.38
-31.54,159.07,2022-03-14,"(0,10]",312.5,83,26.72,452.61,37067.53,3.49
-31.54,159.11,2020-02-17,"(0,10]",356.58,25,29.2,383.26,18149.23,1.78
-31.54,159.11,2022-03-24,"(0,10]",293.45,25,26.99,587.14,111334.19,2.04
-31.53,159.05,2020-02-12,"(0,10]",230.62,53,39.92,1800.29,114157.54,3.19
-31.53,159.05,2020-02-19,"(0,10]",241.77,61,27.69,449.15,52169.1,3.6
-31.53,159.05,2022-03-18,"(0,10]",138.65,41,23.9,472.62,25790.04,3
-31.53,159.05,2022-05-05,"(0,10]",191.86,45,21.95,174.82,28488.34,3.37
-31.53,159.06,2020-02-09,"(0,10]",146.1,50,25.51,324.38,12718.06,3.23
-31.53,159.06,2022-03-13,"(0,10]",147.09,50,25.96,536.15,19381.82,3
-31.52,159.03,2020-02-10,"(0,10]",288.59,37,22.76,191.23,19885.34,2.36
-31.52,159.03,2020-02-10,"(10,20]",98.52,25,17.03,78.07,5790.39,2.22
-31.52,159.03,2022-03-24,"(0,10]",584.81,30,14.86,245.88,13412.42,2.34
-31.52,159.03,2022-03-24,"(10,20]",198.72,31,19.88,278.21,9625.23,2.38
-31.52,159.04,2020-02-12,"(0,10]",236.96,41,14.21,124.32,9475.56,2.69
-31.52,159.04,2020-02-12,"(10,20]",125.83,40,19.61,157.95,9515.06,2.88
-31.52,159.04,2022-03-18,"(10,20]",349.11,36,14.02,74.06,7603.84,2.04
-31.52,159.04,2022-03-24,"(0,10]",164.47,59,29.07,652.32,44123.07,3.67
-31.52,159.05,2020-02-09,"(0,10]",74.32,37,18.96,157.57,2786.21,3.41
-31.52,159.05,2020-02-19,"(0,10]",214.29,49,20.24,207.75,9661.59,2.89
-31.52,159.05,2022-03-14,"(0,10]",103.68,43,22.8,498.16,11551.26,3.33
-31.52,159.05,2022-03-16,"(0,10]",178.55,41,20.16,269.76,4701.34,2.86
-31.52,159.07,2020-02-21,"(0,10]",41.26,20,18.84,118.03,3212.47,2.61
-31.52,159.07,2022-03-13,"(0,10]",48.87,25,25.98,753.03,5096.38,2.98
-31.52,159.08,2020-02-18,"(10,20]",236.29,36,20.97,458.34,32237.43,2.82
-31.52,159.08,2022-03-19,"(0,10]",359.27,25,61.99,751.1,176069.94,1.34
-31.52,159.08,2022-03-19,"(10,20]",117.51,18,16.91,264.24,3913.55,1.87
-31.51,159.04,2020-02-20,"(0,10]",179.03,34,23.05,449.6,7532.44,2.35
-31.51,159.04,2020-02-20,"(10,20]",204.87,37,16.37,277.87,10776.86,2.8
-31.51,159.04,2022-03-15,"(0,10]",444.3,59,14.88,87.2,17282.69,2.33
-31.51,159.04,2022-03-15,"(10,20]",136.32,25,12.89,189.24,4134.17,1.98
-31.51,159.05,2020-02-18,"(0,10]",89.39,23,17.67,107.22,3324.88,2.17
-31.51,159.05,2020-02-18,"(10,20]",66.58,17,13.89,68.76,2681.21,2.34
-31.51,159.05,2022-03-15,"(0,10]",314.68,21,15.55,13.42,2125.15,0.93
-31.51,159.05,2022-03-15,"(10,20]",187.74,44,20.92,348.04,9607.06,2.76
-31.51,159.06,2020-02-18,"(10,20]",308.73,35,27.2,367.1,18941.31,2.2
-31.51,159.06,2022-03-15,"(0,10]",154.54,22,15.66,393.1,12623.6,2.35
-31.51,159.06,2022-03-15,"(10,20]",279.11,51,20.93,460.47,29142.46,2.61
-31.51,159.07,2020-02-18,"(0,10]",103.43,23,20.26,153.77,18915.74,2.41
-31.51,159.07,2020-02-18,"(10,20]",240.25,41,34.33,1380.89,48457.61,2.83
-31.51,159.07,2022-03-19,"(10,20]",202.57,44,28.03,745.19,41266.13,2.84
-31.5,159.06,2020-02-10,"(10,20]",257.9,34,17.09,68.4,8588.98,1.64
-31.5,159.06,2022-03-21,"(10,20]",544.66,67,18.78,187.44,45401.89,2.89
-31.5,159.07,2020-02-17,"(0,10]",258.31,63,30.86,691.09,76501.09,3.25
-31.5,159.07,2020-02-17,"(10,20]",161.4,19,13.92,48.55,2439.88,1.43
-31.5,159.07,2020-02-18,"(0,10]",322.9,37,19.18,218.49,17642.23,1.96
-31.5,159.07,2020-02-18,"(10,20]",169.21,27,19.05,213.68,16914.02,2.17
-31.5,159.07,2020-02-20,"(10,20]",111.56,37,22.88,239.63,7466.11,2.66
-31.5,159.07,2022-03-16,"(0,10]",145.54,45,20.74,643.61,17444.91,3.13
-31.5,159.07,2022-03-16,"(10,20]",199.06,44,26.97,471.38,53830.93,2.95
-31.5,159.07,2022-03-22,"(0,10]",558.87,68,23.23,376.7,82537.96,2.71
-31.5,159.07,2022-03-22,"(10,20]",283.86,36,18.08,315.07,22873.24,1.81
-30.65,153,2021-08-07,"(0,10]",49.41,13,52.98,521.94,3852.78,2.06
-30.3,153.15,2019-05-23,"(0,10]",136.94,31,37.08,376.46,7945,2.33
-30.3,153.15,2020-04-22,"(0,10]",184.74,42,23.69,163.22,4686,2.18
-30.24,153.18,2019-07-29,"(0,10]",492.44,43,18.36,108.78,11888.99,1.86
-30.24,153.18,2019-07-29,"(10,20]",629.8,47,36.97,2715.14,167727.88,2.14
-30.24,153.18,2020-10-11,"(0,10]",528.96,25,24.25,398.12,91651.93,1.4
-30.24,153.18,2020-10-11,"(10,20]",251.2,42,49.7,5858.44,81153.84,2.35
-30.21,153.27,2019-05-17,"(0,10]",318.75,45,23.47,131.11,29124.25,2.27
-30.21,153.27,2019-05-17,"(10,20]",427.64,38,10.22,64.74,3317.5,2.21
-30.21,153.27,2020-10-29,"(0,10]",299.46,34,19.45,129.92,17591.29,1.84
-30.21,153.27,2020-10-29,"(10,20]",198.97,32,23.94,552.02,16955.09,2.48
-30.2,153.26,2019-05-17,"(0,10]",386.66,55,18.79,452.39,18909.7,2.29
-30.2,153.26,2019-05-17,"(10,20]",218.06,52,19.54,189.16,13929.77,3.34
-30.2,153.26,2020-10-29,"(0,10]",193.63,39,17.07,110.16,9689.5,2.3
-30.2,153.26,2020-10-29,"(10,20]",265.65,43,15.57,94.9,6365.9,2.93
-30.2,153.27,2019-05-17,"(0,10]",579.16,77,23.33,427.46,61941.86,3.38
-30.2,153.27,2019-05-17,"(10,20]",644.13,76,28.22,504.46,477060.65,2.6
-30.2,153.27,2020-10-29,"(0,10]",337.24,59,27.77,455.84,30154.85,2.78
-30.2,153.27,2020-10-29,"(10,20]",279.1,69,19.86,153.24,9163.56,3.46
-30.16,153.23,2019-07-20,"(0,10]",594.73,40,16.31,118.76,7211.16,2.06
-30.16,153.23,2019-07-20,"(10,20]",382.99,43,24.65,511.6,35124.39,2.7
-30.16,153.23,2020-10-03,"(0,10]",262.8,30,18.4,105.08,4773.99,1.76
-30.16,153.23,2020-10-03,"(10,20]",95.83,21,22.51,132.23,5242.59,2.38
-30.16,153.23,2021-06-12,"(0,10]",343.03,34,22.42,358.32,26346.62,2.54
-30.16,153.23,2021-06-12,"(10,20]",201.04,39,25.21,96.19,10205.59,2.44
-30.15,153.23,2019-07-20,"(0,10]",1112.3,27,16.18,107.66,32292.31,1.39
-30.15,153.23,2019-07-20,"(10,20]",398.55,35,18.28,438.67,24612.06,2.14
-30.15,153.23,2020-10-03,"(0,10]",381.52,38,38.17,3503.06,89670.3,2.33
-30.15,153.23,2021-06-12,"(0,10]",621.97,45,23.41,578.48,18420.92,2.21
-30.11,153.2,2021-08-13,"(0,10]",305.52,28,26.91,265.97,9510.42,1.96
-30.11,153.21,2019-08-29,"(0,10]",121.59,25,22.32,342.92,4551.36,1.89
-30.06,153.2,2021-09-01,"(0,10]",381.68,23,22.51,106.63,5593.1,1.63
-30.02,153.27,2019-05-14,"(0,10]",1686.64,83,19.92,206.88,96287.39,2.33
-30.02,153.27,2020-08-14,"(0,10]",872.68,67,24.82,128.64,62127.92,1.82
-30.02,153.27,2021-06-07,"(0,10]",1219.21,82,21.87,128.11,73452.43,1.74
-30.02,153.27,2022-05-04,"(0,10]",1367.28,83,19.19,110.69,59626.88,2.5
-29.98,153.23,2019-05-19,"(0,10]",162.95,33,37.94,971.02,11627.29,2.54
-29.98,153.23,2020-11-05,"(0,10]",163.39,23,27.18,1016.16,8630.7,1.91
-29.98,153.23,2021-06-27,"(0,10]",38.2,15,59.68,923.34,4505.7,2.39
-29.93,153.39,2019-05-18,"(0,10]",999.73,90,23.86,160.82,60695.47,2.42
-29.93,153.39,2019-05-18,"(10,20]",2226.18,105,43.83,1055.07,665704.67,2.86
-29.92,153.39,2019-05-18,"(0,10]",554.35,55,16.5,145.62,16938.44,2.37
-29.92,153.39,2019-05-18,"(10,20]",1338.12,58,16.75,145.61,70437.33,1.91
-29.13,167.95,2021-02-28,"(0,10]",213.5,24,15.09,75.89,6574.14,2.34
-29.12,167.94,2021-02-28,"(0,10]",431.02,18,12.68,42.66,3807.41,1.19
-29.12,167.94,2021-02-28,"(10,20]",419.92,21,12.05,31.77,7429,1.24
-29.07,167.96,2021-02-24,"(0,10]",1412.68,30,18.37,70.1,35173.69,1.06
-29.07,167.96,2021-02-24,"(10,20]",442.69,18,20.5,259.72,62338.26,1.16
-29.06,167.95,2021-02-24,"(0,10]",47.02,14,16.89,70.05,1383.58,2.39
-29.06,167.95,2021-02-24,"(10,20]",231.89,19,14.64,141.31,18009.01,1.74
-29.06,167.96,2021-02-24,"(0,10]",86.69,31,22.73,249.14,2762.34,3.03
-29.06,167.96,2021-02-25,"(0,10]",67.58,26,20.1,351.52,2920.11,2.67
-29.06,167.96,2021-02-26,"(0,10]",199.23,23,15.1,34.59,4217.11,1.2
-29.06,167.96,2022-05-03,"(0,10]",87,30,21.4,175.45,3875.93,3.08
-29.06,167.96,2022-05-05,"(0,10]",55.03,25,20.29,141.81,4294.42,2.79
-29.05,167.99,2021-03-02,"(0,10]",134.62,20,14.47,80.12,3476.2,2.2
-29.01,167.92,2021-02-25,"(0,10]",184.11,35,19.17,397.49,14280.49,2.85
-29.01,167.92,2021-02-25,"(10,20]",170.99,15,15.43,52.07,3107.84,1.79
-29.01,167.92,2021-02-27,"(0,10]",198.91,29,24.92,651.32,17538.49,2.47
-29,167.92,2021-02-27,"(0,10]",201.18,31,18.14,117.93,15861.77,2.48
-29,167.94,2021-02-27,"(0,10]",389.82,18,13.57,54.81,2948.03,1.52
-29,167.94,2021-02-27,"(10,20]",237.07,19,15.68,143.17,23869.44,2.25
-28.97,113.95,2021-04-20,"(0,10]",1671.2,45,13.17,47.7,14399.87,0.67
-28.89,114.01,2021-04-18,"(0,10]",1624.04,31,14.11,117.52,49329.96,0.67
-28.88,113.92,2021-04-20,"(0,10]",1093.82,29,13.67,99.85,23976.09,0.49
-28.85,114.01,2021-04-18,"(0,10]",2197.3,43,12.8,72.71,24621.39,0.81
-28.72,113.78,2021-04-16,"(0,10]",80.2,29,29.45,848.57,6885.71,2.94
-28.72,113.79,2021-04-19,"(0,10]",137.13,33,19.69,359.54,6990.9,2.34
-28.7,113.78,2021-04-19,"(0,10]",236.13,20,13.95,124.23,4073.8,0.83
-28.7,113.83,2021-04-19,"(0,10]",183.61,35,31.94,241.91,9897.07,2.13
-28.68,113.76,2021-04-16,"(0,10]",475.94,36,45.33,360.35,13774.13,1.35
-28.67,113.84,2021-04-16,"(0,10]",2383.31,30,12.29,36.73,26164.6,0.45
-28.61,153.63,2021-06-16,"(0,10]",338.02,102,36.61,1183.41,60470.7,3.92
-28.48,113.77,2021-04-17,"(0,10]",1931.42,21,13.8,63.04,12866.8,0.48
-28.47,113.78,2021-04-17,"(0,10]",6105.72,29,12.12,29.07,29845.7,0.65
-28.47,113.78,2021-04-17,"(10,20]",4534.41,22,12.03,9.38,14732.72,0.24
-28.46,113.77,2021-04-17,"(0,10]",1319.59,44,13.44,86.77,24335.16,0.69
-28.17,153.55,2022-01-31,"(0,10]",83.28,28,40.18,534.09,14827.66,2.65
-28.16,153.53,2022-02-21,"(0,10]",393.65,53,30.88,446.66,17830.69,2.79
-27.41,153.53,2021-06-18,"(0,10]",338.17,121,31.08,619.57,46404.84,3.93
-27.41,153.53,2021-06-20,"(0,10]",437.6,57,32.3,201.71,62976.59,2.38
-27.4,153.44,2021-06-17,"(0,10]",239.08,89,27.66,377.33,23032.44,3.9
-27.39,153.55,2021-06-19,"(0,10]",183.44,76,23.21,350,23417.66,3.76
-27.39,153.55,2021-06-19,"(10,20]",223.13,74,22.34,285.51,30687.02,3.82
-27.39,153.55,2021-06-20,"(10,20]",218.98,82,28.08,623.31,54762.2,3.92
-26.16,113.22,2021-05-29,"(0,10]",123.41,39,21.56,352.04,3893.13,2.94
-26.14,113.17,2021-05-28,"(0,10]",1116.94,45,25.52,507.55,119464.59,1.63
-26.12,113.18,2021-05-28,"(0,10]",291.54,42,23.37,312.29,6882.35,2.18
-26.12,113.24,2021-05-29,"(0,10]",792.21,48,13.14,97.61,10286.73,1.06
-24.88,152.49,2021-07-21,"(0,10]",174.94,24,20.42,471.47,11446.73,2.18
-24.84,152.48,2021-07-20,"(0,10]",105.54,19,16.53,241.23,5691.7,2.32
-23.54,151.76,2020-12-17,"(0,10]",1320.98,48,10.27,153.65,66640.56,1.58
-23.54,151.76,2020-12-17,"(10,20]",680.56,61,13.08,178.2,17309.59,2.09
-23.53,151.75,2020-12-17,"(0,10]",218.25,67,20.05,363.78,12755.37,3.62
-23.5,151.77,2020-12-17,"(0,10]",995.78,79,12.66,118.45,25809.55,2.49
-23.5,151.78,2020-12-17,"(0,10]",254.21,83,17.12,304.76,15639.14,3.86
-23.33,113.78,2019-08-16,"(0,10]",616.64,71,17.08,239.69,19507.5,3.04
-23.33,113.78,2021-08-05,"(0,10]",934.58,77,13.85,106.67,9990.96,2.08
-23.33,113.78,2022-08-08,"(0,10]",718.56,82,15.98,186.44,16777.3,2.49
-23.32,113.78,2019-08-16,"(0,10]",498.89,76,16.31,176.79,21049.44,3.22
-23.32,113.78,2021-08-05,"(0,10]",521.76,70,15.57,189.61,14590.45,2.89
-23.32,113.78,2022-08-08,"(0,10]",315.8,77,20.18,391.04,8770.38,3.61
-23.26,151.95,2020-12-16,"(0,10]",2267.5,95,11.56,124.61,48397.18,2.07
-23.25,151.77,2020-12-15,"(0,10]",1358.96,85,13.3,229.52,46170.65,2.56
-23.25,151.95,2020-12-16,"(0,10]",599.57,44,13.61,262.24,28618.54,2.24
-23.25,151.95,2020-12-16,"(10,20]",600.65,46,16.83,147.79,17893.59,2.25
-23.24,151.78,2020-12-15,"(0,10]",1287.47,60,9.13,41.76,8026.65,1.69
-23.24,151.78,2020-12-15,"(10,20]",1059.85,67,11.46,244.47,41146.76,1.74
-23.22,113.75,2021-08-09,"(10,20]",177.47,49,20.42,331.58,11900.73,3.02
-23.22,113.75,2022-08-06,"(10,20]",348.2,59,20.71,203.94,35234.78,3.08
-23.22,150.96,2020-12-14,"(0,10]",754.84,33,10.09,129.44,6331.63,1.32
-23.21,113.76,2019-08-15,"(0,10]",407.26,94,21.16,371.91,21972.07,3.62
-23.21,113.76,2019-08-21,"(0,10]",373.29,77,18.83,241.77,14799.15,3.3
-23.21,113.76,2021-08-11,"(0,10]",256.09,64,19.03,204.66,14252.06,3.44
-23.21,113.76,2021-08-12,"(0,10]",1682.16,68,14.65,81.55,40752.78,1.75
-23.21,113.76,2022-08-06,"(0,10]",569.72,72,16.03,172.75,32789.12,3.01
-23.21,113.76,2022-08-07,"(0,10]",262.28,61,18.46,215.26,5255.24,3.4
-23.2,113.76,2019-08-17,"(0,10]",684.52,87,25,456.19,123866.36,3.58
-23.2,113.76,2019-08-21,"(0,10]",264.25,68,17.23,240.24,11027.76,3.55
-23.2,113.76,2021-08-12,"(0,10]",1280.43,105,22.67,437.89,221768.72,3.24
-23.2,113.76,2022-08-06,"(0,10]",469.48,83,21.37,538.49,32632.35,3.22
-23.2,113.76,2022-08-08,"(0,10]",343.02,58,18.36,232.9,24650.03,3.06
-23.2,150.94,2020-12-12,"(0,10]",1669.81,39,8.86,74.85,11971.41,1.67
-23.2,150.97,2020-12-11,"(0,10]",1740.48,37,15.16,339.13,12966.44,1.6
-23.19,150.93,2020-12-12,"(0,10]",904.07,48,11.68,168.35,13348.53,1.87
-23.19,150.98,2020-12-11,"(0,10]",1641.96,23,8.8,19.04,7392.94,0.93
-23.18,113.76,2019-08-17,"(0,10]",556.37,49,24.39,229.05,9778.34,2.69
-23.18,113.76,2019-08-19,"(0,10]",603.33,84,20.08,349.9,30664.4,3.28
-23.18,113.76,2021-08-06,"(0,10]",548.02,63,16.13,205.92,10949.89,2.44
-23.18,113.76,2021-08-10,"(0,10]",288.82,67,17.94,262.25,13624.25,3.41
-23.18,113.76,2021-08-12,"(0,10]",528.79,61,14.19,129.52,6493.02,2.17
-23.18,113.76,2022-08-07,"(0,10]",391.75,73,17.76,264.53,15220.32,3.36
-23.18,113.76,2022-08-08,"(0,10]",582.88,61,17.81,224.03,15852.57,2.7
-23.18,113.76,2022-08-09,"(0,10]",474.08,68,14.8,181.68,8656.82,2.59
-23.18,151.91,2020-12-15,"(0,10]",177,76,19.74,476.49,13497.42,3.88
-23.18,151.92,2020-12-15,"(0,10]",626.7,65,11.87,88.72,10740.03,2.5
-23.17,113.76,2019-08-17,"(0,10]",597.34,89,19.88,306.29,75658.48,2.99
-23.17,113.76,2021-08-07,"(0,10]",739.95,60,26.96,134.91,17103.57,1.68
-23.17,113.76,2022-08-09,"(0,10]",544.88,83,20.61,533.87,52897.39,2.87
-23.17,150.92,2020-12-12,"(0,10]",484.56,46,13.88,249.56,5059.23,2.51
-23.17,150.95,2020-12-13,"(0,10]",365.97,41,19.93,468.45,5860.4,2.48
-23.16,113.76,2019-08-17,"(0,10]",541.67,63,18.01,195.88,17295.18,2.8
-23.16,113.76,2021-08-06,"(0,10]",456.42,57,22.98,359.31,22972.34,3.22
-23.16,113.76,2022-08-09,"(0,10]",387.22,60,21.74,308.83,22087.84,2.96
-23.16,150.92,2020-12-13,"(0,10]",446.48,51,17.98,255.06,7304.02,2.66
-23.16,150.96,2020-12-13,"(0,10]",265.43,33,13.86,204.8,6441.19,2.46
-23.16,151.07,2020-12-14,"(0,10]",2259.46,62,8.89,72.71,57710.13,1.07
-23.14,113.75,2019-08-18,"(0,10]",668.78,55,14.96,129.77,15811.64,2.01
-23.14,113.75,2021-08-07,"(0,10]",419.71,68,16.45,248.63,22628.25,2.91
-23.14,113.75,2022-08-09,"(0,10]",562.1,84,22.32,318.62,44442.17,3.34
-23.14,113.77,2019-08-21,"(0,10]",259.74,55,26.62,315.84,16048.01,2.74
-23.14,113.77,2021-08-10,"(0,10]",104.33,43,25.02,522.01,9232.6,3.48
-23.14,113.77,2022-08-10,"(0,10]",2116.11,41,12.62,59.66,24723.6,0.58
-23.13,113.74,2021-08-09,"(10,20]",217.73,53,35.84,768.46,37234.62,3.26
-23.13,113.74,2022-08-06,"(10,20]",213.26,58,31.6,660.84,28616.39,3.36
-23.13,113.75,2019-08-18,"(0,10]",335.73,60,20.82,340.55,14344.93,2.89
-23.13,113.75,2021-08-10,"(0,10]",656.17,78,25.19,291.55,115627.49,2.96
-23.13,113.75,2022-08-07,"(0,10]",720.43,75,27.63,277.86,170269.13,2.96
-23.13,113.76,2019-08-15,"(0,10]",246.02,49,30.81,476.53,15884.07,2.81
-23.13,113.76,2021-08-10,"(0,10]",353.7,67,26.6,434.84,26597.8,3.53
-23.13,113.76,2022-08-05,"(0,10]",172.55,48,30.8,377.06,15961.29,3.26
-23.12,113.76,2019-08-15,"(0,10]",262.7,74,27.98,528.3,22877.59,3.71
-23.12,113.76,2021-08-05,"(0,10]",521.33,57,16.38,226.07,19865.77,2.61
-23.12,113.76,2022-08-07,"(0,10]",937.84,61,22.77,188.65,180600,2.29
-23.11,113.75,2019-08-16,"(0,10]",456.69,88,26.16,315.44,69548.86,3.18
-23.11,113.75,2021-08-05,"(0,10]",557.92,69,21.96,242.71,56995.47,2.81
-23.11,113.75,2022-08-05,"(0,10]",392.67,82,19.42,351.69,29805.52,3.37
-23.1,113.79,2019-08-20,"(0,10]",433.46,62,23.16,352.85,24814.36,2.79
-23.1,113.79,2022-08-12,"(0,10]",529.2,59,14.81,147.13,13238.2,2.18
-23.09,113.74,2019-08-16,"(0,10]",236.23,67,29.85,688.58,35369.26,3.7
-23.09,113.74,2021-08-12,"(0,10]",216.63,81,29.79,920.47,33841.29,4.01
-23.09,113.74,2022-08-11,"(0,10]",403.12,88,21.42,354.72,38365.64,3.5
-23.04,113.82,2019-08-20,"(0,10]",450.41,88,20.73,417.11,36306.46,3.4
-23.04,113.82,2021-08-06,"(0,10]",273.39,77,23.05,400.49,32496.42,3.67
-23.04,113.82,2022-08-11,"(0,10]",216.53,49,15.22,156.25,10207.27,3.11
-23.04,113.82,2022-08-11,"(10,20]",253.88,55,27.78,616.15,26959.61,3.1
-22.93,113.78,2019-08-22,"(0,10]",436.71,94,30.14,1176.65,65908.3,3.76
-22.93,113.78,2021-08-08,"(0,10]",456.1,96,18.53,358.22,29682.19,3.63
-22.93,113.78,2022-08-05,"(0,10]",348.49,88,18.6,259.62,18019.65,3.6
-22.87,113.76,2019-08-22,"(0,10]",283.03,92,29.39,666.15,59969.22,4.02
-22.87,113.76,2021-08-08,"(0,10]",358.54,81,26.22,595.73,34854.65,3.85
-22.87,113.76,2022-08-05,"(0,10]",285.22,80,27.09,302.57,44274.66,3.65
-22.37,152.54,2020-12-20,"(0,10]",309.87,73,20.69,254.65,22854.63,3.33
-22.37,152.55,2020-12-20,"(0,10]",271.29,84,21.43,217.6,22128.24,3.71
-22.37,166.27,2021-11-13,"(0,10]",643.36,78,33.85,368.27,69971.49,2.93
-22.36,166.26,2021-12-04,"(0,10]",572.52,119,34.97,868.26,159384.23,3.68
-22.34,166.24,2021-12-21,"(0,10]",382.26,75,25.54,167.62,31748.73,3.71
-22.33,166.22,2021-12-21,"(0,10]",499.5,65,25.21,420.86,57813.32,3.21
-22.3,166.44,2022-01-14,"(0,10]",1469.47,61,10.47,99.94,11029.03,2.12
-22.19,155.36,2019-12-08,"(0,10]",576.16,113,19.38,223.16,31733.81,3.45
-22.18,155.47,2019-12-07,"(0,10]",291.94,73,28.6,250.18,22338.5,3.13
-22.17,155.45,2019-12-07,"(0,10]",108.99,51,24.55,332.95,13098.9,3.58
-22.17,155.48,2019-12-07,"(0,10]",94.75,41,24.66,460.17,33477.58,3.47
-22.16,155.45,2019-12-07,"(0,10]",852.39,68,10.41,63.92,15484.36,2.21
-22.1,113.88,2021-08-07,"(0,10]",267.27,71,25.85,363.12,16438.99,3.74
-22.1,113.88,2022-08-12,"(0,10]",429.51,64,21.08,271.16,34122.57,2.52
-22.02,165.92,2021-11-27,"(0,10]",708.33,72,25.31,526.25,98207.52,3.11
-21.92,153.58,2020-12-22,"(0,10]",309.44,85,24.47,397.14,33271.98,3.81
-21.92,153.59,2020-12-22,"(0,10]",139.51,71,24.98,317.86,17198.39,3.92
-21.9,153.54,2020-12-23,"(0,10]",522.98,97,20.57,184.13,32061.53,3.24
-21.9,153.54,2020-12-23,"(10,20]",371.97,52,15.52,92.7,9738.83,2.96
-21.87,114.16,2019-08-19,"(0,10]",367.49,81,26.76,581.25,47939.62,3.62
-21.87,114.16,2021-08-09,"(0,10]",1021.51,106,28.92,353.61,57434.78,3.31
-21.85,114.17,2019-08-20,"(0,10]",402.78,81,21.77,284.42,16448.77,3.49
-21.85,114.17,2021-08-08,"(0,10]",737.97,112,21.13,342.98,39351.45,3.73
-21.85,153.52,2020-12-23,"(0,10]",124.24,47,19.9,268.4,14014.35,3.37
-21.85,153.52,2020-12-23,"(10,20]",108.8,39,26.31,246.73,4525.14,3.3
-21.84,114.18,2019-08-18,"(0,10]",291.11,64,18.73,272.89,21370.64,2.92
-21.84,114.18,2019-08-19,"(0,10]",273.93,68,26.87,366.12,39250.18,3.45
-21.84,114.18,2021-08-08,"(0,10]",707.91,77,18,214.85,27387.3,3.32
-21.84,114.18,2021-08-09,"(0,10]",553.36,89,21.41,321.84,34929.3,3.66
-21.84,114.18,2022-08-11,"(0,10]",549.32,92,16.56,227.27,24580.63,3.27
-21.69,165.46,2022-08-07,"(0,10]",281.88,38,22.68,211.61,16590.56,2.55
-21.69,165.46,2022-08-14,"(0,10]",78.86,42,22.24,210.1,6383.48,3.58
-21.65,150.24,2019-12-11,"(0,10]",400.75,40,13.1,226.91,6915.06,2.25
-21.64,150.25,2019-12-10,"(0,10]",807.95,50,10.79,89.31,9876.03,2.32
-21.62,150.25,2019-12-11,"(0,10]",614.26,42,11.23,157.1,16385.93,2.17
-21.61,165.34,2022-08-06,"(0,10]",240.08,55,16.32,357.34,55526.91,3.11
-21.48,151.19,2020-12-10,"(0,10]",1624.64,67,9.59,140.34,16875.69,1.73
-21.46,151.47,2019-11-28,"(0,10]",2462.43,69,11.98,38.47,29488.41,1.26
-21.45,151.47,2019-11-28,"(0,10]",395.65,57,10.71,97.13,7228.86,3.09
-21.43,151.58,2019-11-28,"(0,10]",1192.82,60,15.15,111.11,44076.43,1.68
-21.41,151.64,2019-11-29,"(0,10]",468.51,79,16.09,204.3,32989.42,3.08
-21.25,155.76,2019-12-05,"(0,10]",212.12,61,20.89,425.26,24916.48,3.44
-21.25,155.76,2019-12-06,"(0,10]",305.7,82,17.91,201.16,15056.49,3.64
-21.25,155.76,2019-12-06,"(10,20]",430.14,91,22.26,195.62,12232.58,3.06
-21.21,151.98,2019-11-30,"(0,10]",348.72,51,13.8,110.09,9512.98,2.75
-21.21,151.98,2019-11-30,"(10,20]",401.17,35,10.79,35.97,3046.28,2.3
-21.21,152.24,2019-11-30,"(0,10]",601.35,93,26.32,207.44,18335.85,2.37
-21.21,155.77,2019-12-04,"(0,10]",3019.2,44,7.87,41.5,9230.63,1.37
-21.2,155.77,2019-12-04,"(0,10]",611.42,101,25.13,662.54,152232.41,3.53
-21.2,155.77,2019-12-04,"(10,20]",749.59,48,15.26,35.59,7617.23,2.2
-21.18,152.54,2019-12-01,"(0,10]",2252.86,86,13.89,92.55,42532.38,1.02
-21.16,151.75,2019-11-29,"(0,10]",401.34,44,19.05,164.4,16189.64,2.57
-21.16,151.75,2019-11-29,"(10,20]",147.6,52,21.72,464.62,12900.7,3.25
-21.14,155.75,2019-12-05,"(0,10]",276.57,55,17.09,202.35,13746.63,3.09
-21.14,155.75,2019-12-05,"(10,20]",202.56,39,12.36,147.96,5057.85,2.17
-21.13,152.76,2019-12-01,"(0,10]",215.92,75,23.66,490.53,38638.32,3.76
-21.13,155.74,2019-12-05,"(0,10]",80.41,37,18.84,121.53,4912.45,3.17
-21.12,152.77,2019-12-01,"(0,10]",349.78,60,30.41,398.6,86588.85,3
-21.12,152.77,2019-12-01,"(10,20]",332.24,56,25.83,234.12,27848.5,2.67
-21.07,150.46,2019-11-27,"(0,10]",424.4,63,10.38,135.46,6045.06,2.78
-21.02,154.37,2019-12-03,"(0,10]",251.59,91,26.13,205.4,23845.25,3.86
-20.94,154.4,2019-12-02,"(0,10]",170.75,49,17.51,148.93,6528.7,3.31
-20.94,154.4,2019-12-03,"(0,10]",404.48,103,19.74,383.22,22012.32,3.54
-20.8,149.26,2020-03-09,"(0,10]",473.81,45,12.74,213.42,9724.01,1.95
-20.8,149.27,2020-03-08,"(0,10]",448.95,46,19.36,585.33,12779.64,2.3
-20.69,149.14,2019-12-12,"(0,10]",446.87,55,16.99,357.01,17512.57,2.69
-20.68,149.14,2019-12-12,"(0,10]",307.01,24,11.02,179.39,2540.84,1.92
-20.68,149.18,2020-03-07,"(0,10]",386.24,34,26.84,518.14,4031.47,2.54
-20.62,116.51,2021-06-06,"(0,10]",450.45,59,16.93,298.01,12896.9,3.22
-20.62,116.52,2021-06-06,"(0,10]",1015.32,66,12.64,133.21,16158.7,2.5
-20.61,116.46,2021-06-04,"(0,10]",1528.78,72,15.06,347.08,27676.65,1.53
-20.61,116.6,2021-06-03,"(0,10]",685.57,58,27.23,589.23,26292.44,2.22
-20.58,116.53,2021-06-06,"(0,10]",94.18,32,24.69,430.85,3668.14,3.12
-20.58,116.54,2021-06-03,"(0,10]",74.51,27,25.78,534.95,1351.09,2.86
-20.58,116.57,2021-06-05,"(0,10]",417.1,57,19.8,417.41,20132.48,2.94
-20.57,116.54,2021-06-03,"(0,10]",135.43,40,26.43,613.44,6822.97,2.97
-20.57,116.58,2021-06-06,"(0,10]",678.88,45,22.65,497.29,20182.43,2.43
-20.57,116.61,2021-06-03,"(0,10]",577.85,45,12.47,148.61,16269.67,1.95
-20.55,116.63,2021-06-05,"(0,10]",520.37,30,36.2,1973.54,68171.79,2.19
-20.55,116.64,2021-06-04,"(0,10]",273.13,42,22.35,594.29,16493.04,2.59
-20.54,116.53,2021-06-05,"(0,10]",68.34,23,23.65,309.24,1759.77,2.49
-20.53,116.66,2021-06-04,"(0,10]",1137.34,61,20.5,312.64,40006,2.77
-20.51,116.65,2021-06-07,"(0,10]",245.98,52,26.53,560.88,7912.95,2.77
-20.38,148.89,2019-12-13,"(0,10]",292.52,41,17.54,331.87,14718.33,2.06
-20.16,149.04,2020-03-06,"(0,10]",1420.58,69,19.53,460.73,9993.54,2.87
-20.16,149.04,2021-01-03,"(0,10]",380.17,61,12.89,277.94,3100.52,3.14
-20.11,148.94,2021-01-05,"(0,10]",264.96,71,20.88,389.24,14309.01,3.63
-20.09,148.91,2020-10-13,"(0,10]",502.35,53,17.13,321.97,15364.32,2.66
-20.09,148.95,2021-01-05,"(0,10]",518.38,75,18.25,449.86,66393.32,3.37
-20.08,148.88,2020-03-04,"(0,10]",458.02,68,29.19,524.79,25227.58,2.98
-20.07,148.93,2020-10-13,"(0,10]",441.67,57,10.01,123.68,6841.16,2.48
-20.07,148.93,2021-01-04,"(0,10]",543.86,87,10.67,211.88,13244.61,3.15
-20.07,148.93,2021-08-05,"(0,10]",903.44,68,7.91,146.78,12518.11,1.75
-20.07,148.95,2020-03-14,"(0,10]",255.46,61,15.63,295.99,7744.04,3.31
-20.06,148.92,2020-10-13,"(0,10]",328.86,77,22.54,462.43,31390.71,3.27
-20.05,148.88,2019-05-04,"(0,10]",523.67,64,13.35,149.22,16770.35,2.68
-20.05,148.88,2021-01-04,"(0,10]",282.04,68,16.36,213.12,11384.07,3.64
-20.04,148.88,2019-05-03,"(0,10]",243.05,65,19.03,396.03,18450.68,3.14
-20.04,148.88,2019-05-04,"(0,10]",290.76,61,21.03,375.56,23029.16,3.22
-20.04,148.88,2020-03-05,"(0,10]",833.76,102,30.94,657.78,46608.12,3.12
-20.04,148.88,2021-08-05,"(0,10]",261.52,67,25.63,432.67,18654.47,3.54
-20.03,149.7,2020-12-08,"(0,10]",1263.81,65,15.82,162.85,23416.42,2.56
-19.83,149.48,2019-11-25,"(0,10]",4044.1,85,12.49,48.54,56415.92,1.3
-19.81,149.07,2019-05-10,"(0,10]",536.9,71,16.17,292.18,19280.56,3.07
-19.81,149.07,2021-08-06,"(0,10]",503.81,70,29.72,585.55,36186.02,2.93
-19.81,149.13,2020-12-08,"(0,10]",358.34,82,17.72,197.18,20738.83,3.4
-19.81,149.42,2019-11-25,"(0,10]",1230.17,71,14.42,74.62,30403.24,2.34
-19.8,149.08,2019-05-10,"(0,10]",379.26,67,15.23,223.16,25819.18,2.95
-19.79,149.07,2019-05-09,"(0,10]",580.56,63,13.22,198.72,21804.67,2.49
-19.79,149.07,2021-08-07,"(0,10]",905.94,77,14.47,286.98,67135.28,2.88
-19.77,149.37,2019-11-24,"(0,10]",819.9,64,12.97,70.04,10740.05,1.93
-19.77,149.38,2019-11-24,"(0,10]",945.39,47,21.2,307.13,38926.1,1.94
-19.77,149.38,2019-11-24,"(10,20]",210.34,60,20.12,354.34,17951.9,3.57
-19.3,152.24,2019-05-08,"(0,10]",228.58,71,17.3,445.4,16855.58,3.46
-19.28,152.21,2019-05-08,"(0,10]",200.24,59,20.53,278.09,16942.36,3.66
-19.28,152.22,2019-05-08,"(0,10]",153.7,54,19.31,238.46,9249.56,3.45
-19.27,148.34,2021-11-23,"(0,10]",640.91,56,11.22,98.35,9072.03,2.66
-19.27,148.35,2021-11-23,"(0,10]",697.97,76,16.76,207.34,31841.58,3
-19.26,152.34,2019-05-06,"(0,10]",302.24,64,21.83,436.8,43641.75,3.1
-19.26,152.34,2020-12-27,"(0,10]",252.2,78,22.44,301.26,22148.44,3.75
-19.26,152.35,2019-05-07,"(0,10]",166.12,47,17.34,179.23,4356.81,3.07
-19.26,152.35,2020-12-26,"(0,10]",106.6,40,27.73,326.9,14015.66,3.29
-19.25,152.35,2019-05-06,"(0,10]",133.88,48,23.17,115.8,3754.6,3.07
-19.25,152.35,2020-12-25,"(0,10]",162.09,68,22.9,221.19,15887.98,3.94
-19.24,152.36,2020-12-27,"(0,10]",160.84,62,28.18,539.61,41312.99,3.51
-19.23,152.33,2019-05-06,"(0,10]",165.46,53,20.27,176,12685.36,3.35
-19.23,152.33,2020-12-26,"(0,10]",212.3,42,22.6,266.78,17366.37,3.28
-19.23,152.33,2020-12-26,"(10,20]",190.92,51,14.61,225.9,6731.45,3.17
-19.18,152.27,2020-12-29,"(0,10]",282.62,42,13.29,141.19,10449.58,2.55
-19.18,152.27,2020-12-29,"(10,20]",105.66,39,14.39,303.45,5411.94,3.14
-19.17,152.27,2020-12-29,"(0,10]",595.63,64,16.6,178.86,41640.15,2.41
-19.13,152.39,2019-05-07,"(0,10]",144.35,56,20.35,211.25,8048.5,3.75
-19.13,152.39,2020-12-28,"(0,10]",212.12,81,21.95,241.11,15735.38,3.92
-19.1,152.39,2019-05-07,"(0,10]",114.62,56,33.31,908.36,28411.01,3.64
-19.1,152.39,2020-12-27,"(0,10]",138.25,68,26.3,353.47,11583.17,3.81
-18.99,152.34,2020-12-28,"(0,10]",341.9,43,19.86,156.69,15153.62,2.27
-18.99,152.34,2020-12-28,"(10,20]",166,42,21.63,691.16,8418.12,3.23
-18.99,152.35,2020-12-28,"(0,10]",121.58,39,18.13,266.35,10931.2,2.96
-18.99,152.35,2020-12-28,"(10,20]",597.32,52,13.35,149.83,17778.53,2.15
-18.87,147.71,2020-10-14,"(0,10]",852.28,108,16.53,342.37,17399.7,3.33
-18.27,147.38,2021-11-22,"(0,10]",576.49,72,20.23,275.11,50056.83,3.15
-18.26,147.38,2021-11-22,"(0,10]",390.67,71,19.55,206.13,25185.79,3.1
-18.14,146.28,2020-10-15,"(0,10]",474.05,46,16.25,242.6,4765.77,2.58
-18.04,146.18,2020-10-16,"(0,10]",293.63,38,12.67,169.11,4604.01,2.4
-18.04,146.2,2020-10-16,"(0,10]",481.72,38,12.26,173.68,7951.17,2
-17.72,148.44,2020-11-29,"(0,10]",431.47,76,14.61,118.25,13020.35,2.72
-17.72,148.44,2020-11-29,"(10,20]",229.56,49,15.7,395.01,11605.62,2.93
-17.71,148.44,2020-11-28,"(0,10]",265.84,61,19.27,214.01,15251.35,3.34
-17.71,148.46,2020-11-30,"(0,10]",427.23,63,18.54,186.67,22488.1,2.91
-17.7,148.46,2020-11-30,"(0,10]",499.08,52,18.76,44.03,29511.79,2.01
-17.7,148.46,2020-11-30,"(10,20]",250.03,53,20.61,316.52,21138.69,3.07
-17.52,146.5,2021-11-21,"(0,10]",1406.01,115,14.08,180.96,25460.19,3.27
-17.52,146.5,2021-11-21,"(10,20]",1654.29,80,17.62,206.63,37545.91,2.89
-17.44,151.07,2021-08-09,"(0,10]",373.32,80,23.34,120.55,15889.81,3.13
-17.43,151.07,2021-08-08,"(0,10]",173.23,68,17.25,152.84,10616.9,3.81
-17.42,151.07,2021-08-09,"(0,10]",291.34,81,17.12,221.42,17479.52,3.44
-17.23,146.09,2021-11-20,"(0,10]",597.58,43,10.76,69.45,4810.08,2.28
-17.23,146.1,2021-11-20,"(0,10]",180.12,34,12.98,91.2,4520.94,2.16
-17.22,146.09,2021-11-20,"(0,10]",243.29,63,17.07,207.95,13265.15,3.3
-16.94,149.2,2020-11-26,"(0,10]",212.49,60,16.57,149.42,8918.84,2.8
-16.94,149.99,2021-08-08,"(0,10]",100.26,35,18.92,151.64,5247.58,2.91
-16.94,149.99,2021-08-10,"(0,10]",162.63,51,20.37,336.26,12685.44,3.39
-16.94,150,2021-08-10,"(0,10]",152.22,48,24.69,361.2,16603.41,3.33
-16.93,145.98,2020-11-21,"(0,10]",388.14,60,18.09,219.39,31468.26,2.58
-16.93,145.98,2021-05-19,"(0,10]",265.71,51,14.03,111.1,6692.59,3.08
-16.93,145.99,2021-05-21,"(0,10]",140.3,35,12.31,58.31,2082.6,2.62
-16.93,145.99,2022-06-09,"(0,10]",1544.57,87,23.99,935.65,110372.22,2.84
-16.93,149.19,2020-11-25,"(10,20]",594.95,51,12.4,112.81,17008.89,2.12
-16.93,149.2,2020-11-25,"(0,10]",266.89,72,16.96,236.42,17253.5,3.28
-16.93,150,2021-08-08,"(0,10]",322.33,40,16.98,82.39,10105.55,2.67
-16.93,150,2021-08-10,"(0,10]",923.68,69,19.13,103.88,22042.74,2.59
-16.93,150,2021-08-10,"(10,20]",242.9,67,21.32,170.15,18176.68,3.52
-16.92,146,2020-11-22,"(0,10]",362.04,44,12.47,77.13,9254.47,2.53
-16.92,149.19,2020-11-27,"(10,20]",546.44,55,15.68,356.97,43018.14,2.66
-16.92,149.2,2020-11-25,"(0,10]",301.78,67,18.29,335.19,27686.77,2.91
-16.79,146.27,2021-05-22,"(0,10]",990.95,127,9.96,141.32,21054.99,3.1
-16.78,146.27,2021-05-23,"(0,10]",979.66,100,14.43,124.94,24897.06,3.19
-16.73,146.27,2020-10-17,"(0,10]",498.21,141,19.53,257.64,36734.98,4.15
-16.73,146.27,2021-05-23,"(0,10]",257.04,71,15.5,149.88,12125.39,3.55
-16.73,146.27,2021-05-24,"(0,10]",749.09,154,16.19,200.64,46371.8,4.07
-16.6,145.97,2020-11-19,"(0,10]",382.31,77,13.41,110.36,9253.54,3.46
-16.55,146.04,2020-11-20,"(0,10]",533.53,120,15.73,316.94,24428.05,3.88
-16.53,150.27,2021-08-11,"(0,10]",338.33,47,15.74,228.7,10724.92,2.67
-16.53,150.27,2021-08-11,"(10,20]",168.1,49,16.77,194.14,9569.23,3.15
-16.53,150.27,2021-08-12,"(0,10]",266.67,54,21.21,550.59,19872.48,3.2
-16.53,150.27,2021-08-12,"(10,20]",359.12,47,17.15,159.22,26733.1,2.79
-16.53,150.28,2021-08-11,"(0,10]",286.94,71,21.36,522.02,21674.01,3.53
-16.52,150.28,2021-08-12,"(0,10]",377.75,80,21.08,159.95,32968.88,3.77
-16.51,147.84,2020-11-24,"(0,10]",408.75,46,16.49,236.53,24661.76,2.37
-16.51,147.84,2020-11-24,"(10,20]",233.26,57,17.21,348.12,15911.38,2.72
-16.5,147.84,2020-11-23,"(0,10]",266.25,80,23,277.43,28668.72,3.44
-16.5,147.84,2020-11-24,"(0,10]",191.15,64,24.22,160.04,24374.21,3.46
-16.49,147.84,2020-11-24,"(0,10]",392.26,60,26.15,789.95,40211,3.41
-16.49,147.84,2020-11-24,"(10,20]",208.61,45,26.63,1233.53,23887.26,2.95
-16.49,147.85,2020-11-24,"(0,10]",162.7,66,23.7,314.02,17761.34,3.74
-16.3,149.96,2021-08-13,"(0,10]",252.7,68,19.14,141.28,14908.48,3.36
-16.29,149.96,2021-08-13,"(0,10]",275.56,77,26.17,343.14,44738.45,3.8
-16.21,145.78,2020-11-16,"(0,10]",561.87,84,17.08,219.61,23884.99,3.02
-16.21,145.79,2020-11-16,"(0,10]",253.02,81,19.51,227.95,13773.41,4.01
-15.98,145.83,2020-11-15,"(0,10]",289.04,78,25.48,148.53,28698.04,3.11
-15.97,145.82,2020-11-15,"(0,10]",825.39,107,15.79,292.79,44728.97,3.31
-15.96,145.8,2020-11-15,"(0,10]",643.62,76,13.11,100.36,13409.57,2.6
-15.49,147.09,2020-10-18,"(0,10]",840.36,43,18.42,629.62,137440.23,1.98
-15.49,147.09,2020-10-18,"(10,20]",1242.5,60,12.96,132.35,32088.87,2.42
-15.49,147.11,2020-10-18,"(0,10]",375.62,79,37.31,1249.37,135040.05,3.88
-15.48,147.1,2020-10-18,"(0,10]",938.03,75,15.56,265.34,48957.51,2.72
-15.48,147.1,2020-10-18,"(10,20]",1013,78,14.52,257.88,33676.63,2.47
-15.48,147.11,2020-10-18,"(0,10]",83.48,31,18.88,106.88,2160.73,2.98
-14.66,145.45,2020-11-14,"(0,10]",264.93,71,14.33,119.12,6902.1,3.57
-14.66,145.45,2021-11-15,"(0,10]",624.66,104,13.43,108.45,11234.25,3.74
-14.66,145.66,2020-11-14,"(0,10]",337.31,94,18.99,345.3,22187.8,3.82
-14.65,145.45,2020-11-13,"(10,20]",583.41,61,14.32,214.27,30067.24,2.74
-14.65,145.45,2020-11-14,"(0,10]",544.27,86,14,141.01,10777.34,3.44
-14.52,145.53,2021-11-15,"(0,10]",542.89,79,19.73,171.04,13579.8,3.25
-14.51,145.52,2021-11-15,"(0,10]",519.83,50,11.9,154.06,13294.28,2.2
-14.51,145.52,2021-11-15,"(10,20]",203.48,55,16.34,327.18,6544.3,3.23
-14.11,123.56,2019-01-07,"(0,10]",618.6,59,14.54,121.71,29048.01,2.79
-14.1,123.55,2019-01-07,"(0,10]",1471.31,89,13.05,134.99,51652.51,2.39
-14.1,123.55,2019-01-07,"(10,20]",463.94,79,19.7,285.94,54596.89,3.1
-14.06,125.36,2019-01-08,"(0,10]",2214.18,66,15.47,299.65,134774.23,2.18
-13.99,146.69,2020-10-21,"(0,10]",347.27,69,20.81,266.8,22092.75,3.17
-13.99,146.69,2020-10-21,"(10,20]",163.98,55,21.24,338.75,13496.48,3.36
-13.98,146.68,2020-10-21,"(0,10]",323.42,82,20.14,345.96,74400.42,3.61
-13.97,146.67,2020-10-22,"(0,10]",336.39,52,21.01,180.11,25380.6,3.17
-13.97,146.67,2020-10-22,"(10,20]",349.56,59,20.32,319.01,30795.12,3.04
-13.97,146.68,2020-10-21,"(0,10]",323.25,104,27.62,351.13,45715.28,4.22
-13.94,125.64,2019-01-09,"(0,10]",2094.88,90,13.6,110.19,38159.24,2.28
-13.89,146.55,2020-10-22,"(0,10]",372.9,55,14.99,97.77,16033.8,3.09
-13.89,146.55,2020-10-22,"(10,20]",365.15,62,16.07,146.89,25496.88,3.02
-13.89,146.57,2020-10-20,"(0,10]",377.62,57,27.42,119.63,43385.75,2.63
-13.89,146.57,2020-10-20,"(10,20]",144.93,39,22.8,315.24,24251.91,2.94
-13.89,146.57,2020-10-22,"(0,10]",327.34,86,21.41,276.76,27582.21,3.96
-13.88,146.56,2020-10-20,"(0,10]",323.09,80,19.84,358.9,35861.52,3.37
-13.87,146.58,2020-10-20,"(0,10]",163.21,59,21,183.42,11424.09,3.61
-13.87,146.58,2020-10-20,"(10,20]",235.81,68,30.02,410.22,12812.45,3.42
-13.86,146.62,2020-10-19,"(0,10]",170.12,69,22.65,247.14,12714.4,3.8
-13.85,146.63,2020-10-19,"(0,10]",252.28,42,15.98,44.97,1972.72,2.59
-13.82,127.27,2019-01-10,"(0,10]",526.72,43,16.28,221.04,20627.67,2.63
-13.82,127.27,2021-10-18,"(0,10]",166.18,43,23.52,762.47,22859.97,2.91
-13.82,144.28,2020-11-12,"(0,10]",563.94,93,15.17,254.28,27876.74,3.19
-13.8,146.55,2020-10-22,"(0,10]",530.99,58,14.37,146,24148.24,2.44
-13.8,146.55,2020-10-22,"(10,20]",502.82,65,16.84,230.76,33052.8,2.92
-12.89,136.73,2021-11-05,"(0,10]",656.49,35,13.77,392.08,34562.12,1.51
-12.88,136.71,2021-11-05,"(0,10]",1155.37,43,12.88,274.45,70954.75,1.68
-12.88,136.73,2021-11-05,"(0,10]",1614.44,42,10.34,88.58,38347.95,1.45
-12.8,124.27,2021-10-16,"(10,20]",958.81,55,11.21,89.6,28092.04,1.42
-12.56,124.04,2021-10-16,"(20,30]",1029.94,67,11.52,78.01,31517.72,1.31
-12.54,123.57,2021-10-15,"(0,10]",716.71,74,15.44,250.31,75761.03,2.24
-12.53,123.57,2019-01-05,"(0,10]",461.16,114,28.8,764.13,76320.66,3.99
-12.53,123.57,2021-10-15,"(0,10]",518.36,83,19.61,260.7,30107.74,3.5
-12.53,123.58,2019-01-05,"(0,10]",1310.19,128,25.75,433.33,103422.92,3.38
-12.53,123.58,2019-01-06,"(10,20]",420.11,80,19.54,220.15,45305.7,3.09
-12.53,123.58,2021-10-15,"(0,10]",1162.35,103,16.38,287.36,78336.22,2.45
-12.53,123.58,2021-10-15,"(10,20]",488.34,46,12.42,62.92,6752.89,2.25
-12.52,123.56,2019-01-06,"(0,10]",770.86,150,25.79,452.36,90299.15,4.3
-12.52,123.56,2021-10-15,"(0,10]",2355.6,126,11.45,123.14,69570.93,2.6
-12.52,123.57,2019-01-06,"(0,10]",670.74,117,21.56,377.68,70750.45,3.78
-12.49,130.79,2021-09-29,"(0,10]",58.84,18,34.53,496.59,6699.51,2.3
-12.48,130.79,2021-09-29,"(0,10]",85.5,16,42.09,440.58,7815.3,1.81
-12.42,130.81,2021-09-30,"(0,10]",46.39,23,27.89,681.93,6355.1,2.87
-12.41,130.79,2021-09-30,"(0,10]",27.61,14,26.73,627.81,4717.77,2.48
-12.41,130.81,2021-09-30,"(0,10]",185.13,36,23.41,674.29,20307.67,2.51
-12.3,143.42,2020-11-07,"(0,10]",549.43,73,17.18,235.91,25494.35,3.07
-12.29,143.4,2020-11-09,"(0,10]",707.66,87,11.36,278.34,27639.55,3.07
-12.28,143.4,2020-11-08,"(0,10]",726.27,74,21.18,435.1,72150.03,3.1
-12.28,143.41,2020-11-08,"(0,10]",1355.15,106,14.58,151.71,40131.98,2.18
-12.24,122.98,2019-01-01,"(0,10]",639.94,93,15.09,180.78,16089.73,3.69
-12.24,122.98,2021-10-12,"(0,10]",673.78,118,14.68,151.38,19990.55,3.4
-12.24,122.99,2019-01-01,"(0,10]",480.44,87,20.81,227.24,25356,3.71
-12.24,122.99,2021-10-11,"(0,10]",825.11,133,13.33,170.8,33404.91,3.6
-12.24,123,2021-10-12,"(0,10]",1127.5,134,16.64,269.55,103460.31,3.66
-12.22,123,2019-01-01,"(0,10]",593.01,103,18.12,351.02,42993.64,3.61
-12.22,123,2021-10-11,"(0,10]",931.46,109,14.32,153.9,28281.61,3.37
-12.22,123.01,2021-10-11,"(0,10]",657.43,97,15.63,177.37,69121.15,3.45
-12.21,123.04,2021-10-13,"(0,10]",529.28,60,10.57,60.12,3582.18,2.37
-12.21,123.05,2021-10-13,"(0,10]",1895.05,91,15.26,165.31,104120.65,2.57
-12.2,123.03,2021-10-13,"(0,10]",486.4,64,14.03,127.12,10215.73,2.14
-12.2,123.03,2021-10-13,"(10,20]",354.95,65,17.17,335.41,13077.45,2.72
-12.2,123.04,2021-10-13,"(0,10]",459.59,41,10.85,231.3,4318.18,1.49
-12.19,123.08,2021-10-14,"(0,10]",1318.27,84,11.58,235.41,43441.17,1.49
-12.18,123.07,2021-10-14,"(0,10]",530.82,114,23.89,377.56,77861.73,3.74
-12.17,123.06,2021-10-14,"(0,10]",217.14,60,20.93,553.69,13627.11,3.61
-12.1,143.26,2020-11-07,"(0,10]",765.21,69,16.56,522.21,47303.42,2.83
-12.09,143.25,2020-11-07,"(0,10]",396.48,60,21.31,778.28,40652.44,2.83
-12.09,143.26,2020-11-06,"(0,10]",1063.45,75,16.64,240.55,54380.7,2.89
-12.06,136.61,2021-11-04,"(0,10]",751.37,55,13.4,252.29,19864.8,2.31
-11.98,123.33,2019-01-02,"(0,10]",1100.8,77,15.25,63.95,12105.31,2.65
-11.98,123.34,2019-01-02,"(0,10]",438.92,75,20.99,237.5,21830.66,3.43
-11.98,123.34,2019-01-03,"(0,10]",809.44,101,16.33,278.06,44655.79,3.21
-11.98,123.34,2021-10-10,"(0,10]",613.03,68,14.83,171.8,18684.61,2.46
-11.98,123.36,2019-01-03,"(0,10]",652.47,107,17.46,247.39,19362.92,3.35
-11.98,123.36,2021-10-10,"(0,10]",603.49,87,12.37,118.09,15988.99,3.2
-11.98,123.38,2019-01-04,"(0,10]",190.08,66,19.96,193.91,7097.63,3.78
-11.97,123.32,2019-01-02,"(0,10]",359.29,65,16.39,195.21,15849.02,3.23
-11.97,123.32,2019-01-02,"(10,20]",760.85,66,16.06,110.35,25194.84,2.53
-11.97,123.34,2019-01-02,"(0,10]",527.19,72,17.99,85.61,16492.07,2.9
-11.97,123.36,2019-01-03,"(0,10]",1065.13,75,15.18,104.64,18384.72,1.8
-11.97,123.38,2019-01-04,"(0,10]",454.51,118,19.83,213.38,29118.67,4.07
-11.97,123.38,2021-10-10,"(0,10]",7556.05,125,8.2,31.6,36222.32,1.82
-11.97,123.39,2019-01-04,"(0,10]",367.89,79,18.53,189.12,20888.47,3.57
-11.97,123.39,2021-10-10,"(0,10]",430.36,84,14.71,161.53,40540.3,3.35
-11.94,135.6,2021-09-04,"(0,10]",109.6,26,20.2,434.53,7905.47,2.53
-11.77,143.65,2021-11-12,"(0,10]",765.23,69,14.17,129.43,20499.66,2.79
-11.76,143.65,2021-11-12,"(0,10]",694.34,83,14.72,220.93,33060.02,2.63
-11.73,123.99,2021-10-09,"(10,20]",1144.42,73,12.56,157.65,48359.08,1.69
-11.72,125.02,2021-10-08,"(10,20]",1200.95,93,12.88,122.22,46529.63,2.52
-11.66,125.11,2021-10-08,"(10,20]",1618.15,89,11.49,79.83,25282.9,2.11
-11.66,136.83,2021-09-03,"(0,10]",566.31,40,20.07,242.81,32904.11,2.26
-11.65,136.91,2021-09-02,"(10,20]",693.1,28,16.73,223.57,28393.15,1.84
-11.63,136.93,2021-09-02,"(10,20]",346.17,33,21.53,486.21,53492.95,2.1
-11.44,134.14,2019-01-22,"(10,20]",250.21,30,21.9,577.34,17174.61,2
-11.44,134.14,2021-09-05,"(10,20]",692.06,34,15.6,358.82,33622,1.24
-11.43,134.13,2021-09-05,"(10,20]",496.36,25,15.32,352.31,22256.35,0.95
-11.3,133.8,2019-01-21,"(10,20]",98.74,28,23.72,587.07,9659.08,2.72
-11.3,133.8,2021-09-05,"(10,20]",314,25,30.96,682.46,37322,1.6
-11.29,133.8,2019-01-20,"(0,10]",431.96,48,26.08,639.01,52842.84,2.6
-11.29,133.8,2021-10-31,"(0,10]",1107.62,43,11.09,177.36,24088.54,1.18
-11.23,134.75,2021-11-01,"(0,10]",1805.21,40,10.79,204.93,63032.97,0.91
-11.22,129.66,2021-10-01,"(10,20]",57.98,22,26,252.45,3821.74,2.81
-11.14,129.91,2021-10-02,"(0,10]",354.83,20,10.91,32.43,2837.09,1.34
-11.14,129.91,2021-10-02,"(10,20]",342.18,23,11.68,42.45,5192.9,1.29
-11.13,129.91,2021-10-02,"(10,20]",245.26,48,19.84,327.96,13063.08,3.05
-10.96,132.22,2021-10-29,"(10,20]",144.23,45,36.39,691.3,22664.36,3.12
-10.96,132.23,2021-10-29,"(10,20]",141.42,32,23.8,577.35,10239.7,2.65
-10.91,130.1,2021-10-02,"(10,20]",733.1,39,12.92,111.38,6783.22,1.5
-10.91,133.02,2021-09-06,"(0,10]",646.42,59,17.03,270.91,32913.27,2.7
-10.9,133.03,2021-09-06,"(0,10]",471.93,52,21.79,528.9,29466.79,2.22
-10.84,129.22,2021-10-05,"(10,20]",374.16,28,19.25,418.42,22866.12,1.34
-10.79,142.97,2020-11-05,"(0,10]",689.78,78,19.15,643.69,52634.66,3.05
-10.74,141.05,2021-11-09,"(10,20]",314.25,22,20.88,596.7,67902.53,1.36
-10.74,141.06,2020-11-01,"(10,20]",220.49,33,27.16,881.95,33461.41,2.26
-10.74,141.06,2021-11-09,"(10,20]",427.96,23,22.36,975.33,25756.13,1.45
-10.7,126.33,2021-10-07,"(10,20]",1465.96,89,10.25,70.27,36185.46,1.68
-10.7,126.34,2021-10-07,"(20,30]",2473.31,91,9.4,59.48,46114.36,1.12
-10.61,141.91,2020-10-31,"(0,10]",72.46,24,25.8,1129.91,5835.48,2.43
-10.61,141.91,2021-11-10,"(0,10]",78.49,10,16.21,530.52,2976.09,1.23
-10.6,141.91,2020-10-31,"(0,10]",130.39,36,21.04,462.39,6165,2.79
-10.6,141.91,2021-11-10,"(0,10]",142.2,20,12.4,277.29,4574.21,1.41
-10.52,143.09,2021-11-11,"(0,10]",1442.89,73,13.25,132.37,24600.92,2.13
-10.5,141.23,2020-11-01,"(10,20]",112.59,41,25.25,758.77,17072.64,3.07
-10.5,141.23,2021-11-09,"(10,20]",324.41,34,18.73,543.06,44087.27,1.45
-10.45,144.43,2020-10-24,"(0,10]",331.25,96,23.73,277.38,48769.38,3.86
-10.45,144.43,2021-08-18,"(0,10]",556,107,17.87,174.61,30937.36,3.63
-10.45,144.45,2020-10-24,"(0,10]",289.57,95,24.59,331.33,43720.47,4.1
-10.45,144.45,2021-08-18,"(0,10]",480.38,87,19.91,219.33,22025.03,3.63
-10.44,144.43,2020-10-24,"(0,10]",373.01,102,21.06,633.49,36216.82,3.67
-10.44,144.43,2021-08-18,"(0,10]",443.25,103,14.84,259.1,26208.77,3.86
-10.44,144.45,2020-10-25,"(0,10]",332.12,105,26.59,622.04,97564.39,4.1
-10.44,144.45,2021-08-17,"(0,10]",429.87,98,18.65,167.13,24647.38,3.82
-10.44,144.45,2021-08-18,"(10,20]",623.48,90,14.46,277.32,23848.58,3.15
-10.43,105.67,2019-01-01,"(0,10]",373.09,74,19.68,211.94,14620.14,3.44
-10.43,144.45,2020-10-25,"(0,10]",133.94,60,18.7,258.75,9551.43,3.77
-10.43,144.45,2020-10-25,"(10,20]",344.16,68,16.79,209.64,13013.82,3.37
-10.43,144.45,2021-08-17,"(0,10]",461.07,54,17,163.48,14023.83,3.08
-10.43,144.45,2021-08-17,"(10,20]",367.82,75,17.01,211.63,24749.33,3.69
-10.38,144.53,2020-10-25,"(0,10]",422.11,89,18.55,180.04,23484.04,3.86
-10.38,144.53,2021-08-19,"(0,10]",474.07,99,23.62,315.81,66810.68,3.94
-10.37,144.53,2020-10-25,"(0,10]",322.59,50,13.46,60.46,8290.35,3.12
-10.37,144.53,2020-10-25,"(10,20]",241.51,60,18.28,231.85,13659.13,3.65
-10.37,144.53,2021-08-19,"(0,10]",590.7,66,13.35,99.99,13443.55,3.27
-10.37,144.53,2021-08-19,"(10,20]",610.51,78,14.61,165.59,8962.93,3.63
-10.33,132.71,2019-01-18,"(10,20]",599.05,60,14.38,190.88,31827.18,3.14
-10.33,132.71,2019-01-19,"(10,20]",815.22,56,21.96,419.81,62120.49,2.69
-10.33,132.71,2021-10-30,"(10,20]",1465.77,72,11.65,116.5,24947.47,2.21
-10.32,132.71,2019-01-18,"(0,10]",324.26,44,15.13,331.03,25711.92,2.35
-10.32,132.71,2019-01-18,"(10,20]",273.92,40,13.54,176.48,8017.41,2.13
-10.32,132.71,2021-10-30,"(0,10]",1654.87,57,12.57,153.18,20515.61,1.87
-10.32,132.71,2021-10-30,"(10,20]",1131.27,48,10.78,108.91,24316.03,1.44
-10.29,143.71,2020-10-30,"(0,10]",473.24,79,19.92,448.5,36389.4,3.27
-10.29,143.71,2021-08-21,"(0,10]",576.05,111,20.67,405.59,90687.47,3.83
-10.29,143.72,2020-10-30,"(0,10]",724.18,114,22.72,440.74,71701.8,3.81
-10.29,143.72,2021-08-21,"(0,10]",548.31,93,21.17,419.21,57059.74,3.38
-10.14,144.44,2020-10-26,"(0,10]",538.08,80,21.16,227.84,52095.31,3.4
-10.14,144.44,2020-10-26,"(20,30]",611.92,62,11.64,82,12985.53,2.46
-10.13,129.54,2021-10-04,"(10,20]",969.21,90,13.37,131.56,29377.81,2.65
-10.12,144.46,2020-10-26,"(0,10]",437.32,80,16.38,191.99,24754.78,3.11
-10.12,144.46,2020-10-26,"(10,20]",478.14,69,19.06,256.44,37724.93,2.77
-10.11,144.69,2020-10-27,"(0,10]",754.08,61,14.07,92.86,26118.19,2.43
-10.11,144.69,2020-10-27,"(10,20]",474.49,70,19.01,297.8,37298.81,2.92
-10.08,144.47,2020-10-26,"(0,10]",398.42,65,20.09,202.01,28345.69,3.14
-10.08,144.47,2020-10-26,"(10,20]",512.16,63,13,195.29,13742.85,2.38
-10.07,143.87,2020-10-28,"(0,10]",354.02,81,22.95,375.12,28121.42,3.58
-10.07,143.87,2020-10-29,"(0,10]",589.56,67,16.61,259.25,19106.92,3.09
-10.07,143.87,2020-10-29,"(10,20]",147.74,44,19.94,350.32,15370.48,3.27
-10.07,143.88,2020-10-29,"(0,10]",627.48,86,17.2,238.61,58294.01,2.9
-10.06,143.88,2020-10-29,"(0,10]",272.19,85,20.69,301.68,19624.7,3.86
-10.04,144.69,2020-10-27,"(0,10]",747.65,86,13.96,88.07,32894.37,2.33
-10.04,144.69,2020-10-27,"(10,20]",1074.92,81,15.25,173.24,42486.25,3
-10.04,144.69,2021-08-20,"(0,10]",599.7,83,13.6,112.18,21289.86,3.4
-10.04,144.69,2021-08-20,"(10,20]",2924.65,77,11.66,91.79,38773.97,2.58
-10.03,144.7,2020-10-27,"(0,10]",437.87,89,17.6,304.79,28088.39,3.43
-9.99,144.68,2021-08-20,"(0,10]",872.67,85,17,383.2,122416.19,2.81
-9.99,144.69,2020-10-27,"(0,10]",770.52,109,19.27,265.88,47583.37,3.63
-9.97,144.69,2020-10-27,"(0,10]",1441.43,135,15.62,184.18,76050.89,3.45
-9.97,144.69,2020-10-27,"(10,20]",436.61,59,12.22,130.86,10894.64,2.95
-9.97,144.69,2021-08-20,"(0,10]",1363.71,109,13.78,166.92,68930.84,3.09
-9.97,144.69,2021-08-20,"(10,20]",1087.45,67,10.43,91.49,18476.65,2.62
-9.96,144.15,2020-10-28,"(0,10]",438.36,70,21.21,357.23,54403,3.2
-9.89,129.55,2021-10-03,"(10,20]",537.55,60,12.96,103.46,21624.66,2.29
-9.88,129.29,2021-10-04,"(10,20]",1222.76,94,15.91,169.41,27135.3,2.73
-9.88,129.42,2021-10-03,"(10,20]",555.06,73,14.6,142.71,21199.47,2.62
