"longitude","latitude","survey_date","chla_raw_mean","chla_raw_var","chla_raw_cv","chla_predicted_var","chla_unpredicted_var","chla_unbounded_seasonality","chla_bounded_seasonality","chla_env_col","chla_colwell_c","chla_colwell_m","chla_colwell_p"
146.99,-43.53,2022-08-28,NA,NA,NA,NA,NA,NA,NA,NA,NA,NA,NA
146.99,-43.53,2022-09-07,NA,NA,NA,NA,NA,NA,NA,NA,NA,NA,NA
147,-43.53,2022-05-24,NA,NA,NA,NA,NA,NA,NA,NA,NA,NA,NA
147,-43.53,2022-08-28,NA,NA,NA,NA,NA,NA,NA,NA,NA,NA,NA
147.01,-43.48,2022-09-07,NA,NA,NA,NA,NA,NA,NA,NA,NA,NA,NA
146.98,-43.45,2022-04-07,NA,NA,NA,NA,NA,NA,NA,NA,NA,NA,NA
147.09,-43.42,2022-09-15,NA,NA,NA,NA,NA,NA,NA,NA,NA,NA,NA
147.1,-43.41,2022-09-15,NA,NA,NA,NA,NA,NA,NA,NA,NA,NA,NA
147.1,-43.4,2022-08-30,NA,NA,NA,NA,NA,NA,NA,NA,NA,NA,NA
147.1,-43.39,2022-08-30,NA,NA,NA,NA,NA,NA,NA,NA,NA,NA,NA
147.1,-43.39,2022-09-15,NA,NA,NA,NA,NA,NA,NA,NA,NA,NA,NA
147.14,-43.29,2021-03-22,9.8437081773399e+36,1.23574150668942e+72,0.112928897127751,6.75067126143526e+68,1.19817595199928e+72,0.000563412347758361,0.000563095093029986,0.122870973780551,0.771028444350436,0.0721520643529349,0.843180508703371
147.14,-43.29,2022-03-04,NA,NA,NA,NA,NA,NA,NA,NA,NA,NA,NA
147.18,-43.29,2021-03-22,9.91737229064039e+36,5.14234594376657e+71,0.0723076135538388,3.16516514791754e+68,5.07073859011844e+71,0.000624201995757704,0.000623812610681138,0.087401279950662,0.835237299646852,0.0411718961995718,0.876409195846424
147.18,-43.29,2022-03-04,NA,NA,NA,NA,NA,NA,NA,NA,NA,NA,NA
147.17,-43.28,2021-03-27,9.91737229064039e+36,5.14234594376657e+71,0.0723076135538388,3.13769009011928e+68,5.07058336506365e+71,0.000618802584282112,0.000618419904447069,0.0903148866686789,0.830459368633333,0.0459498272130907,0.876409195846424
147.17,-43.28,2022-03-04,NA,NA,NA,NA,NA,NA,NA,NA,NA,NA,NA
147.14,-43.27,2021-03-27,9.8437081773399e+36,1.23574150668942e+72,0.112928897127751,7.40265669446836e+68,1.19792036361751e+72,0.000617958999554331,0.000617577362065522,0.123132779551009,0.78581824955021,0.0681826603780744,0.854000909928285
147.14,-43.27,2022-03-04,NA,NA,NA,NA,NA,NA,NA,NA,NA,NA,NA
147.87,-43.14,2021-01-09,9.92282889162561e+36,4.60357789556422e+71,0.0683773468648665,2.36210494117438e+69,4.52171887503137e+71,0.00522390932841438,0.00519676191536715,0.0466908126604916,0.860498336189717,0.0390481189128132,0.899546455102531
147.97,-43.14,2021-01-08,8.90790110837438e+36,9.45662267138024e+72,0.345217372902672,3.98285294891546e+70,9.26737132061629e+72,0.00429771594460143,0.00427932462293731,0.0778223549825116,0.089694430236933,0.217703944803698,0.307398375040631
147.97,-43.14,2022-05-04,NA,NA,NA,NA,NA,NA,NA,NA,NA,NA,NA
148,-43.14,2022-03-31,NA,NA,NA,NA,NA,NA,NA,NA,NA,NA,NA
147.96,-43.13,2021-01-08,9.42354990147783e+36,5.14346279295438e+72,0.24066518362294,1.91457034896115e+70,4.99689602124485e+72,0.00383151928881678,0.00381689478283297,0.0406030009645519,0.27789085323671,0.150065217067647,0.427956070304357
147.97,-43.12,2022-03-31,NA,NA,NA,NA,NA,NA,NA,NA,NA,NA,NA
147.37,-43.07,2021-01-10,9.11798024630542e+36,7.76362077021527e+72,0.305586039315439,5.98647492363105e+70,7.51474428657114e+72,0.00796630556588451,0.00790334510379504,0.0944364275946271,0.149808509529072,0.210624256987083,0.360432766516155
147.33,-43.06,2021-02-24,9.83279497536946e+36,1.34170815762939e+72,0.117801832532958,1.80417451911504e+69,1.29290504115701e+72,0.00139544240426234,0.00139349785826067,0.025977930382284,0.78167258813563,0.073441036864779,0.855113625000409
147.36,-43.06,2021-03-01,9.09615384236453e+36,7.94362707664617e+72,0.30985009013131,5.97692395321114e+70,7.68984597254774e+72,0.00777248851868864,0.00771254286779878,0.0896917895116989,0.133985071899376,0.227318539379126,0.361303611278502
147.34,-43.05,2021-02-24,9.83825157635468e+36,1.28875461480441e+72,0.115389739498047,2.55099018885349e+69,1.2478294057715e+72,0.00204434210081488,0.00204017129274824,0.154630977376104,0.749150658131048,0.0843221644195334,0.833472822550581
147.34,-43.05,2022-08-09,NA,NA,NA,NA,NA,NA,NA,NA,NA,NA,NA
147.35,-43.05,2022-08-02,NA,NA,NA,NA,NA,NA,NA,NA,NA,NA,NA
147.34,-43.04,2021-01-10,9.83552327586207e+36,1.31523883187815e+72,0.116601688885444,3.39057553044473e+69,1.27327767345384e+72,0.00266287205150435,0.00265579999592083,0.119676998793185,0.729647648214682,0.0922757997730176,0.821923447987699
147.34,-43.04,2021-03-01,9.83825157635468e+36,1.28875461480441e+72,0.115389739498047,2.45564457635261e+69,1.24757182739226e+72,0.00196833923501264,0.00196447248674089,0.15858241703869,0.749150658131048,0.083593191081565,0.832743849212613
147.34,-43.04,2022-08-02,NA,NA,NA,NA,NA,NA,NA,NA,NA,NA,NA
147.34,-43.04,2022-08-09,NA,NA,NA,NA,NA,NA,NA,NA,NA,NA,NA
147.34,-43.02,2022-08-02,NA,NA,NA,NA,NA,NA,NA,NA,NA,NA,NA
147.33,-43.01,2021-03-01,9.90373078817734e+36,6.48666008283419e+71,0.0813226914793935,1.92441033925014e+69,6.3537328711632e+71,0.0030287869796733,0.00301964112993567,0.143487287448987,0.836959308203887,0.0506540306016062,0.887613338805493
147.33,-43,2021-01-09,9.85189307881773e+36,1.15611015959816e+72,0.109138987131305,3.88615029161229e+69,1.11935958611573e+72,0.00347176219314612,0.00345975076125548,0.079403258063378,0.778065787727325,0.076702605669271,0.854768393396596
147.36,-42.95,2021-01-09,9.83552327586207e+36,1.31523883187815e+72,0.116601688885444,4.60277475643182e+69,1.26738027544354e+72,0.00363172352104108,0.00361858183228795,0.0973337530743892,0.779869187931477,0.0748992054651187,0.854768393396596
147.36,-42.95,2021-01-10,9.83552327586207e+36,1.31523883187815e+72,0.116601688885444,4.5624568112648e+69,1.26737425233911e+72,0.00359992859476525,0.00358701559475582,0.0976129103583479,0.779869187931477,0.0748992054651187,0.854768393396596
148.01,-42.72,2021-03-11,8.08941096059113e+36,1.52106296870073e+73,0.48212172026713,5.27340223256757e+70,1.49917068602333e+73,0.00351754625522707,0.00350521649407458,0.0726683540410934,0.0959378176747624,0.21350253273343,0.309440350408192
148.01,-42.66,2021-03-11,9.82188177339901e+36,1.44743654740928e+72,0.122491249540817,2.98859893220153e+69,1.38904496463643e+72,0.00215154945180899,0.00214693022525976,0.182917374400224,0.776262387523173,0.077738522405112,0.854000909928285
148.02,-42.63,2021-03-16,8.90244450738916e+36,9.49942033225734e+72,0.346209736322064,3.39539591068643e+70,9.14092240862711e+72,0.00371450030850485,0.00370075385716073,0.127400754467507,0.146321172618162,0.221864055720878,0.368185228339041
148.05,-42.6,2021-03-11,8.89698790640394e+36,9.54215842784442e+72,0.347200475423802,3.67157062969089e+70,9.19636364363281e+72,0.00399241566772203,0.00397653966844641,0.128176822339851,0.143595032290123,0.22639359625307,0.369988628543193
148.05,-42.59,2021-03-10,8.89698790640394e+36,9.54215842784442e+72,0.347200475423802,3.68989082830613e+70,9.19501841914146e+72,0.00401292380298533,0.00399688460959769,0.128235677063359,0.140281962492543,0.223125334832979,0.363407297325522
148.05,-42.59,2021-03-11,8.89698790640394e+36,9.54215842784442e+72,0.347200475423802,3.67157062969089e+70,9.19636364363281e+72,0.00399241566772203,0.00397653966844641,0.128176822339851,0.143595032290123,0.22639359625307,0.369988628543193
147.92,-42.58,2021-03-12,9.21619906403941e+36,6.94179846385289e+72,0.285880250395654,2.42888880793774e+70,6.81854786592089e+72,0.00356217900893139,0.00354953493011188,0.0230371839160491,0.187112056672304,0.193364989339732,0.380477046012036
148.05,-42.58,2021-03-16,7.704720591133e+36,1.74520343220348e+73,0.54220826757074,4.21663206956494e+70,1.71186091604219e+73,0.0024631861327343,0.00245713375494285,0.109529038178951,0.110336712106253,0.215873101145585,0.326209813251839
148.06,-42.58,2021-03-10,7.704720591133e+36,1.74520343220348e+73,0.54220826757074,4.34654337955473e+70,1.71337563705757e+73,0.00253683038648733,0.00253041116255984,0.110359296884823,0.108466956229533,0.217742857022306,0.326209813251839
148.07,-42.56,2021-03-10,7.704720591133e+36,1.74520343220348e+73,0.54220826757074,4.34654337955473e+70,1.71337563705757e+73,0.00253683038648733,0.00253041116255984,0.110359296884823,0.108466956229533,0.217742857022306,0.326209813251839
147.95,-42.55,2021-03-12,7.95026763546798e+36,1.60555260975899e+73,0.503999982714633,6.00575732610304e+70,1.57614539579779e+73,0.00381040819084024,0.00379594409437108,0.0987325548784209,0.0547199360492582,0.204899128856185,0.259619064905443
147.97,-42.52,2021-03-16,8.99520672413793e+36,8.76375921790432e+72,0.329104688871873,1.91031317343078e+70,8.49835183492889e+72,0.00224786312750579,0.00224282157159343,0.157420718139235,0.108433512191944,0.222792807236822,0.331226319428767
148.32,-41.9,2021-04-22,9.82188177339901e+36,1.44743654740928e+72,0.122491249540817,5.72862351454266e+69,1.42927996397239e+72,0.00400804856916984,0.00399204824590976,0.0772531527728075,0.64058519549478,0.0389290856914786,0.679514281186259
148.31,-41.88,2021-04-22,9.82188177339901e+36,1.44743654740928e+72,0.122491249540817,5.72862351454266e+69,1.42927996397239e+72,0.00400804856916984,0.00399204824590976,0.0772531527728075,0.64058519549478,0.0389290856914786,0.679514281186259
148.3,-41.87,2021-04-21,9.91737229064039e+36,5.14234594376657e+71,0.0723076135538388,7.040483588652e+68,5.12329802145352e+71,0.00137420926113811,0.00137232340161034,0.00485388511007213,0.806485830293274,0.0464824580455383,0.852968288338812
148.3,-41.87,2022-03-29,NA,NA,NA,NA,NA,NA,NA,NA,NA,NA,NA
148.31,-41.87,2021-04-21,7.93662613300493e+36,1.6136274293869e+73,0.506134231623669,6.61540550513355e+70,1.56836654045617e+73,0.00421802259515776,0.00420030561118322,0.101269886715135,0.113474013005171,0.253933779164185,0.367407792169356
148.28,-41.85,2022-03-29,NA,NA,NA,NA,NA,NA,NA,NA,NA,NA,NA
145.58,-40.91,2021-01-25,9.40990839901478e+36,5.26441755999483e+72,0.243831476637882,3.18799046519693e+70,5.19509172804039e+72,0.00613654316821747,0.00609911568154968,0.0584056943409208,0.274502145065854,0.180318111115464,0.454820256181317
145.5,-40.85,2021-01-24,7.56557726600985e+36,1.81898472324897e+73,0.563731697249553,1.24670147612217e+71,1.79352316908687e+73,0.00695113114572643,0.00690314646930016,0.128625736296456,0.0870321294621262,0.189262989694302,0.276295119156428
147.76,-40.09,2021-04-13,6.73617391625616e+36,2.1784255093266e+73,0.692880063843843,4.26579431114858e+71,2.12220675107116e+73,0.0201007480020288,0.0197046694077994,0.0856296554252981,0.0733010903087442,0.292541876819868,0.365842967128612
147.77,-40.08,2021-04-13,6.73617391625616e+36,2.1784255093266e+73,0.692880063843843,4.26579431114858e+71,2.12220675107116e+73,0.0201007480020288,0.0197046694077994,0.0856296554252981,0.0733010903087442,0.292541876819868,0.365842967128612
147.78,-40.02,2021-04-13,7.19725669950739e+36,1.99559208531828e+73,0.620681632557369,2.91860097897007e+71,1.94870040137749e+73,0.0149771662021878,0.0147561607304221,0.134592621842215,0.102703400600047,0.248805773488009,0.351509174088056
147.87,-40.01,2021-04-13,9.80278366995074e+36,1.63188791360769e+72,0.130315400865454,6.91936339167724e+68,1.56080961823808e+72,0.000443318859060347,0.00044312241453711,0.175947274659617,0.784647118944996,0.0693537909832887,0.854000909928285
144.77,-38.36,2022-02-14,NA,NA,NA,NA,NA,NA,NA,NA,NA,NA,NA
144.77,-38.35,2022-02-14,NA,NA,NA,NA,NA,NA,NA,NA,NA,NA,NA
144.72,-38.32,2022-02-11,NA,NA,NA,NA,NA,NA,NA,NA,NA,NA,NA
144.8,-38.31,2022-02-14,NA,NA,NA,NA,NA,NA,NA,NA,NA,NA,NA
144.61,-38.3,2022-02-13,NA,NA,NA,NA,NA,NA,NA,NA,NA,NA,NA
144.6,-38.29,2022-02-13,NA,NA,NA,NA,NA,NA,NA,NA,NA,NA,NA
144.63,-38.29,2022-02-11,NA,NA,NA,NA,NA,NA,NA,NA,NA,NA,NA
144.66,-38.28,2022-02-12,NA,NA,NA,NA,NA,NA,NA,NA,NA,NA,NA
144.65,-38.27,2022-02-12,NA,NA,NA,NA,NA,NA,NA,NA,NA,NA,NA
145.03,-38.23,2022-02-26,NA,NA,NA,NA,NA,NA,NA,NA,NA,NA,NA
144.72,-38.17,2022-02-17,NA,NA,NA,NA,NA,NA,NA,NA,NA,NA,NA
144.71,-38.14,2022-02-10,NA,NA,NA,NA,NA,NA,NA,NA,NA,NA,NA
144.66,-38.11,2022-02-11,NA,NA,NA,NA,NA,NA,NA,NA,NA,NA,NA
149.91,-37.56,2021-04-22,5.97770637931034e+36,2.38665682843198e+73,0.817260313074791,5.48461122399154e+70,2.37542205077295e+73,0.00230889968467156,0.00230358094734861,0.11352907013911,0.119056750272752,0.209495324189515,0.328552074462267
149.92,-37.56,2021-04-22,5.97770637931034e+36,2.38665682843198e+73,0.817260313074791,5.48461122399154e+70,2.37542205077295e+73,0.00230889968467156,0.00230358094734861,0.11352907013911,0.119056750272752,0.209495324189515,0.328552074462267
149.91,-37.55,2021-04-20,5.98316298029557e+36,2.38556976188918e+73,0.816329004684917,5.35760091403432e+70,2.37445101417085e+73,0.00225635352427146,0.00225127385457558,0.113515042927104,0.122175999918831,0.212957405761108,0.335133405679939
149.97,-37.51,2021-04-20,6.56429098522167e+36,2.23569976937617e+73,0.720309125074287,5.85976483145621e+70,2.21705808867806e+73,0.00264303622055755,0.0026360689947246,0.128397496332067,0.111415731655057,0.231231560684358,0.342647292339415
149.98,-37.51,2021-04-20,6.56429098522167e+36,2.23569976937617e+73,0.720309125074287,5.85976483145621e+70,2.21705808867806e+73,0.00264303622055755,0.0026360689947246,0.128397496332067,0.111415731655057,0.231231560684358,0.342647292339415
149.98,-37.51,2021-04-22,6.55883438423645e+36,2.23742120625766e+73,0.721185871862792,5.85428545201952e+70,2.21854107055207e+73,0.00263879967322972,0.00263185473581287,0.127892320986634,0.113752604105625,0.222313357016118,0.336065961121744
138.07,-35.76,2021-02-22,8.64598426108374e+36,1.14437207463421e+73,0.39126336447626,7.46611510132753e+70,1.11886662773778e+73,0.00667292679595167,0.00662869400609622,0.0845438870091212,0.122991565353596,0.186448785054597,0.309440350408192
138.06,-35.75,2021-02-22,8.64598426108374e+36,1.14437207463421e+73,0.39126336447626,7.46611510132753e+70,1.11886662773778e+73,0.00667292679595167,0.00662869400609622,0.0845438870091212,0.122991565353596,0.186448785054597,0.309440350408192
138.04,-35.74,2021-03-22,8.05121475369458e+36,1.54464188875389e+73,0.488149100250391,1.14953865145521e+71,1.51133676687507e+73,0.00760610524834953,0.0075486891243824,0.100075073905584,0.100359984946725,0.190268927250259,0.290628912196984
138.02,-35.73,2021-02-23,8.05394305418719e+36,1.54296735953829e+73,0.48771915747132,1.20173490878138e+71,1.51142225874513e+73,0.00795102031763858,0.00788830028182614,0.10426589126274,0.102357080019718,0.187100701572052,0.28945778159177
137.94,-35.72,2021-02-23,9.19710096059113e+36,7.10310871487975e+72,0.28978324870281,5.92600699721104e+70,6.8711177747191e+72,0.00862451669656223,0.00855077043418414,0.0529498969431159,0.14462967933195,0.189332595742775,0.333962275074724
137.96,-35.72,2021-02-23,9.19710096059113e+36,7.10310871487975e+72,0.28978324870281,5.92600699721104e+70,6.8711177747191e+72,0.00862451669656223,0.00855077043418414,0.0529498969431159,0.14462967933195,0.189332595742775,0.333962275074724
137.98,-35.72,2021-02-22,9.0634142364532e+36,8.21184957759201e+72,0.316175827007084,4.07557541717165e+70,8.04688568857442e+72,0.00506478602393775,0.00503926323393955,0.0846885938495412,0.194237881628668,0.18389690317294,0.378134784801608
137.99,-35.72,2021-03-22,9.07159913793103e+36,8.14499498520936e+72,0.314602058203932,3.86821043017567e+70,7.95647236461609e+72,0.0048617154096812,0.00483819348983665,0.0818465963905687,0.207898747689352,0.178620768534079,0.386519516223431
138.11,-35.59,2021-02-24,9.80824027093596e+36,1.57926197987781e+72,0.128125624103018,3.50551877771071e+69,1.50927250742422e+72,0.00232265463027175,0.00231727240678652,0.162126160317691,0.760301451718184,0.0832627987193423,0.843564250437526
138.11,-35.59,2022-02-11,NA,NA,NA,NA,NA,NA,NA,NA,NA,NA,NA
138.13,-35.55,2021-01-09,9.7673157635468e+36,1.97250457890775e+72,0.143791687977762,3.80975007344288e+69,1.86855240260706e+72,0.00203887783298312,0.00203472926858129,0.263075784061486,0.726040847806377,0.0954988584471664,0.821539706253543
138.13,-35.55,2022-01-30,NA,NA,NA,NA,NA,NA,NA,NA,NA,NA,NA
138.15,-35.53,2021-03-10,7.14269068965517e+36,2.01944798397003e+73,0.62915042165036,3.18151415727189e+71,1.96376834350779e+73,0.0162010665249288,0.0159427765415865,0.170553918047133,0.18014285061533,0.187264941554026,0.367407792169356
138.15,-35.53,2022-02-11,NA,NA,NA,NA,NA,NA,NA,NA,NA,NA,NA
138.16,-35.52,2021-01-09,7.150875591133e+36,2.01590757204465e+73,0.627879184726341,3.4552084088687e+71,1.95969210877649e+73,0.0176313839985094,0.0173259043262125,0.170121038490211,0.190531304259368,0.175073087705836,0.365604391965204
138.16,-35.52,2021-03-10,7.14269068965517e+36,2.01944798397003e+73,0.62915042165036,3.18151415727189e+71,1.96376834350779e+73,0.0162010665249288,0.0159427765415865,0.170553918047133,0.18014285061533,0.187264941554026,0.367407792169356
138.16,-35.52,2022-01-30,NA,NA,NA,NA,NA,NA,NA,NA,NA,NA,NA
138.16,-35.52,2022-02-12,NA,NA,NA,NA,NA,NA,NA,NA,NA,NA,NA
138.17,-35.52,2021-03-23,7.13996238916256e+36,2.02062514301398e+73,0.629574243464917,3.13822845429203e+71,1.96413810352574e+73,0.0159776364434799,0.0157263662804735,0.172174237301918,0.18701037772564,0.183371945253082,0.370382322978723
138.17,-35.52,2021-12-12,NA,NA,NA,NA,NA,NA,NA,NA,NA,NA,NA
138.18,-35.52,2022-02-14,NA,NA,NA,NA,NA,NA,NA,NA,NA,NA,NA
138.21,-35.51,2021-03-20,9.82188177339901e+36,1.44743654740928e+72,0.122491249540817,3.32032004846505e+69,1.3887743673525e+72,0.0023908275717925,0.00238512514882451,0.160364840706607,0.755523520704665,0.0924349190122244,0.84795843971689
138.21,-35.51,2022-02-14,NA,NA,NA,NA,NA,NA,NA,NA,NA,NA,NA
138.22,-35.51,2021-03-20,9.82188177339901e+36,1.44743654740928e+72,0.122491249540817,3.32032004846505e+69,1.3887743673525e+72,0.0023908275717925,0.00238512514882451,0.160364840706607,0.755523520704665,0.0924349190122244,0.84795843971689
138.22,-35.51,2022-02-12,NA,NA,NA,NA,NA,NA,NA,NA,NA,NA,NA
138.32,-35.42,2021-03-10,7.98846384236453e+36,1.58274506021154e+73,0.498014754415069,1.90004425598702e+71,1.5235755382984e+73,0.0124709553824229,0.0123173463062083,0.100885082316312,0.120455953198373,0.208489815699424,0.328945768897797
138.33,-35.4,2021-03-12,9.80551197044335e+36,1.605582392404e+72,0.12922484627541,1.58652618513243e+69,1.53691084574384e+72,0.00103228250976691,0.00103121800146024,0.132538447422869,0.751916720296361,0.09126378840701,0.843180508703371
138.34,-35.4,2021-03-21,9.81369687192118e+36,1.52657648085791e+72,0.125900265028923,1.47943106089671e+69,1.46471759717232e+72,0.00101004525633664,0.00100902609431656,0.133328239739045,0.747138789282842,0.0960417194205287,0.843180508703371
138.35,-35.39,2021-03-11,9.84097987684729e+36,1.26225550640817e+72,0.114165607823986,1.9848053395786e+69,1.21841745252778e+72,0.00162900271615516,0.00162635338207833,0.084450765942845,0.758498051514032,0.0846824571893388,0.843180508703371
138.36,-35.38,2021-03-11,9.84097987684729e+36,1.26225550640817e+72,0.114165607823986,1.9848053395786e+69,1.21841745252778e+72,0.00162900271615516,0.00162635338207833,0.084450765942845,0.758498051514032,0.0846824571893388,0.843180508703371
138.36,-35.38,2021-03-12,9.8437081773399e+36,1.23574150668942e+72,0.112928897127751,1.7228052940218e+69,1.19425730600209e+72,0.00144257463225332,0.00144049660838822,0.0826267047761735,0.765317957895112,0.0778625508082591,0.843180508703371
138.37,-35.37,2021-03-21,9.85189307881773e+36,1.15611015959816e+72,0.109138987131305,1.44054795435088e+69,1.12011660140635e+72,0.00128606964001982,0.0012844177892959,0.0788440689059716,0.760540026881593,0.0826404818217778,0.843180508703371
138.38,-35.37,2021-03-11,9.84097987684729e+36,1.26225550640817e+72,0.114165607823986,1.9848053395786e+69,1.21841745252778e+72,0.00162900271615516,0.00162635338207833,0.084450765942845,0.758498051514032,0.0846824571893388,0.843180508703371
138.43,-35.27,2021-02-15,6.14413270935961e+36,2.35082160539173e+73,0.789131262941582,1.0614405225724e+72,2.21468539207276e+73,0.0479273727262444,0.0457353953848524,0.101865199500591,0.099174121273484,0.246779685631368,0.345953806904852
138.43,-35.27,2022-02-13,NA,NA,NA,NA,NA,NA,NA,NA,NA,NA,NA
138.46,-35.21,2021-02-15,8.64871256157635e+36,1.14237291458802e+73,0.390798137376409,5.13447566282819e+70,1.1002645581157e+73,0.00466658280043248,0.00464490695751493,0.105807708451354,0.16704105675696,0.175212541146925,0.342253597903886
138.46,-35.14,2021-02-03,7.35549812807882e+36,1.92304156207777e+73,0.596186648714836,2.77721680362845e+71,1.85911839247506e+73,0.0149383536566013,0.0147184837411865,0.050992537980485,0.164048579761242,0.216521874843456,0.380570454604698
150.73,-35.13,2021-04-11,9.13707834975369e+36,7.60533345765676e+72,0.301822617626693,5.13047456016994e+70,7.32578233109612e+72,0.00700331285901351,0.00695460756641425,0.137659862589832,0.211005851539457,0.197506510954754,0.408512362494211
150.73,-35.13,2022-02-12,NA,NA,NA,NA,NA,NA,NA,NA,NA,NA,NA
150.74,-35.13,2022-02-12,NA,NA,NA,NA,NA,NA,NA,NA,NA,NA,NA
150.71,-35.12,2021-04-11,9.13707834975369e+36,7.60533345765676e+72,0.301822617626693,5.13047456016994e+70,7.32578233109612e+72,0.00700331285901351,0.00695460756641425,0.137659862589832,0.211005851539457,0.197506510954754,0.408512362494211
150.71,-35.12,2022-02-12,NA,NA,NA,NA,NA,NA,NA,NA,NA,NA,NA
150.75,-35.12,2022-02-11,NA,NA,NA,NA,NA,NA,NA,NA,NA,NA,NA
150.76,-35.12,2022-02-11,NA,NA,NA,NA,NA,NA,NA,NA,NA,NA,NA
150.77,-35.11,2021-04-12,7.66652438423645e+36,1.76584280519432e+73,0.5481223345081,3.22076164292984e+71,1.69103483458772e+73,0.0190460987382029,0.0186901247762845,0.177459645577407,0.0764632482723645,0.236583902544132,0.313047150816497
150.77,-35.11,2022-02-11,NA,NA,NA,NA,NA,NA,NA,NA,NA,NA,NA
150.7,-35.1,2021-04-10,8.08668266009852e+36,1.52275685663558e+73,0.482552845744711,1.97817229965827e+71,1.45625033405716e+73,0.0135840126755338,0.0134019602772506,0.152319996716861,0.0470768985396532,0.188258816862666,0.23533571540232
150.69,-35.09,2021-04-09,9.24893866995074e+36,6.66356899418421e+72,0.279101101022954,3.98020820831599e+71,6.19447377606251e+72,0.064254178033602,0.0603748421756943,0.121049246366478,0.30289246765895,0.268204608502139,0.571097076161089
150.69,-35.09,2021-04-10,9.25166697044335e+36,6.64028641144888e+72,0.278530920706219,3.96790500274439e+71,6.17340113065248e+72,0.0642742131730716,0.0603925307759189,0.121340296191809,0.30123749411132,0.265081651036251,0.56631914514757
150.8,-35.09,2022-02-14,NA,NA,NA,NA,NA,NA,NA,NA,NA,NA,NA
150.79,-35.08,2022-02-14,NA,NA,NA,NA,NA,NA,NA,NA,NA,NA,NA
150.8,-35.08,2021-04-10,7.66652438423645e+36,1.76584280519432e+73,0.5481223345081,3.22060471534825e+71,1.69157289262276e+73,0.0190391128244834,0.0186833975113207,0.177172872101391,0.0782403853141752,0.226422034080498,0.304662419394673
150.8,-35.08,2022-02-14,NA,NA,NA,NA,NA,NA,NA,NA,NA,NA,NA
150.7,-35.07,2022-02-12,NA,NA,NA,NA,NA,NA,NA,NA,NA,NA,NA
150.77,-35.07,2021-04-10,9.80551197044335e+36,1.605582392404e+72,0.12922484627541,2.27970655192268e+69,1.53526700652336e+72,0.00148489255760476,0.0014826909208911,0.0780199004879263,0.766706525496135,0.0872943844321496,0.854000909928285
150.77,-35.07,2022-02-13,NA,NA,NA,NA,NA,NA,NA,NA,NA,NA,NA
150.77,-35.06,2022-02-13,NA,NA,NA,NA,NA,NA,NA,NA,NA,NA,NA
150.84,-35.05,2021-04-09,6.30783073891626e+36,2.31016829495523e+73,0.761976852495803,5.53153894096121e+71,2.23195167287336e+73,0.0247834171688854,0.0241840536777549,0.224071080421352,0.0767972023565627,0.198959055793589,0.275756258150152
138.49,-35.04,2021-02-15,8.37861081280788e+36,1.33306597861407e+73,0.435766464082539,1.20705363922537e+71,1.26733764219121e+73,0.0095243256338413,0.0094344686819323,0.114206660615378,0.102829250053219,0.243901993021318,0.346731243074537
150.76,-35.02,2022-02-13,NA,NA,NA,NA,NA,NA,NA,NA,NA,NA,NA
138.48,-34.96,2021-03-01,9.75913086206896e+36,2.05075103300613e+72,0.146738923235362,6.32927994575113e+69,1.93421193644586e+72,0.00327227840263526,0.0032616055213299,0.133505004908325,0.763275982527551,0.0846824571893391,0.84795843971689
138.48,-34.96,2022-04-05,NA,NA,NA,NA,NA,NA,NA,NA,NA,NA,NA
138.45,-34.85,2021-03-01,6.10320820197044e+36,2.36014729610999e+73,0.795996885504347,3.00431130567497e+71,2.28819734506522e+73,0.013129598774136,0.0129594464420174,0.0264717670297456,0.11650760526993,0.199752651519342,0.316260256789272
138.31,-34.62,2021-03-19,4.60537123152709e+36,2.47092309965269e+73,1.07935664854469,5.07520413647977e+71,2.401551318662e+73,0.0211330238793621,0.0206956619609423,0.163286522108024,0.0761402321099293,0.244659380529453,0.320799612639382
138.2,-34.44,2021-03-19,9.73730445812808e+36,2.25875302574494e+72,0.154346087216186,4.84880517438296e+69,2.11994998879429e+72,0.0022872262081714,0.00228200674254263,0.0769020823241251,0.747138789282842,0.0960417194205287,0.843180508703371
151.11,-34.07,2022-05-19,NA,NA,NA,NA,NA,NA,NA,NA,NA,NA,NA
151.13,-34.07,2022-05-19,NA,NA,NA,NA,NA,NA,NA,NA,NA,NA,NA
151.23,-33.99,2021-02-06,9.15344815270936e+36,7.46907785674323e+72,0.298571786899869,6.2678962080515e+70,7.08475794960682e+72,0.00884701531461544,0.00876943201527581,0.147170664495312,0.261589517872263,0.181177495799468,0.442767013671731
151.23,-33.99,2021-12-10,NA,NA,NA,NA,NA,NA,NA,NA,NA,NA,NA
151.23,-33.99,2022-01-03,NA,NA,NA,NA,NA,NA,NA,NA,NA,NA,NA
137.6,-33.93,2022-02-08,NA,NA,NA,NA,NA,NA,NA,NA,NA,NA,NA
137.61,-33.93,2022-02-07,NA,NA,NA,NA,NA,NA,NA,NA,NA,NA,NA
151.26,-33.92,2022-04-28,NA,NA,NA,NA,NA,NA,NA,NA,NA,NA,NA
151.28,-33.84,2021-03-07,8.56686354679803e+36,1.2016999434448e+73,0.404646856443443,1.01947290690719e+71,1.13491908029092e+73,0.00898278057538575,0.00890280859923418,0.092752206763626,0.13097485025469,0.21716609858847,0.34814094884316
151.28,-33.84,2021-12-11,NA,NA,NA,NA,NA,NA,NA,NA,NA,NA,NA
151.29,-33.84,2021-04-03,8.56140694581281e+36,1.2056074264699e+73,0.405562523427877,1.1378522556825e+71,1.13511912351431e+73,0.0100240779325409,0.00992459303847445,0.0879240801381473,0.264730427191447,0.180772542126242,0.445502969317689
151.29,-33.84,2022-05-15,NA,NA,NA,NA,NA,NA,NA,NA,NA,NA,NA
151.26,-33.83,2021-04-05,8.56413524630542e+36,1.20365442952347e+73,0.405104802795112,1.14497414005406e+71,1.13287804436686e+73,0.0101067731495666,0.0100056483316642,0.0863984641185682,0.137849794563574,0.215069085293105,0.352918879856679
151.26,-33.83,2022-04-30,NA,NA,NA,NA,NA,NA,NA,NA,NA,NA,NA
151.27,-33.83,2021-04-05,8.56413524630542e+36,1.20365442952347e+73,0.405104802795112,1.14497414005406e+71,1.13287804436686e+73,0.0101067731495666,0.0100056483316642,0.0863984641185682,0.137849794563574,0.215069085293105,0.352918879856679
151.27,-33.83,2022-04-30,NA,NA,NA,NA,NA,NA,NA,NA,NA,NA,NA
151.28,-33.83,2022-05-10,NA,NA,NA,NA,NA,NA,NA,NA,NA,NA,NA
151.29,-33.82,2021-03-13,8.56959184729064e+36,1.19974396823387e+73,0.404188683326409,1.06290425402527e+71,1.13282532885783e+73,0.00938277267420336,0.00929555459852475,0.0901261271317679,0.128742762555437,0.219398186287723,0.34814094884316
151.29,-33.82,2022-05-07,NA,NA,NA,NA,NA,NA,NA,NA,NA,NA,NA
151.29,-33.82,2022-05-10,NA,NA,NA,NA,NA,NA,NA,NA,NA,NA,NA
151.3,-33.82,2021-03-13,8.56959184729064e+36,1.19974396823387e+73,0.404188683326409,1.06290425402527e+71,1.13282532885783e+73,0.00938277267420336,0.00929555459852475,0.0901261271317679,0.128742762555437,0.219398186287723,0.34814094884316
151.3,-33.82,2022-05-07,NA,NA,NA,NA,NA,NA,NA,NA,NA,NA,NA
151.27,-33.81,2021-04-05,8.56413524630542e+36,1.20365442952347e+73,0.405104802795112,1.14497414005406e+71,1.13287804436686e+73,0.0101067731495666,0.0100056483316642,0.0863984641185682,0.137849794563574,0.215069085293105,0.352918879856679
151.31,-33.81,2021-04-03,8.56140694581281e+36,1.2056074264699e+73,0.405562523427877,1.1378522556825e+71,1.13511912351431e+73,0.0100240779325409,0.00992459303847445,0.0879240801381473,0.264730427191447,0.180772542126242,0.445502969317689
151.31,-33.81,2022-04-30,NA,NA,NA,NA,NA,NA,NA,NA,NA,NA,NA
151.31,-33.81,2022-05-15,NA,NA,NA,NA,NA,NA,NA,NA,NA,NA,NA
151.27,-33.8,2022-01-08,NA,NA,NA,NA,NA,NA,NA,NA,NA,NA,NA
151.28,-33.8,2022-01-08,NA,NA,NA,NA,NA,NA,NA,NA,NA,NA,NA
151.3,-33.8,2021-12-12,NA,NA,NA,NA,NA,NA,NA,NA,NA,NA,NA
115.21,-33.6,2022-04-03,NA,NA,NA,NA,NA,NA,NA,NA,NA,NA,NA
115.22,-33.6,2022-04-03,NA,NA,NA,NA,NA,NA,NA,NA,NA,NA,NA
115.2,-33.59,2022-04-01,NA,NA,NA,NA,NA,NA,NA,NA,NA,NA,NA
115.21,-33.59,2022-04-01,NA,NA,NA,NA,NA,NA,NA,NA,NA,NA,NA
115.23,-33.59,2022-04-02,NA,NA,NA,NA,NA,NA,NA,NA,NA,NA,NA
115.24,-33.59,2022-04-02,NA,NA,NA,NA,NA,NA,NA,NA,NA,NA,NA
152.11,-32.79,2021-05-11,8.21218448275862e+36,1.44329675975311e+73,0.46261437248215,7.79580559015614e+70,1.40060883263623e+73,0.00556601201456289,0.00553520300811667,0.149699996574152,0.0967007757227233,0.194560406073199,0.291261181795922
152.11,-32.79,2021-05-14,8.21491278325123e+36,1.44153437173474e+73,0.462178292866674,7.76091199092177e+70,1.39783810828104e+73,0.0055520821366543,0.00552142672198233,0.150215761230349,0.0969307161385891,0.194330465657333,0.291261181795922
152.11,-32.79,2021-05-17,8.21491278325123e+36,1.44153437173474e+73,0.462178292866674,7.75747985390096e+70,1.39731712127187e+73,0.00555169598640568,0.00552104482401543,0.150258758740684,0.0969307161385891,0.199108396670852,0.296039112809441
152.11,-32.79,2022-05-07,NA,NA,NA,NA,NA,NA,NA,NA,NA,NA,NA
152.17,-32.75,2021-05-12,8.59960315270936e+36,1.17812995818513e+73,0.399133508388187,8.37018430697653e+70,1.114242851128e+73,0.00751199282858581,0.00745598353375022,0.142529159727593,0.160765380958241,0.179923391904901,0.340688772863142
152.17,-32.75,2021-05-14,8.60233145320197e+36,1.1761561133872e+73,0.398672530690181,8.459240937274e+70,1.11180061435359e+73,0.00760859530752489,0.00755114172602182,0.141014956588685,0.156496298184743,0.17941454366488,0.335910841849623
152.17,-32.75,2022-05-08,NA,NA,NA,NA,NA,NA,NA,NA,NA,NA,NA
152.14,-32.72,2021-05-16,9.92828549261084e+36,4.06421419446171e+71,0.0642116806540556,5.42336406481555e+68,4.01646209973611e+71,0.00135028388918991,0.00134846308121618,0.0151345771069854,0.850071629400333,0.0487458523642293,0.898817481764562
152.14,-32.72,2022-05-06,NA,NA,NA,NA,NA,NA,NA,NA,NA,NA,NA
152.15,-32.72,2021-05-14,9.92555719211823e+36,4.33397050162549e+71,0.0663266525484551,5.12334374846964e+68,4.27921619808243e+71,0.00119726218805338,0.00119583046545377,0.00513221325952986,0.850071629400333,0.0487458523642293,0.898817481764562
152.15,-32.72,2021-07-10,9.93374209359606e+36,3.52425484045903e+71,0.0597614012612567,6.68363905278906e+68,3.48449090178204e+71,0.00191811063400134,0.00191443852910053,0.0160339332448663,0.875217188347075,0.046008579335626,0.921225767682701
152.15,-32.71,2021-02-13,9.78095726600985e+36,1.84179599562704e+72,0.138752047577815,1.73375281647911e+69,1.7556172485531e+72,0.000987546014319459,0.000986571729340308,0.172588151521248,0.750321788736262,0.0868162497557138,0.837138038491976
152.15,-32.71,2021-05-14,9.8191534729064e+36,1.473831416548e+72,0.123637398068865,2.13774181617156e+69,1.41420234078195e+72,0.00151162372916845,0.00150934217172624,0.226465537893372,0.79015155022502,0.0750535026623343,0.865205052887354
152.15,-32.71,2021-05-15,9.82188177339901e+36,1.44743654740928e+72,0.122491249540817,2.42105038617611e+69,1.38960798782401e+72,0.00174225422377374,0.00173922405332075,0.226709044365797,0.781528243639787,0.0836768092475666,0.865205052887354
152.15,-32.71,2021-07-09,9.85462137931034e+36,1.12953659458939e+72,0.10784753167517,2.45708854498215e+69,1.09218322460628e+72,0.0022497036116517,0.00224465380587771,0.236971299504499,0.813069653136293,0.0745436856692003,0.887613338805493
152.15,-32.71,2021-07-24,9.86280628078818e+36,1.04972655162807e+72,0.103881350763259,2.38017303337871e+69,1.01739526881685e+72,0.00233947719861786,0.00233401681948748,0.23840536689292,0.849139073958528,0.0496784078060348,0.898817481764562
152.15,-32.71,2022-02-06,NA,NA,NA,NA,NA,NA,NA,NA,NA,NA,NA
152.15,-32.71,2022-05-07,NA,NA,NA,NA,NA,NA,NA,NA,NA,NA,NA
152.15,-32.71,2022-05-08,NA,NA,NA,NA,NA,NA,NA,NA,NA,NA,NA
152.16,-32.71,2021-02-27,9.78368556650246e+36,1.81560960500339e+72,0.137723721394609,1.74081435381807e+69,1.73074667631678e+72,0.00100581695613752,0.0010048063049184,0.186813270007068,0.765079382731703,0.0832627987193426,0.848342181451046
152.16,-32.71,2021-02-28,9.78368556650246e+36,1.81560960500339e+72,0.137723721394609,1.74213553945774e+69,1.73063381171168e+72,0.00100664596269195,0.00100563364564261,0.187827457124349,0.765079382731703,0.0832627987193426,0.848342181451046
152.16,-32.71,2021-03-28,9.79459876847291e+36,1.71071512928373e+72,0.133537179205938,1.47601525107212e+69,1.63390637878837e+72,0.000903365866143849,0.000902550532800047,0.210885845242318,0.755762095868074,0.0874184128352967,0.843180508703371
152.16,-32.71,2021-05-13,9.8191534729064e+36,1.473831416548e+72,0.123637398068865,2.15868799597153e+69,1.41424532966142e+72,0.00152638863335567,0.00152406232195092,0.225900436349223,0.786306174653306,0.0788988782340479,0.865205052887354
152.16,-32.71,2021-05-15,9.82188177339901e+36,1.44743654740928e+72,0.122491249540817,2.42105038617611e+69,1.38960798782401e+72,0.00174225422377374,0.00173922405332075,0.226709044365797,0.781528243639787,0.0836768092475666,0.865205052887354
152.16,-32.71,2021-05-16,9.82188177339901e+36,1.44743654740928e+72,0.122491249540817,2.39358195022269e+69,1.38958178211968e+72,0.0017225196681634,0.00171955769621113,0.227295796728827,0.781528243639787,0.0836768092475666,0.865205052887354
152.16,-32.71,2021-05-17,9.82188177339901e+36,1.44743654740928e+72,0.122491249540817,2.36675261017264e+69,1.38955411597251e+72,0.00170324608661694,0.00170034997218095,0.227894872685081,0.786306174653306,0.0788988782340479,0.865205052887354
152.16,-32.71,2021-07-31,9.87099118226601e+36,9.69782486764219e+71,0.099764585966074,2.91850821938037e+69,9.41867696113067e+71,0.00309863925838478,0.00308906735301294,0.241080283583574,0.83276330555041,0.066399407817965,0.899162713368375
152.16,-32.71,2021-08-01,NA,NA,NA,NA,NA,NA,NA,NA,NA,NA,NA
152.16,-32.71,2022-02-05,NA,NA,NA,NA,NA,NA,NA,NA,NA,NA,NA
152.16,-32.71,2022-02-19,NA,NA,NA,NA,NA,NA,NA,NA,NA,NA,NA
152.16,-32.71,2022-05-07,NA,NA,NA,NA,NA,NA,NA,NA,NA,NA,NA
152.16,-32.71,2022-05-08,NA,NA,NA,NA,NA,NA,NA,NA,NA,NA,NA
152.33,-32.62,2022-05-06,NA,NA,NA,NA,NA,NA,NA,NA,NA,NA,NA
152.55,-32.47,2022-06-26,NA,NA,NA,NA,NA,NA,NA,NA,NA,NA,NA
152.55,-32.46,2022-06-25,NA,NA,NA,NA,NA,NA,NA,NA,NA,NA,NA
152.54,-32.45,2022-06-25,NA,NA,NA,NA,NA,NA,NA,NA,NA,NA,NA
152.53,-32.43,2022-06-24,NA,NA,NA,NA,NA,NA,NA,NA,NA,NA,NA
152.54,-32.43,2022-06-26,NA,NA,NA,NA,NA,NA,NA,NA,NA,NA,NA
115.69,-32.27,2021-02-27,6.12776290640394e+36,2.35459208824979e+73,0.791873640896497,8.06300262809718e+71,2.21956260949621e+73,0.0363269889013282,0.0350535972626175,0.144485736530169,0.0449806543061269,0.251058458503314,0.296039112809441
115.53,-32.03,2021-05-09,6.77437012315271e+36,2.16489525369928e+73,0.686830421844408,4.71686789302086e+71,2.06595050610272e+73,0.0228314660931491,0.022321826077914,0.181128252407716,0.03927277388837,0.298835162600935,0.338107936489305
115.58,-32.03,2021-05-09,6.77437012315271e+36,2.16489525369928e+73,0.686830421844408,4.71686789302086e+71,2.06595050610272e+73,0.0228314660931491,0.022321826077914,0.181128252407716,0.03927277388837,0.298835162600935,0.338107936489305
115.58,-32.03,2022-06-25,NA,NA,NA,NA,NA,NA,NA,NA,NA,NA,NA
115.45,-32.02,2021-05-08,6.40604955665025e+36,2.28320308816461e+73,0.745902353718426,7.7434199578038e+71,2.15877215170857e+73,0.0358695564590975,0.0346274839678753,0.203508852356896,0.0831175799657445,0.241288833081942,0.324406413047687
115.5,-32.02,2021-05-08,7.57103386699507e+36,1.81616430676667e+73,0.562888504199716,3.54140829079062e+71,1.72454354096783e+73,0.0205353370712992,0.0201221225031079,0.175460540522836,0.0823233299001839,0.261433382364987,0.343756712265171
115.55,-32.02,2021-05-09,6.77437012315271e+36,2.16489525369928e+73,0.686830421844408,4.71686789302086e+71,2.06595050610272e+73,0.0228314660931491,0.022321826077914,0.181128252407716,0.03927277388837,0.298835162600935,0.338107936489305
115.56,-32.02,2021-05-07,6.7716418226601e+36,2.16587137988943e+73,0.687262033299142,4.69323739544416e+71,2.06701514853818e+73,0.0227053846158954,0.0222012956589869,0.182205275418354,0.0411148216063205,0.298796515087137,0.339911336693457
115.56,-32.02,2022-06-25,NA,NA,NA,NA,NA,NA,NA,NA,NA,NA,NA
115.47,-32,2021-05-10,4.69813344827586e+36,2.47710002022743e+73,1.05936695765497,1.66564474659163e+72,2.28583046301029e+73,0.0728682539473237,0.0679191071962704,0.333590225187945,0.0397543811540186,0.310345087165414,0.350099468319433
115.5,-31.99,2021-05-07,4.69540514778325e+36,2.47694291677501e+73,1.05994889698439,1.66065312008008e+72,2.28597318196777e+73,0.0726453456750785,0.0677254098644865,0.332728143299074,0.0385095722200816,0.30500856488168,0.343518137101762
115.5,-31.99,2022-05-28,NA,NA,NA,NA,NA,NA,NA,NA,NA,NA,NA
115.52,-31.99,2021-05-10,5.11556342364532e+36,2.48359338140539e+73,0.974196967623769,1.35119715271956e+72,2.31323380687727e+73,0.0584116118613878,0.0551879922770892,0.325939505446462,0.0718803106061421,0.269834426291467,0.341714736897609
115.53,-31.99,2021-05-08,5.11556342364532e+36,2.48359338140539e+73,0.974196967623769,1.35001236567266e+72,2.31335560111681e+73,0.0583573215039194,0.0551395264323339,0.326354324287001,0.0718803106061421,0.269834426291467,0.341714736897609
115.54,-31.99,2021-05-07,5.11283512315271e+36,2.48366411518729e+73,0.97473069666581,1.34565786356381e+72,2.31377378453028e+73,0.0581585750759554,0.0549620599840442,0.326455577190235,0.073907584262897,0.264832621825346,0.338740206088243
115.56,-31.99,2021-05-07,5.01188800492611e+36,2.48523440514536e+73,0.994677561298845,1.18044078949122e+72,2.32377091889443e+73,0.0507985008286805,0.0483427610418361,0.254023244280545,0.0434753984650315,0.291419432051498,0.33489483051653
115.56,-31.99,2022-05-28,NA,NA,NA,NA,NA,NA,NA,NA,NA,NA,NA
115.54,-31.97,2021-05-09,5.11556342364532e+36,2.48359338140539e+73,0.974196967623769,1.35136896652611e+72,2.31367600534903e+73,0.058407874023928,0.0551846556109498,0.32643942457982,0.0712319651974918,0.269311641094904,0.340543606292396
115.54,-31.97,2022-06-25,NA,NA,NA,NA,NA,NA,NA,NA,NA,NA,NA
115.75,-31.85,2021-02-20,4.86455977832512e+36,2.48386738173947e+73,1.02452051128953,1.07885574196346e+72,2.33544341824364e+73,0.0461948995867692,0.0441551565630988,0.252445357379332,0.0413831770028424,0.274006235024083,0.315389412026925
115.75,-31.84,2021-02-28,4.8591031773399e+36,2.48373335983693e+73,1.02564334017108,1.08376163470999e+72,2.33402927393785e+73,0.0464330780599649,0.0443727162620371,0.252972618484721,0.0967645597206258,0.275127432851525,0.371891992572151
115.75,-31.84,2021-03-13,4.88092958128079e+36,2.48423370827308e+73,1.02115973791143,1.04107693311626e+72,2.3406852716566e+73,0.0444774419578182,0.0425834394991313,0.25368140107144,0.0403705068071193,0.273215505015654,0.313586011822773
115.73,-31.83,2021-02-14,7.43734714285714e+36,1.8835497747966e+73,0.583539820910996,2.72589628397178e+71,1.7988884907147e+73,0.0151532254391642,0.014927032746814,0.219744738129753,0.0783243215890843,0.217714791220357,0.296039112809441
159.24,-31.76,2022-03-23,NA,NA,NA,NA,NA,NA,NA,NA,NA,NA,NA
159.24,-31.75,2022-03-23,NA,NA,NA,NA,NA,NA,NA,NA,NA,NA,NA
159.08,-31.6,2022-03-24,NA,NA,NA,NA,NA,NA,NA,NA,NA,NA,NA
159.07,-31.58,2022-03-25,NA,NA,NA,NA,NA,NA,NA,NA,NA,NA,NA
159.07,-31.57,2022-03-17,NA,NA,NA,NA,NA,NA,NA,NA,NA,NA,NA
159.1,-31.57,2022-03-24,NA,NA,NA,NA,NA,NA,NA,NA,NA,NA,NA
159.07,-31.56,2022-03-17,NA,NA,NA,NA,NA,NA,NA,NA,NA,NA,NA
159.1,-31.56,2022-03-21,NA,NA,NA,NA,NA,NA,NA,NA,NA,NA,NA
159.06,-31.55,2022-03-18,NA,NA,NA,NA,NA,NA,NA,NA,NA,NA,NA
159.06,-31.55,2022-03-19,NA,NA,NA,NA,NA,NA,NA,NA,NA,NA,NA
159.07,-31.55,2022-03-17,NA,NA,NA,NA,NA,NA,NA,NA,NA,NA,NA
159.05,-31.54,2022-03-17,NA,NA,NA,NA,NA,NA,NA,NA,NA,NA,NA
159.06,-31.54,2022-03-14,NA,NA,NA,NA,NA,NA,NA,NA,NA,NA,NA
159.07,-31.54,2022-03-14,NA,NA,NA,NA,NA,NA,NA,NA,NA,NA,NA
159.11,-31.54,2022-03-24,NA,NA,NA,NA,NA,NA,NA,NA,NA,NA,NA
159.05,-31.53,2022-03-18,NA,NA,NA,NA,NA,NA,NA,NA,NA,NA,NA
159.05,-31.53,2022-05-05,NA,NA,NA,NA,NA,NA,NA,NA,NA,NA,NA
159.06,-31.53,2022-03-13,NA,NA,NA,NA,NA,NA,NA,NA,NA,NA,NA
159.03,-31.52,2022-03-24,NA,NA,NA,NA,NA,NA,NA,NA,NA,NA,NA
159.04,-31.52,2022-03-18,NA,NA,NA,NA,NA,NA,NA,NA,NA,NA,NA
159.04,-31.52,2022-03-24,NA,NA,NA,NA,NA,NA,NA,NA,NA,NA,NA
159.05,-31.52,2022-03-14,NA,NA,NA,NA,NA,NA,NA,NA,NA,NA,NA
159.05,-31.52,2022-03-16,NA,NA,NA,NA,NA,NA,NA,NA,NA,NA,NA
159.07,-31.52,2022-03-13,NA,NA,NA,NA,NA,NA,NA,NA,NA,NA,NA
159.08,-31.52,2022-03-19,NA,NA,NA,NA,NA,NA,NA,NA,NA,NA,NA
159.04,-31.51,2022-03-15,NA,NA,NA,NA,NA,NA,NA,NA,NA,NA,NA
159.05,-31.51,2022-03-15,NA,NA,NA,NA,NA,NA,NA,NA,NA,NA,NA
159.06,-31.51,2022-03-15,NA,NA,NA,NA,NA,NA,NA,NA,NA,NA,NA
159.07,-31.51,2022-03-19,NA,NA,NA,NA,NA,NA,NA,NA,NA,NA,NA
159.06,-31.5,2022-03-21,NA,NA,NA,NA,NA,NA,NA,NA,NA,NA,NA
159.07,-31.5,2022-03-16,NA,NA,NA,NA,NA,NA,NA,NA,NA,NA,NA
159.07,-31.5,2022-03-22,NA,NA,NA,NA,NA,NA,NA,NA,NA,NA,NA
153,-30.65,2021-08-07,NA,NA,NA,NA,NA,NA,NA,NA,NA,NA,NA
153.23,-30.16,2021-06-12,6.37876655172414e+36,2.29088701057678e+73,0.750352141980754,8.62271265534546e+71,2.16511569842855e+73,0.0398256437824726,0.0383003093072438,0.205248742118648,0.107906613403787,0.241860871159575,0.349767484563362
153.23,-30.15,2021-06-12,7.01991716748768e+36,2.07094590002021e+73,0.648264723424382,5.78099502840316e+71,1.96515320510152e+73,0.0294175284318584,0.0285768676162635,0.220454060757542,0.0989884337431989,0.233170441127373,0.332158874870572
153.2,-30.11,2021-08-13,NA,NA,NA,NA,NA,NA,NA,NA,NA,NA,NA
153.2,-30.06,2021-09-01,NA,NA,NA,NA,NA,NA,NA,NA,NA,NA,NA
153.27,-30.02,2021-06-07,5.63394051724138e+36,2.44313365816145e+73,0.877326719008179,8.77672021971182e+71,2.31498825298387e+73,0.0379125907373361,0.0365277298644223,0.266099705001343,0.0773870969020044,0.226104191887455,0.303491288789459
153.27,-30.02,2022-05-04,NA,NA,NA,NA,NA,NA,NA,NA,NA,NA,NA
153.23,-29.98,2021-06-27,8.80968229064039e+36,1.02178670777955e+73,0.362843943145141,1.02832705654613e+71,9.86411338873258e+72,0.0104249314258771,0.0103173735144933,0.137415264255364,0.13186375388173,0.246509606083287,0.378373359965016
167.95,-29.13,2021-02-28,7.06084167487685e+36,2.05411498275983e+73,0.641883041411042,1.54476247315565e+71,2.00428443832426e+73,0.00770730163652418,0.00764835346931342,0.0982715144549054,0.289519360595103,0.132187362247654,0.421706722842757
167.94,-29.12,2021-02-28,7.06084167487685e+36,2.05411498275983e+73,0.641883041411042,1.54476247315565e+71,2.00428443832426e+73,0.00770730163652418,0.00764835346931342,0.0982715144549054,0.289519360595103,0.132187362247654,0.421706722842757
167.96,-29.07,2021-02-24,8.6350710591133e+36,1.15235382349647e+73,0.393121691492424,3.49530978442762e+70,1.11332752659272e+73,0.00313951618094346,0.00312969046708072,0.112054752482072,0.122669002546992,0.169131040255206,0.291800042802198
167.95,-29.06,2021-02-24,7.93662613300493e+36,1.6136274293869e+73,0.506134231623669,8.29261258579352e+70,1.58191199891787e+73,0.00524214532253768,0.00521480853835043,0.0736912486252856,0.0899462529028513,0.23977695216463,0.329723205067482
167.96,-29.06,2021-02-24,9.0634142364532e+36,8.21184957759201e+72,0.316175827007084,1.03332841779371e+70,8.08143154240758e+72,0.00127864526522471,0.00127701241934108,0.0130178758179337,0.249078300341185,0.151142739323864,0.400221039665049
167.96,-29.06,2021-02-25,9.0634142364532e+36,8.21184957759201e+72,0.316175827007084,1.03967175828257e+70,8.08185352316166e+72,0.00128642737127441,0.0012847746020604,0.012735958624828,0.33438227965335,0.109233833568898,0.443616113222248
167.96,-29.06,2021-02-26,9.0634142364532e+36,8.21184957759201e+72,0.316175827007084,1.04620367723369e+70,8.08227123796561e+72,0.00129444267141055,0.00129276925572166,0.0125137398134682,0.415145817068333,0.0774207368943177,0.49256655396265
167.96,-29.06,2022-05-03,NA,NA,NA,NA,NA,NA,NA,NA,NA,NA,NA
167.96,-29.06,2022-05-05,NA,NA,NA,NA,NA,NA,NA,NA,NA,NA,NA
167.99,-29.05,2021-03-02,9.06887083743842e+36,8.16729474065941e+72,0.315127205185653,1.17706301778019e+70,8.02415174351177e+72,0.00146690024740864,0.00146475160291992,0.0132044134933752,0.33438227965335,0.109233833568898,0.443616113222248
167.92,-29.01,2021-02-25,8.85333509852217e+36,9.8819188421005e+72,0.35506980271244,8.8521190119395e+70,9.68068636134582e+72,0.00914410268189793,0.00906124572060283,0.0702110411895153,0.24914615980956,0.147267757429123,0.396413917238683
167.92,-29.01,2021-02-27,8.85606339901478e+36,9.86079550112827e+72,0.354580835656708,9.23568953897694e+70,9.65398039974683e+72,0.00956671668736673,0.00947606188797255,0.0684293662836235,0.24914615980956,0.147267757429123,0.396413917238683
167.92,-29,2021-02-27,8.85606339901478e+36,9.86079550112827e+72,0.354580835656708,9.23568953897694e+70,9.65398039974683e+72,0.00956671668736673,0.00947606188797255,0.0684293662836235,0.24914615980956,0.147267757429123,0.396413917238683
167.94,-29,2021-02-27,8.85606339901478e+36,9.86079550112827e+72,0.354580835656708,9.23568953897694e+70,9.65398039974683e+72,0.00956671668736673,0.00947606188797255,0.0684293662836235,0.24914615980956,0.147267757429123,0.396413917238683
113.95,-28.97,2021-04-20,7.44280374384236e+36,1.88086933674584e+73,0.582696951173487,2.10456231568005e+71,1.80843243770637e+73,0.0116374948369609,0.0115036215011351,0.176722635512126,0.0306329086987973,0.25287581127424,0.283508719973037
114.01,-28.89,2021-04-18,5.04735591133005e+36,2.48457491306206e+73,0.987556878019075,2.16915458687199e+71,2.4378185350214e+73,0.0088979329499312,0.00881945800395725,0.586676120050965,0.0816002466932095,0.203079603885042,0.284679850578251
113.92,-28.88,2021-04-20,5.05144836206897e+36,2.48452186998584e+73,0.98674627176482,2.21826775906074e+71,2.43236173330258e+73,0.0091198103007847,0.00903739100916708,0.633646416031941,0.0760559423518038,0.219050615015832,0.295106557367636
114.01,-28.85,2021-04-18,4.26979027093596e+36,2.43419886465893e+73,1.1555040831169,3.46244135762243e+71,2.38517470539099e+73,0.0145165104669129,0.0143087966702799,0.239992364440261,0.0904244519915606,0.227939490844731,0.318363942836292
113.78,-28.72,2021-04-16,5.39385007389163e+36,2.46855612394064e+73,0.921133616513076,2.51211957418145e+71,2.42549628104322e+73,0.0103571363675766,0.0102509657177386,0.176255905189251,0.0843039761710956,0.230846860692421,0.315150836863517
113.79,-28.72,2021-04-19,5.3883934729064e+36,2.46899988535127e+73,0.92214928422359,2.53003615538359e+71,2.42548559531235e+73,0.0104310500143695,0.0103233664624827,0.175448255729764,0.0878233593295512,0.233276539152698,0.32109989848225
113.78,-28.7,2021-04-19,5.3883934729064e+36,2.46899988535127e+73,0.92214928422359,2.53003615538359e+71,2.42548559531235e+73,0.0104310500143695,0.0103233664624827,0.175448255729764,0.0878233593295512,0.233276539152698,0.32109989848225
113.83,-28.7,2021-04-19,6.50154007389163e+36,2.2551366680748e+73,0.730415851179917,3.15210555234075e+71,2.1853229897715e+73,0.0144239801946638,0.0142188872466282,0.247919172342801,0.112107197101555,0.166229897422434,0.278337094523989
113.76,-28.68,2021-04-16,4.52897881773399e+36,2.46454365709188e+73,1.09614490201759,2.55834034492338e+71,2.42468184429496e+73,0.0105512413966513,0.0104410750929055,0.257537248275227,0.134652817352514,0.203455119136791,0.338107936489305
113.84,-28.67,2021-04-16,4.52897881773399e+36,2.46454365709188e+73,1.09614490201759,3.03104963386245e+71,2.41485649090031e+73,0.0125516760324437,0.0123960843970215,0.311880264926773,0.121511089408748,0.183151329985926,0.304662419394673
153.63,-28.61,2021-06-16,8.34859950738916e+36,1.35335317182768e+73,0.440648143420278,1.81388497961655e+71,1.30000911220169e+73,0.0139528635806603,0.0137608601758738,0.192585450414326,0.0934315072880334,0.241940473555314,0.335371980843347
113.77,-28.48,2021-04-17,5.74580083743842e+36,2.42735109000537e+73,0.857463673417604,3.34658172425737e+71,2.35443672186697e+73,0.0142139378526329,0.0140147333044226,0.211053213331974,0.0465821926139833,0.232387171508944,0.278969364122927
113.78,-28.47,2021-04-17,4.40347699507389e+36,2.4515286412232e+73,1.12440496314098,4.06793436196732e+71,2.39056263353349e+73,0.0170166399528905,0.0167319189130266,0.270436232644622,0.0812756334596129,0.245473040798502,0.326748674258115
113.77,-28.46,2021-04-17,5.50298209359606e+36,2.45843002463778e+73,0.901012520521383,2.29556901427925e+71,2.39916898513318e+73,0.00956818393578819,0.00947750145858079,0.206621306473563,0.0809601604415633,0.202548559531474,0.283508719973037
153.55,-28.17,2022-01-31,NA,NA,NA,NA,NA,NA,NA,NA,NA,NA,NA
153.53,-28.16,2022-02-21,NA,NA,NA,NA,NA,NA,NA,NA,NA,NA,NA
153.53,-27.41,2021-06-18,6.33238544334975e+36,2.303607922826e+73,0.757943686757245,7.87508111832564e+71,2.19455407277635e+73,0.0358846529051926,0.0346415528066298,0.194726585639259,0.0883760678433534,0.219260882360687,0.30763695020404
153.53,-27.41,2021-06-20,6.33238544334975e+36,2.303607922826e+73,0.757943686757245,7.87619509598225e+71,2.19427936047146e+73,0.0358942222119337,0.034650470523225,0.194378184087815,0.0883760678433534,0.219260882360687,0.30763695020404
153.44,-27.4,2021-06-17,7.95845253694581e+36,1.60068984839524e+73,0.502718612568626,2.59387665981418e+71,1.53407719422845e+73,0.0169083842036954,0.016627244367678,0.202463794583951,0.0779152276719295,0.23426107838222,0.31217630605415
153.55,-27.39,2021-06-19,6.32965714285714e+36,2.30434280959158e+73,0.758391327002562,7.88217638794601e+71,2.19520497320774e+73,0.0359063344159073,0.0346617577506686,0.195159200125678,0.0882036685338835,0.221236681874309,0.309440350408192
153.55,-27.39,2021-06-20,6.33238544334975e+36,2.303607922826e+73,0.757943686757245,7.87619509598225e+71,2.19427936047146e+73,0.0358942222119337,0.034650470523225,0.194378184087815,0.0883760678433534,0.219260882360687,0.30763695020404
113.22,-26.16,2021-05-29,8.29676179802956e+36,1.38797028468709e+73,0.449036312296124,8.59143429101222e+69,1.3096063963324e+73,0.00065603179054965,0.000655601694995795,0.136031571666607,0.267020613997587,0.136652106803646,0.403672720801234
113.17,-26.14,2021-05-28,8.90244450738916e+36,9.49942033225734e+72,0.346209736322064,4.34811934704159e+70,9.0093743315293e+72,0.00482621676826643,0.00480303627406196,0.123148933047636,0.287265857484962,0.161149931962634,0.448415789447597
113.18,-26.12,2021-05-28,9.96921e+36,0,0,1.19508040497308e+41,1.6260975308455e+43,0.00734937715791062,0.00729575788158605,1.39881439227233,1,0,1
113.24,-26.12,2021-05-29,9.75094596059113e+36,2.12886346520196e+72,0.149632921305192,4.51030900785742e+69,2.00204048149537e+72,0.00225285604838948,0.00224779209636965,0.251289505119252,0.809544244375105,0.0668649514713182,0.876409195846424
152.49,-24.88,2021-07-21,9.96921e+36,0,0,1.05915214070476e+41,1.62790305120412e+43,0.00650623598205882,0.00646417851123458,1.35393050339519,1,0,1
152.48,-24.84,2021-07-20,8.72510497536946e+36,1.08579184560102e+73,0.377661424596739,1.54910860269995e+71,1.03221037418511e+73,0.0150076829437304,0.0147857826063002,0.108405413705387,0.127003821187695,0.253473224824341,0.380477046012036
113.78,-23.33,2021-08-05,NA,NA,NA,NA,NA,NA,NA,NA,NA,NA,NA
113.78,-23.32,2021-08-05,NA,NA,NA,NA,NA,NA,NA,NA,NA,NA,NA
113.75,-23.22,2021-08-09,NA,NA,NA,NA,NA,NA,NA,NA,NA,NA,NA
113.76,-23.21,2021-08-11,NA,NA,NA,NA,NA,NA,NA,NA,NA,NA,NA
113.76,-23.21,2021-08-12,NA,NA,NA,NA,NA,NA,NA,NA,NA,NA,NA
113.76,-23.2,2021-08-12,NA,NA,NA,NA,NA,NA,NA,NA,NA,NA,NA
113.76,-23.18,2021-08-06,NA,NA,NA,NA,NA,NA,NA,NA,NA,NA,NA
113.76,-23.18,2021-08-10,NA,NA,NA,NA,NA,NA,NA,NA,NA,NA,NA
113.76,-23.18,2021-08-12,NA,NA,NA,NA,NA,NA,NA,NA,NA,NA,NA
113.76,-23.17,2021-08-07,NA,NA,NA,NA,NA,NA,NA,NA,NA,NA,NA
113.76,-23.16,2021-08-06,NA,NA,NA,NA,NA,NA,NA,NA,NA,NA,NA
113.75,-23.14,2021-08-07,NA,NA,NA,NA,NA,NA,NA,NA,NA,NA,NA
113.77,-23.14,2021-08-10,NA,NA,NA,NA,NA,NA,NA,NA,NA,NA,NA
113.74,-23.13,2021-08-09,NA,NA,NA,NA,NA,NA,NA,NA,NA,NA,NA
113.75,-23.13,2021-08-10,NA,NA,NA,NA,NA,NA,NA,NA,NA,NA,NA
113.76,-23.13,2021-08-10,NA,NA,NA,NA,NA,NA,NA,NA,NA,NA,NA
113.76,-23.12,2021-08-05,NA,NA,NA,NA,NA,NA,NA,NA,NA,NA,NA
113.75,-23.11,2021-08-05,NA,NA,NA,NA,NA,NA,NA,NA,NA,NA,NA
113.74,-23.09,2021-08-12,NA,NA,NA,NA,NA,NA,NA,NA,NA,NA,NA
113.82,-23.04,2021-08-06,NA,NA,NA,NA,NA,NA,NA,NA,NA,NA,NA
113.78,-22.93,2021-08-08,NA,NA,NA,NA,NA,NA,NA,NA,NA,NA,NA
113.76,-22.87,2021-08-08,NA,NA,NA,NA,NA,NA,NA,NA,NA,NA,NA
113.88,-22.1,2021-08-07,NA,NA,NA,NA,NA,NA,NA,NA,NA,NA,NA
114.16,-21.87,2021-08-09,NA,NA,NA,NA,NA,NA,NA,NA,NA,NA,NA
114.17,-21.85,2021-08-08,NA,NA,NA,NA,NA,NA,NA,NA,NA,NA,NA
114.18,-21.84,2021-08-08,NA,NA,NA,NA,NA,NA,NA,NA,NA,NA,NA
114.18,-21.84,2021-08-09,NA,NA,NA,NA,NA,NA,NA,NA,NA,NA,NA
116.51,-20.62,2021-06-06,8.26947879310345e+36,1.40597389359468e+73,0.453430250426559,1.51168637867925e+71,1.28269110059639e+73,0.0117852722138353,0.0116479973938033,0.14627349906002,0.168421646786351,0.227498612191997,0.395920258978348
116.52,-20.62,2021-06-06,8.26947879310345e+36,1.40597389359468e+73,0.453430250426559,1.51168637867925e+71,1.28269110059639e+73,0.0117852722138353,0.0116479973938033,0.14627349906002,0.168421646786351,0.227498612191997,0.395920258978348
116.46,-20.61,2021-06-04,4.68449194581281e+36,2.47629961164283e+73,1.0622802281489,1.06824334040769e+72,2.31585930932356e+73,0.0461272986708209,0.044093389714071,0.201156029572698,0.109503595495101,0.246151240007536,0.355654835502637
116.6,-20.61,2021-06-03,7.42370564039409e+36,1.89022481010911e+73,0.58564708556081,2.4150957699505e+71,1.70642481129979e+73,0.0141529574227821,0.0139554465814983,0.157790822972624,0.0969928035862119,0.236575777052983,0.333568580639195
116.53,-20.58,2021-06-06,5.56573300492611e+36,2.4515286412232e+73,0.889602750249773,9.56703230768897e+71,2.27297693937172e+73,0.0420903183924666,0.0403902787019414,0.066058445025229,0.0786546124982479,0.218016769910131,0.296671382408379
116.54,-20.58,2021-06-03,5.5630047044335e+36,2.45184508182642e+73,0.89009648467247,9.5959873921854e+71,2.27177328287394e+73,0.0422400750309285,0.0405281624098699,0.0656441907036647,0.0784246720823821,0.218246710325997,0.296671382408379
116.57,-20.58,2021-06-05,6.35694014778325e+36,2.29692693098449e+73,0.753920352411665,6.59802017995219e+71,2.12977211167499e+73,0.0309799351009582,0.0300490184592433,0.0913631585134873,0.0469921847836282,0.244901266611232,0.29189345139486
116.54,-20.57,2021-06-03,5.5630047044335e+36,2.45184508182642e+73,0.89009648467247,9.5959873921854e+71,2.27177328287394e+73,0.0422400750309285,0.0405281624098699,0.0656441907036647,0.0784246720823821,0.218246710325997,0.296671382408379
116.58,-20.57,2021-06-06,6.35694014778325e+36,2.29692693098449e+73,0.753920352411665,6.59189238418909e+71,2.13048218304888e+73,0.0309408472722151,0.0300122430438973,0.0908481770359051,0.0505672872787295,0.247907495333802,0.298474782612531
116.61,-20.57,2021-06-03,5.62029901477832e+36,2.44488711138632e+73,0.879771691942104,9.81226303140638e+71,2.25101491941483e+73,0.0435903953668915,0.0417696402347269,0.157192186242822,0.0702908155680005,0.253244752717339,0.32353556828534
116.63,-20.55,2021-06-05,5.62302731527094e+36,2.44453939900585e+73,0.879282292991679,9.79176355612775e+71,2.25126241284283e+73,0.0434945455503919,0.0416816223293728,0.157867132501527,0.0702908155680005,0.253244752717339,0.32353556828534
116.64,-20.55,2021-06-04,7.74837339901478e+36,1.72125818561671e+73,0.535442041467803,2.1700699187939e+71,1.55146589588552e+73,0.0139872228229375,0.0137942791665531,0.16241546566294,0.11302930146214,0.274899920529914,0.387929221992054
116.53,-20.54,2021-06-05,5.56573300492611e+36,2.4515286412232e+73,0.889602750249773,9.5738864880393e+71,2.27219452253983e+73,0.0421349774109028,0.0404314012332487,0.0659683219058019,0.0784246720823821,0.218246710325997,0.296671382408379
116.66,-20.53,2021-06-04,5.20559733990148e+36,2.48042376341037e+73,0.956736559616175,1.01719604837268e+72,2.30725197981321e+73,0.0440869075971073,0.0422253236548768,0.177048653922617,0.0997967413338312,0.251951007917634,0.351747749251465
116.65,-20.51,2021-06-07,5.20559733990148e+36,2.48042376341037e+73,0.956736559616175,1.01452855924938e+72,2.30952126169349e+73,0.0439280891705435,0.0420796122129894,0.17738063449146,0.100342195327604,0.251405553923861,0.351747749251465
149.04,-20.16,2021-01-03,7.0744831773399e+36,2.04843022039385e+73,0.639758211596601,7.83236161652393e+71,1.9530380910057e+73,0.0401034759772183,0.0385571983013896,0.249990434554533,0.0863986614979935,0.231726706174889,0.318125367672883
148.94,-20.11,2021-01-05,9.76458746305419e+36,1.99860162159638e+72,0.144780215226289,1.50634020478793e+70,1.98181675529404e+72,0.00760080466957418,0.00754346824094363,0.00848479952363903,0.557519176461846,0.0870399180363523,0.644559094498198
148.95,-20.09,2021-01-05,9.76458746305419e+36,1.99860162159638e+72,0.144780215226289,1.50634020478793e+70,1.98181675529404e+72,0.00760080466957418,0.00754346824094363,0.00848479952363903,0.557519176461846,0.0870399180363523,0.644559094498198
148.93,-20.07,2021-01-04,9.00611992610837e+36,8.67607911099953e+72,0.327057434646033,6.77423681181702e+70,8.49217776581602e+72,0.00797703133239355,0.007913901889063,0.115880891793249,0.0878437620692206,0.238366051182618,0.326209813251839
148.93,-20.07,2021-08-05,NA,NA,NA,NA,NA,NA,NA,NA,NA,NA,NA
148.88,-20.05,2021-01-04,6.73344561576355e+36,2.17938078766525e+73,0.693312774427555,8.31665416840492e+71,2.06185178524716e+73,0.0403358487157601,0.0387719492369244,0.250904044230743,0.0946111510952354,0.226188461544147,0.320799612639382
148.88,-20.04,2021-08-05,NA,NA,NA,NA,NA,NA,NA,NA,NA,NA,NA
149.07,-19.81,2021-08-06,NA,NA,NA,NA,NA,NA,NA,NA,NA,NA,NA
149.07,-19.79,2021-08-07,NA,NA,NA,NA,NA,NA,NA,NA,NA,NA,NA
148.34,-19.27,2021-11-23,NA,NA,NA,NA,NA,NA,NA,NA,NA,NA,NA
148.35,-19.27,2021-11-23,NA,NA,NA,NA,NA,NA,NA,NA,NA,NA,NA
147.38,-18.27,2021-11-22,NA,NA,NA,NA,NA,NA,NA,NA,NA,NA,NA
147.38,-18.26,2021-11-22,NA,NA,NA,NA,NA,NA,NA,NA,NA,NA,NA
146.5,-17.52,2021-11-21,NA,NA,NA,NA,NA,NA,NA,NA,NA,NA,NA
151.07,-17.44,2021-08-09,NA,NA,NA,NA,NA,NA,NA,NA,NA,NA,NA
151.07,-17.43,2021-08-08,NA,NA,NA,NA,NA,NA,NA,NA,NA,NA,NA
151.07,-17.42,2021-08-09,NA,NA,NA,NA,NA,NA,NA,NA,NA,NA,NA
146.09,-17.23,2021-11-20,NA,NA,NA,NA,NA,NA,NA,NA,NA,NA,NA
146.1,-17.23,2021-11-20,NA,NA,NA,NA,NA,NA,NA,NA,NA,NA,NA
146.09,-17.22,2021-11-20,NA,NA,NA,NA,NA,NA,NA,NA,NA,NA,NA
149.99,-16.94,2021-08-08,NA,NA,NA,NA,NA,NA,NA,NA,NA,NA,NA
149.99,-16.94,2021-08-10,NA,NA,NA,NA,NA,NA,NA,NA,NA,NA,NA
150,-16.94,2021-08-10,NA,NA,NA,NA,NA,NA,NA,NA,NA,NA,NA
145.98,-16.93,2021-05-19,8.67872386699507e+36,1.1202838713514e+73,0.385663174046311,8.394040822074e+70,1.10099457522261e+73,0.00762405284365438,0.00756636646588403,0.0847881469610817,0.0907761449270879,0.181373312814759,0.272149457741847
145.99,-16.93,2021-05-21,8.67872386699507e+36,1.1202838713514e+73,0.385663174046311,8.39726336573524e+70,1.10115512795538e+73,0.0076258677388419,0.00756815399743031,0.0849834459509073,0.0526648852780035,0.182432254960908,0.235097140238911
145.99,-16.93,2022-06-09,NA,NA,NA,NA,NA,NA,NA,NA,NA,NA,NA
150,-16.93,2021-08-08,NA,NA,NA,NA,NA,NA,NA,NA,NA,NA,NA
150,-16.93,2021-08-10,NA,NA,NA,NA,NA,NA,NA,NA,NA,NA,NA
146.27,-16.79,2021-05-22,6.58066078817734e+36,2.2304997195577e+73,0.717681219429509,6.98435408231554e+71,2.1318662624547e+73,0.0327616896299749,0.0317224098830708,0.209487731177364,0.0812165049590539,0.269660399530064,0.350876904489118
146.27,-16.78,2021-05-23,6.58066078817734e+36,2.2304997195577e+73,0.717681219429509,6.99375734942716e+71,2.13205283068567e+73,0.0328029270605736,0.0317610709663003,0.209720049534184,0.0812165049590539,0.269660399530064,0.350876904489118
146.27,-16.73,2021-05-23,6.68706450738916e+36,2.1953926821879e+73,0.7006814071023,6.54888510217963e+71,2.10299635100644e+73,0.0311407345003024,0.0302002757318994,0.186341300721658,0.084178005307877,0.230672545712772,0.314850551020649
146.27,-16.73,2021-05-24,6.68706450738916e+36,2.1953926821879e+73,0.7006814071023,6.55835473881447e+71,2.10314388976286e+73,0.0311835760298548,0.0302405670093334,0.186309102961154,0.084178005307877,0.230672545712772,0.314850551020649
150.27,-16.53,2021-08-11,NA,NA,NA,NA,NA,NA,NA,NA,NA,NA,NA
150.27,-16.53,2021-08-12,NA,NA,NA,NA,NA,NA,NA,NA,NA,NA,NA
150.28,-16.53,2021-08-11,NA,NA,NA,NA,NA,NA,NA,NA,NA,NA,NA
150.28,-16.52,2021-08-12,NA,NA,NA,NA,NA,NA,NA,NA,NA,NA,NA
149.96,-16.3,2021-08-13,NA,NA,NA,NA,NA,NA,NA,NA,NA,NA,NA
149.96,-16.29,2021-08-13,NA,NA,NA,NA,NA,NA,NA,NA,NA,NA,NA
145.45,-14.66,2021-11-15,NA,NA,NA,NA,NA,NA,NA,NA,NA,NA,NA
145.53,-14.52,2021-11-15,NA,NA,NA,NA,NA,NA,NA,NA,NA,NA,NA
145.52,-14.51,2021-11-15,NA,NA,NA,NA,NA,NA,NA,NA,NA,NA,NA
127.27,-13.82,2021-10-18,NA,NA,NA,NA,NA,NA,NA,NA,NA,NA,NA
136.73,-12.89,2021-11-05,NA,NA,NA,NA,NA,NA,NA,NA,NA,NA,NA
136.71,-12.88,2021-11-05,NA,NA,NA,NA,NA,NA,NA,NA,NA,NA,NA
136.73,-12.88,2021-11-05,NA,NA,NA,NA,NA,NA,NA,NA,NA,NA,NA
124.27,-12.8,2021-10-16,NA,NA,NA,NA,NA,NA,NA,NA,NA,NA,NA
124.04,-12.56,2021-10-16,NA,NA,NA,NA,NA,NA,NA,NA,NA,NA,NA
123.57,-12.54,2021-10-15,NA,NA,NA,NA,NA,NA,NA,NA,NA,NA,NA
123.57,-12.53,2021-10-15,NA,NA,NA,NA,NA,NA,NA,NA,NA,NA,NA
123.58,-12.53,2021-10-15,NA,NA,NA,NA,NA,NA,NA,NA,NA,NA,NA
123.56,-12.52,2021-10-15,NA,NA,NA,NA,NA,NA,NA,NA,NA,NA,NA
130.79,-12.49,2021-09-29,NA,NA,NA,NA,NA,NA,NA,NA,NA,NA,NA
130.79,-12.48,2021-09-29,NA,NA,NA,NA,NA,NA,NA,NA,NA,NA,NA
130.81,-12.42,2021-09-30,NA,NA,NA,NA,NA,NA,NA,NA,NA,NA,NA
130.79,-12.41,2021-09-30,NA,NA,NA,NA,NA,NA,NA,NA,NA,NA,NA
130.81,-12.41,2021-09-30,NA,NA,NA,NA,NA,NA,NA,NA,NA,NA,NA
122.98,-12.24,2021-10-12,NA,NA,NA,NA,NA,NA,NA,NA,NA,NA,NA
122.99,-12.24,2021-10-11,NA,NA,NA,NA,NA,NA,NA,NA,NA,NA,NA
123,-12.24,2021-10-12,NA,NA,NA,NA,NA,NA,NA,NA,NA,NA,NA
123,-12.22,2021-10-11,NA,NA,NA,NA,NA,NA,NA,NA,NA,NA,NA
123.01,-12.22,2021-10-11,NA,NA,NA,NA,NA,NA,NA,NA,NA,NA,NA
123.04,-12.21,2021-10-13,NA,NA,NA,NA,NA,NA,NA,NA,NA,NA,NA
123.05,-12.21,2021-10-13,NA,NA,NA,NA,NA,NA,NA,NA,NA,NA,NA
123.03,-12.2,2021-10-13,NA,NA,NA,NA,NA,NA,NA,NA,NA,NA,NA
123.04,-12.2,2021-10-13,NA,NA,NA,NA,NA,NA,NA,NA,NA,NA,NA
123.08,-12.19,2021-10-14,NA,NA,NA,NA,NA,NA,NA,NA,NA,NA,NA
123.07,-12.18,2021-10-14,NA,NA,NA,NA,NA,NA,NA,NA,NA,NA,NA
123.06,-12.17,2021-10-14,NA,NA,NA,NA,NA,NA,NA,NA,NA,NA,NA
136.61,-12.06,2021-11-04,NA,NA,NA,NA,NA,NA,NA,NA,NA,NA,NA
123.34,-11.98,2021-10-10,NA,NA,NA,NA,NA,NA,NA,NA,NA,NA,NA
123.36,-11.98,2021-10-10,NA,NA,NA,NA,NA,NA,NA,NA,NA,NA,NA
123.38,-11.97,2021-10-10,NA,NA,NA,NA,NA,NA,NA,NA,NA,NA,NA
123.39,-11.97,2021-10-10,NA,NA,NA,NA,NA,NA,NA,NA,NA,NA,NA
135.6,-11.94,2021-09-04,NA,NA,NA,NA,NA,NA,NA,NA,NA,NA,NA
143.65,-11.77,2021-11-12,NA,NA,NA,NA,NA,NA,NA,NA,NA,NA,NA
143.65,-11.76,2021-11-12,NA,NA,NA,NA,NA,NA,NA,NA,NA,NA,NA
123.99,-11.73,2021-10-09,NA,NA,NA,NA,NA,NA,NA,NA,NA,NA,NA
125.02,-11.72,2021-10-08,NA,NA,NA,NA,NA,NA,NA,NA,NA,NA,NA
125.11,-11.66,2021-10-08,NA,NA,NA,NA,NA,NA,NA,NA,NA,NA,NA
136.83,-11.66,2021-09-03,NA,NA,NA,NA,NA,NA,NA,NA,NA,NA,NA
136.91,-11.65,2021-09-02,NA,NA,NA,NA,NA,NA,NA,NA,NA,NA,NA
136.93,-11.63,2021-09-02,NA,NA,NA,NA,NA,NA,NA,NA,NA,NA,NA
134.14,-11.44,2021-09-05,NA,NA,NA,NA,NA,NA,NA,NA,NA,NA,NA
134.13,-11.43,2021-09-05,NA,NA,NA,NA,NA,NA,NA,NA,NA,NA,NA
133.8,-11.3,2021-09-05,NA,NA,NA,NA,NA,NA,NA,NA,NA,NA,NA
133.8,-11.29,2021-10-31,NA,NA,NA,NA,NA,NA,NA,NA,NA,NA,NA
134.75,-11.23,2021-11-01,NA,NA,NA,NA,NA,NA,NA,NA,NA,NA,NA
129.66,-11.22,2021-10-01,NA,NA,NA,NA,NA,NA,NA,NA,NA,NA,NA
129.91,-11.14,2021-10-02,NA,NA,NA,NA,NA,NA,NA,NA,NA,NA,NA
129.91,-11.13,2021-10-02,NA,NA,NA,NA,NA,NA,NA,NA,NA,NA,NA
132.22,-10.96,2021-10-29,NA,NA,NA,NA,NA,NA,NA,NA,NA,NA,NA
132.23,-10.96,2021-10-29,NA,NA,NA,NA,NA,NA,NA,NA,NA,NA,NA
130.1,-10.91,2021-10-02,NA,NA,NA,NA,NA,NA,NA,NA,NA,NA,NA
133.02,-10.91,2021-09-06,NA,NA,NA,NA,NA,NA,NA,NA,NA,NA,NA
133.03,-10.9,2021-09-06,NA,NA,NA,NA,NA,NA,NA,NA,NA,NA,NA
129.22,-10.84,2021-10-05,NA,NA,NA,NA,NA,NA,NA,NA,NA,NA,NA
141.05,-10.74,2021-11-09,NA,NA,NA,NA,NA,NA,NA,NA,NA,NA,NA
141.06,-10.74,2021-11-09,NA,NA,NA,NA,NA,NA,NA,NA,NA,NA,NA
126.33,-10.7,2021-10-07,NA,NA,NA,NA,NA,NA,NA,NA,NA,NA,NA
126.34,-10.7,2021-10-07,NA,NA,NA,NA,NA,NA,NA,NA,NA,NA,NA
141.91,-10.61,2021-11-10,NA,NA,NA,NA,NA,NA,NA,NA,NA,NA,NA
141.91,-10.6,2021-11-10,NA,NA,NA,NA,NA,NA,NA,NA,NA,NA,NA
143.09,-10.52,2021-11-11,NA,NA,NA,NA,NA,NA,NA,NA,NA,NA,NA
141.23,-10.5,2021-11-09,NA,NA,NA,NA,NA,NA,NA,NA,NA,NA,NA
144.43,-10.45,2021-08-18,NA,NA,NA,NA,NA,NA,NA,NA,NA,NA,NA
144.45,-10.45,2021-08-18,NA,NA,NA,NA,NA,NA,NA,NA,NA,NA,NA
144.43,-10.44,2021-08-18,NA,NA,NA,NA,NA,NA,NA,NA,NA,NA,NA
144.45,-10.44,2021-08-17,NA,NA,NA,NA,NA,NA,NA,NA,NA,NA,NA
144.45,-10.44,2021-08-18,NA,NA,NA,NA,NA,NA,NA,NA,NA,NA,NA
144.45,-10.43,2021-08-17,NA,NA,NA,NA,NA,NA,NA,NA,NA,NA,NA
144.53,-10.38,2021-08-19,NA,NA,NA,NA,NA,NA,NA,NA,NA,NA,NA
144.53,-10.37,2021-08-19,NA,NA,NA,NA,NA,NA,NA,NA,NA,NA,NA
132.71,-10.33,2021-10-30,NA,NA,NA,NA,NA,NA,NA,NA,NA,NA,NA
132.71,-10.32,2021-10-30,NA,NA,NA,NA,NA,NA,NA,NA,NA,NA,NA
143.71,-10.29,2021-08-21,NA,NA,NA,NA,NA,NA,NA,NA,NA,NA,NA
143.72,-10.29,2021-08-21,NA,NA,NA,NA,NA,NA,NA,NA,NA,NA,NA
129.54,-10.13,2021-10-04,NA,NA,NA,NA,NA,NA,NA,NA,NA,NA,NA
144.69,-10.04,2021-08-20,NA,NA,NA,NA,NA,NA,NA,NA,NA,NA,NA
144.68,-9.99,2021-08-20,NA,NA,NA,NA,NA,NA,NA,NA,NA,NA,NA
144.69,-9.97,2021-08-20,NA,NA,NA,NA,NA,NA,NA,NA,NA,NA,NA
129.55,-9.89,2021-10-03,NA,NA,NA,NA,NA,NA,NA,NA,NA,NA,NA
129.29,-9.88,2021-10-04,NA,NA,NA,NA,NA,NA,NA,NA,NA,NA,NA
129.42,-9.88,2021-10-03,NA,NA,NA,NA,NA,NA,NA,NA,NA,NA,NA
