"site_code_depth","latitude","longitude","survey_date"
"BI-S1_10.1",-41.87,148.31,2021-04-21
"BI-S1_10.2",-41.87,148.31,2021-04-21
"BI-S1_10.3",-41.87,148.31,2021-04-21
"BI-S1_10.4",-41.87,148.31,2021-04-21
"BI-S1_5.1",-41.87,148.31,2021-04-21
"BI-S1_5.2",-41.87,148.31,2021-04-21
"BI-S1_5.3",-41.87,148.31,2021-04-21
"BI-S1_5.4",-41.87,148.31,2021-04-21
"BI-S2_10.1",-41.87,148.31,2021-04-21
"BI-S2_10.2",-41.87,148.31,2021-04-21
"BI-S2_10.3",-41.87,148.31,2021-04-21
"BI-S2_10.4",-41.87,148.31,2021-04-21
"BI-S2_5.1",-41.87,148.31,2021-04-21
"BI-S2_5.2",-41.87,148.31,2021-04-21
"BI-S2_5.3",-41.87,148.31,2021-04-21
"BI-S2_5.4",-41.87,148.31,2021-04-21
"BI-S3_10.1",-41.87,148.3,2021-04-21
"BI-S3_10.2",-41.87,148.3,2021-04-21
"BI-S3_10.3",-41.87,148.3,2021-04-21
"BI-S3_10.4",-41.87,148.3,2021-04-21
"BI-S4_10.1",-41.88,148.31,2021-04-22
"BI-S4_10.2",-41.88,148.31,2021-04-22
"BI-S4_10.3",-41.88,148.31,2021-04-22
"BI-S4_10.4",-41.88,148.31,2021-04-22
"BI-S4_5.1",-41.88,148.31,2021-04-22
"BI-S4_5.2",-41.88,148.31,2021-04-22
"BI-S4_5.3",-41.88,148.31,2021-04-22
"BI-S4_5.4",-41.88,148.31,2021-04-22
"BI-S5_5.1",-41.9,148.32,2021-04-22
"BI-S5_5.2",-41.9,148.32,2021-04-22
"BI-S5_5.3",-41.9,148.32,2021-04-22
"BI-S5_5.4",-41.9,148.32,2021-04-22
"CBMP1_8",-28.61,153.63,2021-06-16
"CBMP1_8.5",-28.61,153.63,2021-06-16
"CBMP2_9",-28.61,153.63,2021-06-16
"CBMP2_9.5",-28.61,153.63,2021-06-16
"CHMP-S2_10.2",-37.51,149.98,2021-04-22
"CHMP-S2_10.3",-37.51,149.98,2021-04-22
"CHMP-S3_9.2",-37.56,149.92,2021-04-22
"CHMP-S3_9.3",-37.56,149.92,2021-04-22
"CHMP-S4_7.2",-37.55,149.91,2021-04-20
"CHMP-S4_7.3",-37.55,149.91,2021-04-20
"CHMP-S5_8.2",-37.51,149.98,2021-04-20
"CHMP-S5_8.3",-37.51,149.98,2021-04-20
"CHMP-S6_7.2",-37.51,149.97,2021-04-20
"CHMP-S6_7.3",-37.51,149.97,2021-04-20
"CHMP-S9_5.2",-37.56,149.91,2021-04-22
"CHMP-S9_5.3",-37.56,149.91,2021-04-22
"CS102_6",-17.42,151.07,2021-08-09
"CS102_8",-17.42,151.07,2021-08-09
"CS103_5",-17.44,151.07,2021-08-09
"CS103_7",-17.44,151.07,2021-08-09
"CS104_4",-17.43,151.07,2021-08-08
"CS104_5",-17.43,151.07,2021-08-08
"CS130_11",-16.93,150,2021-08-10
"CS130_6",-16.93,150,2021-08-10
"CS131_10",-16.93,150,2021-08-10
"CS131_8",-16.93,150,2021-08-08
"CS134_3",-16.94,150,2021-08-10
"CS134_4",-16.94,150,2021-08-10
"CS139_17",-16.53,150.27,2021-08-12
"CS139_6",-16.53,150.27,2021-08-12
"CS14_6",-16.94,149.99,2021-08-10
"CS14_8",-16.94,149.99,2021-08-08
"CS140_12",-16.53,150.27,2021-08-11
"CS140_6",-16.53,150.27,2021-08-11
"CS141_10",-16.52,150.28,2021-08-12
"CS141_4",-16.52,150.28,2021-08-12
"CS143_6.5",-16.3,149.96,2021-08-13
"CS143_8",-16.3,149.96,2021-08-13
"CS145_10",-16.29,149.96,2021-08-13
"CS145_6",-16.29,149.96,2021-08-13
"CS185_2",-10.45,144.45,2021-08-18
"CS185_2.5",-10.45,144.45,2021-08-18
"CS186_12",-10.43,144.45,2021-08-17
"CS186_5",-10.43,144.45,2021-08-17
"CS187_3",-10.44,144.45,2021-08-17
"CS187_3.1",-10.44,144.45,2021-08-17
"CS188_10",-10.44,144.43,2021-08-18
"CS188_6",-10.44,144.43,2021-08-18
"CS189_3",-10.45,144.43,2021-08-18
"CS189_6",-10.45,144.43,2021-08-18
"CS191_12",-10.37,144.53,2021-08-19
"CS191_7",-10.37,144.53,2021-08-19
"CS192_2.5",-10.38,144.53,2021-08-19
"CS192_3",-10.38,144.53,2021-08-19
"CS193_12",-10.04,144.69,2021-08-20
"CS193_7",-10.04,144.69,2021-08-20
"CS205_8",-9.99,144.68,2021-08-20
"CS207_7",-9.97,144.69,2021-08-20
"CS209_12",-9.97,144.69,2021-08-20
"CS209_7",-9.97,144.69,2021-08-20
"CS225_1.5",-16.53,150.28,2021-08-11
"CS225_2",-16.53,150.28,2021-08-11
"CS242_14.5",-10.44,144.45,2021-08-18
"CS242_15",-10.44,144.45,2021-08-18
"GBR103_10",-19.27,148.35,2021-11-23
"GBR103_7",-19.27,148.35,2021-11-23
"GBR104_6",-19.27,148.34,2021-11-23
"GBR104_7",-19.27,148.34,2021-11-23
"GBR131_4",-20.05,148.88,2021-01-04
"GBR131_5",-20.05,148.88,2021-01-04
"GBR133_4.5",-20.04,148.88,2021-08-05
"GBR133_6",-20.04,148.88,2021-08-05
"GBR135_3",-20.07,148.93,2021-01-04
"GBR135_4",-20.07,148.93,2021-08-05
"GBR135_4.5",-20.07,148.93,2021-01-04
"GBR136_3",-20.09,148.95,2021-01-05
"GBR136_6",-20.09,148.95,2021-01-05
"GBR137_2.5",-20.11,148.94,2021-01-05
"GBR137_4",-20.11,148.94,2021-01-05
"GBR142_2.5",-20.16,149.04,2021-01-03
"GBR142_4",-20.16,149.04,2021-01-03
"GBR179_10",-18.27,147.38,2021-11-22
"GBR179_7",-18.27,147.38,2021-11-22
"GBR181_10",-18.26,147.38,2021-11-22
"GBR181_5",-18.26,147.38,2021-11-22
"GBR192_4",-17.23,146.09,2021-11-20
"GBR192_5",-17.23,146.09,2021-11-20
"GBR193_4",-17.23,146.1,2021-11-20
"GBR193_4.5",-17.23,146.1,2021-11-20
"GBR194_3.5",-17.22,146.09,2021-11-20
"GBR194_4",-17.22,146.09,2021-11-20
"GBR200_4",-16.93,145.99,2022-06-09
"GBR204_5",-16.79,146.27,2021-05-22
"GBR204_6.5",-16.79,146.27,2021-05-22
"GBR205_5",-16.79,146.27,2021-05-22
"GBR205_6",-16.79,146.27,2021-05-22
"GBR206_6.5",-16.78,146.27,2021-05-23
"GBR206_7",-16.78,146.27,2021-05-23
"GBR207_6.5",-16.73,146.27,2021-05-23
"GBR207_7",-16.73,146.27,2021-05-24
"GBR208_7",-16.73,146.27,2021-05-24
"GBR208_9",-16.73,146.27,2021-05-24
"GBR209_6",-16.73,146.27,2021-05-24
"GBR209_8",-16.73,146.27,2021-05-24
"GBR228_3",-14.66,145.45,2021-11-15
"GBR228_5",-14.66,145.45,2021-11-15
"GBR229_3",-14.66,145.45,2021-11-15
"GBR229_5",-14.66,145.45,2021-11-15
"GBR26_3.5",-19.79,149.07,2021-08-07
"GBR26_4",-19.79,149.07,2021-08-07
"GBR281_1.3",-16.93,145.99,2021-05-21
"GBR30_12",-17.52,146.5,2021-11-21
"GBR30_6",-17.52,146.5,2021-11-21
"GBR31_12",-17.52,146.5,2021-11-21
"GBR31_7",-17.52,146.5,2021-11-21
"GBR32_3",-17.52,146.5,2021-11-21
"GBR32_5",-17.52,146.5,2021-11-21
"GBR33_2.5",-16.93,145.98,2021-05-19
"GBR33_5",-16.93,145.98,2021-05-19
"GBR53_6",-11.77,143.65,2021-11-12
"GBR53_7",-11.77,143.65,2021-11-12
"GBR67_5",-14.52,145.53,2021-11-15
"GBR67_7",-14.52,145.53,2021-11-15
"GBR76_1",-19.81,149.07,2021-08-06
"GBR76_4",-19.81,149.07,2021-08-06
"GBR90_4",-11.76,143.65,2021-11-12
"GBR90_5",-11.76,143.65,2021-11-12
"GBR96_13",-14.51,145.52,2021-11-15
"GBR96_6",-14.51,145.52,2021-11-15
"GC14_17",-10.74,141.06,2021-11-09
"GC14_17.5",-10.74,141.06,2021-11-09
"GC17_14",-10.5,141.23,2021-11-09
"GC17_17",-10.5,141.23,2021-11-09
"GC18_17.5",-10.74,141.05,2021-11-09
"GSV1_5.1",-35.42,138.32,2021-03-10
"GSV1_5.2",-35.42,138.32,2021-03-10
"GSV1_5.3",-35.42,138.32,2021-03-10
"GSV1_5.4",-35.42,138.32,2021-03-10
"GSV115_10.1",-34.62,138.31,2021-03-19
"GSV115_10.2",-34.62,138.31,2021-03-19
"GSV115_10.3",-34.62,138.31,2021-03-19
"GSV115_10.4",-34.62,138.31,2021-03-19
"GSV116_10.3",-35.27,138.43,2021-02-15
"GSV116_10.4",-35.27,138.43,2021-02-15
"GSV116_12.1",-35.27,138.43,2021-02-15
"GSV116_12.2",-35.27,138.43,2021-02-15
"GSV116_5.1",-35.27,138.43,2022-02-13
"GSV116_5.2",-35.27,138.43,2022-02-13
"GSV116_5.3",-35.27,138.43,2022-02-13
"GSV116_5.4",-35.27,138.43,2022-02-13
"GSV122_4.1",-35.14,138.46,2021-02-03
"GSV122_4.2",-35.14,138.46,2021-02-03
"GSV122_4.3",-35.14,138.46,2021-02-03
"GSV122_4.4",-35.14,138.46,2021-02-03
"GSV124_3.1",-35.14,138.46,2021-02-03
"GSV124_3.2",-35.14,138.46,2021-02-03
"GSV124_3.3",-35.14,138.46,2021-02-03
"GSV124_3.4",-35.14,138.46,2021-02-03
"GSV125_10.1",-34.96,138.48,2021-03-01
"GSV125_10.2",-34.96,138.48,2021-03-01
"GSV125_10.3",-34.96,138.48,2021-03-01
"GSV125_10.4",-34.96,138.48,2021-03-01
"GSV127_8.1",-34.85,138.45,2021-03-01
"GSV127_8.2",-34.85,138.45,2021-03-01
"GSV127_8.3",-34.85,138.45,2021-03-01
"GSV127_8.4",-34.85,138.45,2021-03-01
"GSV132_12.1",-35.04,138.49,2021-02-15
"GSV132_12.2",-35.04,138.49,2021-02-15
"GSV132_12.3",-35.04,138.49,2021-02-15
"GSV132_12.4",-35.04,138.49,2021-02-15
"GSV134_5.1",-34.44,138.2,2021-03-19
"GSV134_5.2",-34.44,138.2,2021-03-19
"GSV134_5.3",-34.44,138.2,2021-03-19
"GSV134_5.4",-34.44,138.2,2021-03-19
"GSV138_5.1",-35.21,138.46,2021-02-15
"GSV138_5.2",-35.21,138.46,2021-02-15
"GSV138_5.3",-35.21,138.46,2021-02-15
"GSV138_5.4",-35.21,138.46,2021-02-15
"GSV18_5.1",-35.59,138.11,2021-02-24
"GSV18_5.2",-35.59,138.11,2021-02-24
"GSV18_5.3",-35.59,138.11,2021-02-24
"GSV18_5.4",-35.59,138.11,2021-02-24
"GSV19_5.1",-35.72,137.96,2021-02-23
"GSV19_5.2",-35.72,137.96,2021-02-23
"GSV19_5.3",-35.72,137.96,2021-02-23
"GSV19_5.4",-35.72,137.96,2021-02-23
"GSV20_5.1",-35.75,138.06,2021-02-22
"GSV20_5.2",-35.75,138.06,2021-02-22
"GSV20_5.3",-35.75,138.06,2021-02-22
"GSV20_5.4",-35.75,138.06,2021-02-22
"GSV21_5.1",-35.73,138.02,2021-02-23
"GSV21_5.2",-35.73,138.02,2021-02-23
"GSV21_5.3",-35.73,138.02,2021-02-23
"GSV21_5.4",-35.73,138.02,2021-02-23
"GSV24_5.1",-35.38,138.36,2021-03-11
"GSV24_5.2",-35.38,138.36,2021-03-11
"GSV24_5.3",-35.38,138.36,2021-03-11
"GSV24_5.4",-35.38,138.36,2021-03-11
"GSV26_5.1",-35.51,138.21,2021-03-20
"GSV26_5.2",-35.51,138.21,2021-03-20
"GSV26_5.3",-35.51,138.21,2021-03-20
"GSV26_5.4",-35.51,138.21,2021-03-20
"GSV3_5.1",-35.4,138.34,2021-03-21
"GSV3_5.2",-35.4,138.34,2021-03-21
"GSV3_5.3",-35.4,138.34,2021-03-21
"GSV3_5.4",-35.4,138.34,2021-03-21
"GSV34_5.1",-35.55,138.13,2021-01-09
"GSV34_5.2",-35.55,138.13,2021-01-09
"GSV34_5.3",-35.55,138.13,2021-01-09
"GSV34_5.4",-35.55,138.13,2021-01-09
"GSV4_5.1",-35.52,138.16,2021-01-09
"GSV4_5.2",-35.52,138.16,2021-01-09
"GSV4_5.3",-35.52,138.16,2022-01-30
"GSV4_5.4",-35.52,138.16,2022-01-30
"GSV4_6.3",-35.52,138.16,2021-01-09
"GSV4_6.4",-35.52,138.16,2021-01-09
"GSV41_5.1",-35.52,138.18,2022-02-14
"GSV41_5.2",-35.52,138.18,2022-02-14
"GSV41_5.3",-35.52,138.18,2022-02-14
"GSV41_5.4",-35.52,138.18,2022-02-14
"GSV42_5.1",-35.52,138.16,2021-03-10
"GSV42_5.2",-35.52,138.16,2021-03-10
"GSV42_5.3",-35.52,138.16,2021-03-10
"GSV42_5.4",-35.52,138.16,2021-03-10
"GSV43_5.1",-35.52,138.17,2021-03-23
"GSV43_5.2",-35.52,138.17,2021-03-23
"GSV43_5.3",-35.52,138.17,2021-03-23
"GSV43_5.4",-35.52,138.17,2021-03-23
"GSV45_5.1",-35.38,138.36,2021-03-12
"GSV45_5.2",-35.38,138.36,2021-03-12
"GSV45_5.3",-35.38,138.36,2021-03-12
"GSV45_5.4",-35.38,138.36,2021-03-12
"GSV46_5.1",-35.37,138.37,2021-03-21
"GSV46_5.2",-35.37,138.37,2021-03-21
"GSV46_5.3",-35.37,138.37,2021-03-21
"GSV46_5.4",-35.37,138.37,2021-03-21
"GSV47_5.1",-35.37,138.38,2021-03-11
"GSV47_5.2",-35.37,138.38,2021-03-11
"GSV47_5.3",-35.37,138.38,2021-03-11
"GSV47_5.4",-35.37,138.38,2021-03-11
"GSV5_5.1",-35.53,138.15,2021-03-10
"GSV5_5.2",-35.53,138.15,2021-03-10
"GSV5_5.3",-35.53,138.15,2021-03-10
"GSV5_5.4",-35.53,138.15,2021-03-10
"GSV55_5.1",-35.74,138.04,2021-03-22
"GSV55_5.2",-35.74,138.04,2021-03-22
"GSV55_5.3",-35.74,138.04,2021-03-22
"GSV55_5.4",-35.74,138.04,2021-03-22
"GSV56_5.1",-35.76,138.07,2021-02-22
"GSV56_5.2",-35.76,138.07,2021-02-22
"GSV56_5.3",-35.76,138.07,2021-02-22
"GSV56_5.4",-35.76,138.07,2021-02-22
"GSV57_5.1",-35.72,137.99,2021-03-22
"GSV57_5.2",-35.72,137.99,2021-03-22
"GSV57_5.3",-35.72,137.99,2021-03-22
"GSV57_5.4",-35.72,137.99,2021-03-22
"GSV58_5.1",-35.72,137.94,2021-02-23
"GSV58_5.2",-35.72,137.94,2021-02-23
"GSV58_5.3",-35.72,137.94,2021-02-23
"GSV58_5.4",-35.72,137.94,2021-02-23
"GSV59_5.1",-35.72,137.98,2021-02-22
"GSV59_5.2",-35.72,137.98,2021-02-22
"GSV59_5.3",-35.72,137.98,2021-02-22
"GSV59_5.4",-35.72,137.98,2021-02-22
"GSV7_5.1",-35.39,138.35,2021-03-11
"GSV7_5.2",-35.39,138.35,2021-03-11
"GSV7_5.3",-35.39,138.35,2021-03-11
"GSV7_5.4",-35.39,138.35,2021-03-11
"GSV9_5.1",-35.4,138.33,2021-03-12
"GSV9_5.2",-35.4,138.33,2021-03-12
"GSV9_5.3",-35.4,138.33,2021-03-12
"GSV9_5.4",-35.4,138.33,2021-03-12
"GSV93_5.1",-35.27,138.43,2022-02-13
"GSV93_5.2",-35.27,138.43,2022-02-13
"GSV93_5.3",-35.27,138.43,2022-02-13
"GSV93_5.4",-35.27,138.43,2022-02-13
"GSV95_5.1",-35.51,138.22,2021-03-20
"GSV95_5.2",-35.51,138.22,2021-03-20
"GSV95_5.3",-35.51,138.22,2022-02-12
"GSV95_5.4",-35.51,138.22,2022-02-12
"JBMP-S1_10",-35.12,150.71,2021-04-11
"JBMP-S1_10.2",-35.12,150.71,2021-04-11
"JBMP-S1_5.1",-35.12,150.71,2021-04-11
"JBMP-S1_5.2",-35.12,150.71,2021-04-11
"JBMP-S1_5.3",-35.12,150.71,2022-02-12
"JBMP-S1_5.4",-35.12,150.71,2022-02-12
"JBMP-S11_4.5",-35.09,150.69,2021-04-10
"JBMP-S11_5.5",-35.09,150.69,2021-04-10
"JBMP-S12_10.1",-35.07,150.77,2021-04-10
"JBMP-S12_10.2",-35.07,150.77,2021-04-10
"JBMP-S12_5.1",-35.07,150.77,2021-04-10
"JBMP-S12_5.2",-35.07,150.77,2021-04-10
"JBMP-S12_5.3",-35.07,150.77,2021-04-10
"JBMP-S12_5.4",-35.07,150.77,2022-02-13
"JBMP-S14_5.1",-35.02,150.76,2022-02-13
"JBMP-S14_5.2",-35.02,150.76,2022-02-13
"JBMP-S14_5.3",-35.02,150.76,2022-02-13
"JBMP-S14_5.4",-35.02,150.76,2022-02-13
"JBMP-S15_10.1",-35.11,150.77,2021-04-12
"JBMP-S15_10.2",-35.11,150.77,2021-04-12
"JBMP-S15_5",-35.11,150.77,2021-04-12
"JBMP-S15_5.1",-35.11,150.77,2022-02-11
"JBMP-S15_5.2",-35.11,150.77,2021-04-12
"JBMP-S15_5.3",-35.11,150.77,2022-02-11
"JBMP-S15_5.4",-35.11,150.77,2022-02-11
"JBMP-S16_3.1",-35.12,150.76,2022-02-11
"JBMP-S16_3.2",-35.12,150.76,2022-02-11
"JBMP-S16_3.3",-35.12,150.76,2022-02-11
"JBMP-S16_3.4",-35.12,150.76,2022-02-11
"JBMP-S17_4.1",-35.12,150.75,2022-02-11
"JBMP-S17_4.2",-35.12,150.75,2022-02-11
"JBMP-S17_4.3",-35.12,150.75,2022-02-11
"JBMP-S18_10",-35.13,150.73,2021-04-11
"JBMP-S18_10.2",-35.13,150.73,2021-04-11
"JBMP-S18_4.1",-35.13,150.73,2022-02-12
"JBMP-S18_4.2",-35.13,150.73,2022-02-12
"JBMP-S18_4.3",-35.13,150.73,2022-02-12
"JBMP-S18_5.1",-35.13,150.73,2021-04-11
"JBMP-S18_5.2",-35.13,150.73,2021-04-11
"JBMP-S18_6",-35.13,150.73,2022-02-12
"JBMP-S2_10.1",-35.08,150.8,2021-04-10
"JBMP-S2_10.2",-35.08,150.8,2021-04-10
"JBMP-S2_10.3",-35.08,150.8,2022-02-14
"JBMP-S2_5.1",-35.08,150.8,2021-04-10
"JBMP-S2_5.2",-35.08,150.8,2021-04-10
"JBMP-S2_5.3",-35.08,150.8,2021-04-10
"JBMP-S22_10",-35.05,150.84,2021-04-09
"JBMP-S22_10.1",-35.05,150.84,2021-04-09
"JBMP-S22_5.1",-35.05,150.84,2021-04-09
"JBMP-S22_5.2",-35.05,150.84,2021-04-09
"JBMP-S26_10.2",-35.09,150.8,2022-02-14
"JBMP-S26_10.3",-35.09,150.8,2022-02-14
"JBMP-S3_10.2",-35.08,150.79,2022-02-14
"JBMP-S3_10.3",-35.08,150.79,2022-02-14
"JBMP-S4_10.2",-35.08,150.79,2022-02-14
"JBMP-S4_5.2",-35.08,150.79,2022-02-14
"JBMP-S5_5.2",-35.07,150.77,2022-02-13
"JBMP-S5_5.3",-35.07,150.77,2022-02-13
"JBMP-S5_5.4",-35.07,150.77,2022-02-13
"JBMP-S6_5.2",-35.06,150.77,2022-02-13
"JBMP-S6_5.3",-35.06,150.77,2022-02-13
"JBMP-S6_5.4",-35.06,150.77,2022-02-13
"JBMP-S8_5.1",-35.07,150.7,2022-02-12
"JBMP-S8_5.2",-35.07,150.7,2022-02-12
"JBMP-S8_5.3",-35.07,150.7,2022-02-12
"JBMP-S8_5.4",-35.07,150.7,2022-02-12
"JBMP-S8_7.5",-35.07,150.7,2022-02-12
"JBMP10_4.5",-35.09,150.69,2021-04-09
"JBMP10_5.5",-35.09,150.69,2021-04-09
"JBMP26_10",-35.05,150.84,2021-04-09
"JBMP26_11",-35.05,150.84,2021-04-09
"JBMP26_8.5",-35.05,150.84,2021-04-09
"JBMP26_9",-35.05,150.84,2021-04-09
"JBMP34_3.3",-35.13,150.74,2022-02-12
"JBMP43_10",-35.11,150.77,2021-04-12
"JBMP43_12",-35.11,150.77,2021-04-12
"JBMP43_8",-35.11,150.77,2022-02-11
"JBMP43_9",-35.11,150.77,2022-02-11
"JBMP46_4.5",-35.1,150.7,2021-04-10
"JBMP46_5",-35.1,150.7,2021-04-10
"LHI1_11",-31.52,159.04,2022-03-18
"LHI1_14",-31.52,159.04,2022-03-18
"LHI10_5",-31.5,159.07,2022-03-22
"LHI10_5.1",-31.5,159.07,2022-03-22
"LHI10_8",-31.5,159.07,2022-03-22
"LHI10_8.1",-31.5,159.07,2022-03-22
"LHI11_11",-31.58,159.07,2022-03-25
"LHI11_14",-31.58,159.07,2022-03-25
"LHI11_5",-31.58,159.07,2022-03-25
"LHI11_8",-31.58,159.07,2022-03-25
"LHI13_8",-31.57,159.07,2022-03-17
"LHI13_9",-31.57,159.07,2022-03-17
"LHI14_5.1",-31.56,159.07,2022-03-17
"LHI14_7",-31.56,159.07,2022-03-17
"LHI14_7.1",-31.56,159.07,2022-03-17
"LHI14_9",-31.56,159.07,2022-03-17
"LHI15_5",-31.56,159.07,2022-03-17
"LHI15_6",-31.56,159.07,2022-03-17
"LHI16_10",-31.54,159.05,2022-03-17
"LHI16_13",-31.54,159.05,2022-03-17
"LHI17_4",-31.52,159.04,2022-03-24
"LHI17_7",-31.52,159.04,2022-03-24
"LHI18_10",-31.5,159.07,2022-03-16
"LHI18_12",-31.5,159.07,2022-03-16
"LHI18_13",-31.5,159.07,2022-03-16
"LHI18_5",-31.5,159.07,2022-03-16
"LHI18_7",-31.5,159.07,2022-03-16
"LHI18_8",-31.5,159.07,2022-03-16
"LHI19_11",-31.5,159.07,2022-03-22
"LHI19_14",-31.5,159.07,2022-03-22
"LHI19_5",-31.5,159.07,2022-03-22
"LHI19_8",-31.5,159.07,2022-03-22
"LHI2_4",-31.52,159.04,2022-03-24
"LHI2_5",-31.52,159.04,2022-03-24
"LHI2_5.1",-31.52,159.04,2022-03-24
"LHI21_10",-31.6,159.08,2022-03-24
"LHI21_12",-31.6,159.08,2022-03-24
"LHI22_7",-31.57,159.1,2022-03-24
"LHI22_9",-31.57,159.1,2022-03-24
"LHI23_7.5",-31.56,159.1,2022-03-21
"LHI23_8.5",-31.56,159.1,2022-03-21
"LHI24_10",-31.52,159.03,2022-03-24
"LHI24_15",-31.52,159.03,2022-03-24
"LHI24_20",-31.52,159.03,2022-03-24
"LHI24_6",-31.52,159.03,2022-03-24
"LHI26_1.4",-31.52,159.05,2022-03-14
"LHI26_1.5",-31.52,159.05,2022-03-14
"LHI26_2",-31.52,159.05,2022-03-14
"LHI26_2.1",-31.52,159.05,2022-03-14
"LHI28_10",-31.51,159.04,2022-03-15
"LHI28_11",-31.51,159.04,2022-03-15
"LHI28_5",-31.51,159.04,2022-03-15
"LHI28_6",-31.51,159.04,2022-03-15
"LHI28_6.1",-31.51,159.04,2022-03-15
"LHI28_9",-31.51,159.04,2022-03-15
"LHI3_2",-31.55,159.06,2022-03-18
"LHI3_4",-31.55,159.06,2022-03-18
"LHI3_5",-31.55,159.06,2022-03-18
"LHI3_8",-31.55,159.06,2022-03-18
"LHI30_11",-31.51,159.06,2022-03-15
"LHI30_14",-31.51,159.06,2022-03-15
"LHI31_12",-31.76,159.24,2022-03-23
"LHI31_14.1",-31.76,159.24,2022-03-23
"LHI31_18",-31.76,159.24,2022-03-23
"LHI32_10",-31.75,159.24,2022-03-23
"LHI32_22",-31.75,159.24,2022-03-23
"LHI33_1",-31.53,159.06,2022-03-13
"LHI33_1.5",-31.53,159.06,2022-03-13
"LHI34_11",-31.51,159.07,2022-03-19
"LHI34_12",-31.51,159.07,2022-03-19
"LHI35_10",-31.52,159.08,2022-03-19
"LHI35_11",-31.52,159.08,2022-03-19
"LHI37_10",-31.51,159.06,2022-03-15
"LHI37_11",-31.51,159.06,2022-03-15
"LHI38_1.5",-31.52,159.05,2022-03-16
"LHI38_2",-31.52,159.05,2022-03-16
"LHI39_10",-31.53,159.05,2022-03-18
"LHI39_7",-31.53,159.05,2022-03-18
"LHI40_2",-31.54,159.06,2022-03-14
"LHI40_2.5",-31.54,159.06,2022-03-14
"LHI41_1.5",-31.53,159.05,2022-05-05
"LHI41_2",-31.53,159.05,2022-05-05
"LHI41_2.5",-31.53,159.05,2022-05-05
"LHI41_3",-31.53,159.05,2022-05-05
"LHI46_7",-31.54,159.11,2022-03-24
"LHI46_8",-31.54,159.11,2022-03-24
"LHI47_2",-31.52,159.07,2022-03-13
"LHI47_2.5",-31.52,159.07,2022-03-13
"LHI47_3",-31.52,159.07,2022-03-13
"LHI48_10",-31.51,159.05,2022-03-15
"LHI48_10.1",-31.51,159.05,2022-03-15
"LHI48_14",-31.51,159.05,2022-03-15
"LHI48_17",-31.51,159.05,2022-03-15
"LHI49_2",-31.55,159.06,2022-03-19
"LHI49_2.1",-31.55,159.06,2022-03-19
"LHI49_4",-31.55,159.06,2022-03-19
"LHI49_5",-31.55,159.06,2022-03-19
"LHI5_2",-31.54,159.07,2022-03-14
"LHI5_2.1",-31.54,159.07,2022-03-14
"LHI5_4",-31.54,159.07,2022-03-14
"LHI5_4.1",-31.54,159.07,2022-03-14
"LHI7_2",-31.55,159.07,2022-03-17
"LHI7_5",-31.55,159.07,2022-03-17
"LHI7_5.1",-31.55,159.07,2022-03-17
"LHI7_6",-31.55,159.07,2022-03-17
"LHI7_8",-31.55,159.07,2022-03-17
"LHI7_9",-31.55,159.07,2022-03-17
"LHI9_11",-31.5,159.06,2022-03-21
"LHI9_14",-31.5,159.06,2022-03-21
"LHI9_14.1",-31.5,159.06,2022-03-21
"MBMP1_10",-27.39,153.55,2021-06-19
"MBMP1_11",-27.39,153.55,2021-06-19
"MBMP1_15",-27.39,153.55,2021-06-20
"MBMP11_10",-27.39,153.55,2021-06-19
"MBMP11_11",-27.39,153.55,2021-06-19
"MBMP2_5",-27.41,153.53,2021-06-18
"MBMP2_5.5",-27.41,153.53,2021-06-18
"MBMP2_9",-27.41,153.53,2021-06-18
"MBMP5_7.5",-27.4,153.44,2021-06-17
"MBMP6_5",-27.41,153.53,2021-06-18
"MBMP6_6",-27.41,153.53,2021-06-18
"MBMP6_8",-27.41,153.53,2021-06-20
"MBMP6_9",-27.41,153.53,2021-06-18
"MBMP7_5",-27.4,153.44,2021-06-17
"MBMP7_6",-27.4,153.44,2021-06-17
"MIR-S1_5.1",-42.58,148.06,2021-03-10
"MIR-S1_5.2",-42.58,148.06,2021-03-10
"MIR-S1_5.3",-42.58,148.06,2021-03-10
"MIR-S1_5.4",-42.58,148.06,2021-03-10
"MIR-S10_5.1",-42.72,148.01,2021-03-11
"MIR-S10_5.2",-42.72,148.01,2021-03-11
"MIR-S10_5.3",-42.72,148.01,2021-03-11
"MIR-S10_5.4",-42.72,148.01,2021-03-11
"MIR-S11_5.1",-42.56,148.07,2021-03-10
"MIR-S11_5.2",-42.56,148.07,2021-03-10
"MIR-S11_5.3",-42.56,148.07,2021-03-10
"MIR-S11_5.4",-42.56,148.07,2021-03-10
"MIR-S12_5.1",-42.52,147.97,2021-03-16
"MIR-S12_5.2",-42.52,147.97,2021-03-16
"MIR-S12_5.3",-42.52,147.97,2021-03-16
"MIR-S12_5.4",-42.52,147.97,2021-03-16
"MIR-S13_5.1",-42.55,147.95,2021-03-12
"MIR-S13_5.2",-42.55,147.95,2021-03-12
"MIR-S13_5.3",-42.55,147.95,2021-03-12
"MIR-S13_5.4",-42.55,147.95,2021-03-12
"MIR-S14_5.1",-42.58,147.92,2021-03-12
"MIR-S14_5.2",-42.58,147.92,2021-03-12
"MIR-S14_5.3",-42.58,147.92,2021-03-12
"MIR-S14_5.4",-42.58,147.92,2021-03-12
"MIR-S2_5.1",-42.6,148.05,2021-03-11
"MIR-S2_5.2",-42.6,148.05,2021-03-11
"MIR-S2_5.3",-42.6,148.05,2021-03-11
"MIR-S2_5.4",-42.6,148.05,2021-03-11
"MIR-S3_5.1",-42.59,148.05,2021-03-11
"MIR-S3_5.2",-42.59,148.05,2021-03-11
"MIR-S3_5.3",-42.59,148.05,2021-03-11
"MIR-S3_5.4",-42.59,148.05,2021-03-11
"MIR-S5_5.1",-42.63,148.02,2021-03-16
"MIR-S5_5.2",-42.63,148.02,2021-03-16
"MIR-S5_5.3",-42.63,148.02,2021-03-16
"MIR-S5_5.4",-42.63,148.02,2021-03-16
"MIR-S7_5.1",-42.58,148.05,2021-03-16
"MIR-S7_5.2",-42.58,148.05,2021-03-16
"MIR-S7_5.3",-42.58,148.05,2021-03-16
"MIR-S7_5.4",-42.58,148.05,2021-03-16
"MIR-S8_5.1",-42.59,148.05,2021-03-10
"MIR-S8_5.2",-42.59,148.05,2021-03-10
"MIR-S8_5.3",-42.59,148.05,2021-03-10
"MIR-S8_5.4",-42.59,148.05,2021-03-10
"MIR-S9_5.1",-42.66,148.01,2021-03-11
"MIR-S9_5.2",-42.66,148.01,2021-03-11
"MIR-S9_5.3",-42.66,148.01,2021-03-11
"MIR-S9_5.4",-42.66,148.01,2021-03-11
"NI1_10",-29.07,167.96,2021-02-24
"NI1_11",-29.07,167.96,2021-02-24
"NI10_1.5",-29.06,167.96,2021-02-24
"NI10_1.6",-29.06,167.96,2022-05-03
"NI10_2",-29.06,167.96,2021-02-24
"NI12_1",-29.06,167.96,2021-02-25
"NI12_1.5",-29.06,167.96,2021-02-25
"NI13_1.5",-29.06,167.96,2021-02-25
"NI13_2.5",-29.06,167.96,2021-02-25
"NI14_11",-29.06,167.95,2021-02-24
"NI14_11.2",-29.06,167.95,2021-02-24
"NI15_10",-29.01,167.92,2021-02-25
"NI15_11",-29.01,167.92,2021-02-25
"NI15_5",-29.01,167.92,2021-02-25
"NI15_6",-29.01,167.92,2021-02-25
"NI16_8",-29.13,167.95,2021-02-28
"NI17_8",-29.05,167.99,2021-03-02
"NI17_9",-29.05,167.99,2021-03-02
"NI2_6",-29.06,167.95,2021-02-24
"NI2_6.5",-29.06,167.95,2021-02-24
"NI3_6",-29,167.92,2021-02-27
"NI3_8.5",-29,167.92,2021-02-27
"NI4_10",-29,167.92,2021-02-27
"NI4_6",-29,167.92,2021-02-27
"NI5_10",-29,167.94,2021-02-27
"NI5_14",-29,167.94,2021-02-27
"NI6_10",-29.01,167.92,2021-02-27
"NI6_6",-29.01,167.92,2021-02-27
"NI6_8",-29.01,167.92,2021-02-27
"NI7_10",-29.12,167.94,2021-02-28
"NI7_14",-29.12,167.94,2021-02-28
"NI9_1",-29.06,167.96,2021-02-26
"NI9_2",-29.06,167.96,2021-02-26
"NI9_2.1",-29.06,167.96,2022-05-05
"NIN-S1_5.1",-43.28,147.17,2021-03-27
"NIN-S1_5.2",-43.28,147.17,2021-03-27
"NIN-S1_5.3",-43.28,147.17,2021-03-27
"NIN-S1_5.4",-43.28,147.17,2021-03-27
"NIN-S2_5.1",-43.29,147.14,2021-03-22
"NIN-S2_5.2",-43.29,147.14,2021-03-22
"NIN-S2_5.3",-43.29,147.14,2021-03-22
"NIN-S2_5.4",-43.29,147.14,2021-03-22
"NIN-S3_5.1",-43.27,147.14,2021-03-27
"NIN-S3_5.2",-43.27,147.14,2021-03-27
"NIN-S3_5.3",-43.27,147.14,2021-03-27
"NIN-S3_5.4",-43.27,147.14,2021-03-27
"NIN-S4_5.1",-43.29,147.18,2021-03-22
"NIN-S4_5.2",-43.29,147.18,2021-03-22
"NIN-S4_5.3",-43.29,147.18,2021-03-22
"NIN-S4_5.4",-43.29,147.18,2021-03-22
"NMP-BF1_1.8",-21.84,114.18,2021-08-08
"NMP-BF1_2.2",-21.84,114.18,2021-08-08
"NMP-BF1_2.5",-21.84,114.18,2021-08-08
"NMP-BF2_1.5",-21.85,114.17,2021-08-08
"NMP-BF2_1.8",-21.85,114.17,2021-08-08
"NMP-BF2_2",-21.85,114.17,2021-08-08
"NMP-BF3_4.8",-21.87,114.16,2021-08-09
"NMP-BF3_5.5",-21.87,114.16,2021-08-09
"NMP-BF3_5.8",-21.87,114.16,2021-08-09
"NMP-BF4_2.5",-21.84,114.18,2021-08-09
"NMP-BF4_2.6",-21.84,114.18,2021-08-09
"NMP-BF4_3.5",-21.84,114.18,2021-08-09
"NMP-C1_1.6",-23.18,113.76,2021-08-10
"NMP-C1_1.9",-23.18,113.76,2021-08-10
"NMP-C1_2.2",-23.18,113.76,2021-08-10
"NMP-C3_4",-23.14,113.75,2021-08-07
"NMP-C3_4.5",-23.14,113.75,2021-08-07
"NMP-C3_4.6",-23.14,113.75,2021-08-07
"NMP-C4_3.2",-23.2,113.76,2021-08-12
"NMP-C4_3.5",-23.2,113.76,2021-08-12
"NMP-C4_3.6",-23.2,113.76,2021-08-12
"NMP-P2_1.5",-23.32,113.78,2021-08-05
"NMP-P2_1.8",-23.32,113.78,2021-08-05
"NMP-P2_2.5",-23.32,113.78,2021-08-05
"NMP-S1_2.8",-22.87,113.76,2021-08-08
"NMP-S1_3.5",-22.87,113.76,2021-08-08
"NMP-S1_3.6",-22.87,113.76,2021-08-08
"NMP-S2_2.1",-22.93,113.78,2021-08-08
"NMP-S2_3",-22.93,113.78,2021-08-08
"NMP-S2_3.2",-22.93,113.78,2021-08-08
"NMP-S3_5",-23.13,113.75,2021-08-10
"NMP-S3_5.5",-23.13,113.75,2021-08-10
"NMP-S3_5.6",-23.13,113.75,2021-08-10
"NMP-S4_1.6",-23.33,113.78,2021-08-05
"NMP-S4_2",-23.33,113.78,2021-08-05
"NMP-S4_2.5",-23.33,113.78,2021-08-05
"NMP1_1.4",-23.11,113.75,2021-08-05
"NMP1_1.5",-23.11,113.75,2021-08-05
"NMP10_2",-23.21,113.76,2021-08-11
"NMP10_2.1",-23.21,113.76,2021-08-11
"NMP10_2.6",-23.21,113.76,2021-08-11
"NMP11_5.3",-23.21,113.76,2021-08-12
"NMP11_6",-23.21,113.76,2021-08-12
"NMP13_2",-23.18,113.76,2021-08-12
"NMP13_2.8",-23.18,113.76,2021-08-12
"NMP19_1.5",-23.09,113.74,2021-08-12
"NMP19_2.1",-23.09,113.74,2021-08-12
"NMP19_2.6",-23.09,113.74,2021-08-12
"NMP2_2.7",-23.12,113.76,2021-08-05
"NMP2_2.8",-23.12,113.76,2021-08-05
"NMP20_8",-23.04,113.82,2021-08-06
"NMP20_9",-23.04,113.82,2021-08-06
"NMP21_1.6",-23.14,113.77,2021-08-10
"NMP22_1.5",-22.1,113.88,2021-08-07
"NMP22_1.8",-22.1,113.88,2021-08-07
"NMP26_13.5",-23.22,113.75,2021-08-09
"NMP26_14",-23.22,113.75,2021-08-09
"NMP27_12",-23.13,113.74,2021-08-09
"NMP27_14",-23.13,113.74,2021-08-09
"NMP29_5.5",-23.17,113.76,2021-08-07
"NMP29_6.5",-23.17,113.76,2021-08-07
"NMP6_2.6",-23.16,113.76,2021-08-06
"NMP6_2.7",-23.16,113.76,2021-08-06
"NMP8_2",-23.18,113.76,2021-08-06
"NMP8_2.1",-23.18,113.76,2021-08-06
"NMP8_2.6",-23.18,113.76,2021-08-06
"NMP9_2.7",-23.13,113.76,2021-08-10
"NMP9_2.8",-23.13,113.76,2021-08-10
"NSW24_6",-32.43,152.53,2022-06-24
"NSW26_6",-32.43,152.53,2022-06-24
"NSW29_8",-32.46,152.55,2022-06-25
"NSW31_9",-32.45,152.54,2022-06-25
"NSW32_7",-32.43,152.54,2022-06-26
"NSW56_3.5",-30.65,153,2021-08-07
"NSW57_9",-28.17,153.55,2022-01-31
"NSW58_9",-32.47,152.55,2022-06-26
"NT12_10",-12.41,130.79,2021-09-30
"NT12_9",-12.41,130.79,2021-09-30
"NT13_3",-12.41,130.81,2021-09-30
"NT13_4",-12.41,130.81,2021-09-30
"NT20_9",-10.32,132.71,2021-10-30
"NT20_9.5",-10.32,132.71,2021-10-30
"NT21_13",-10.33,132.71,2021-10-30
"NT21_14",-10.33,132.71,2021-10-30
"NT22_11",-10.32,132.71,2021-10-30
"NT22_11.5",-10.32,132.71,2021-10-30
"NT23_18.5",-10.33,132.71,2021-10-30
"NT25_6",-10.91,133.02,2021-09-06
"NT25_7",-10.91,133.02,2021-09-06
"NT26_4",-10.9,133.03,2021-09-06
"NT26_5",-10.9,133.03,2021-09-06
"NT30_8.5",-11.29,133.8,2021-10-31
"NT30_9",-11.29,133.8,2021-10-31
"NT31_13",-11.3,133.8,2021-09-05
"NT33_13",-11.43,134.13,2021-09-05
"NT34_16",-11.44,134.14,2021-09-05
"NT35_2.5",-11.94,135.6,2021-09-04
"NT35_3",-11.94,135.6,2021-09-04
"NT38_4",-11.66,136.83,2021-09-03
"NT38_5",-11.66,136.83,2021-09-03
"NT4_6",-12.49,130.79,2021-09-29
"NT4_8",-12.49,130.79,2021-09-29
"NT40_17",-11.65,136.91,2021-09-02
"NT41_13",-11.63,136.93,2021-09-02
"NT49_6.5",-12.06,136.61,2021-11-04
"NT49_8.5",-12.06,136.61,2021-11-04
"NT5_6",-12.48,130.79,2021-09-29
"NT5_7",-12.48,130.79,2021-09-29
"NT50_4.5",-12.06,136.61,2021-11-04
"NT50_5",-12.06,136.61,2021-11-04
"NT52_4.5",-12.89,136.73,2021-11-05
"NT52_5",-12.89,136.73,2021-11-05
"NT53_4",-12.88,136.73,2021-11-05
"NT53_4.5",-12.88,136.73,2021-11-05
"NT54_4.5",-12.88,136.71,2021-11-05
"NT54_5",-12.88,136.71,2021-11-05
"NT61_12",-10.96,132.22,2021-10-29
"NT61_12.5",-10.96,132.22,2021-10-29
"NT62_12",-10.96,132.23,2021-10-29
"NT62_12.5",-10.96,132.23,2021-10-29
"NT63_9.5",-11.23,134.75,2021-11-01
"NT8_4.5",-12.42,130.81,2021-09-30
"NT8_6",-12.42,130.81,2021-09-30
"NT9_6",-12.41,130.81,2021-09-30
"NT9_6.2",-12.41,130.81,2021-09-30
"NWS1_19",-12.8,124.27,2021-10-16
"NWS1_20",-12.8,124.27,2021-10-16
"NWS12_3.5",-11.98,123.34,2021-10-10
"NWS12_5.5",-11.98,123.34,2021-10-10
"NWS14_3",-12.22,123,2021-10-11
"NWS14_4",-12.22,123,2021-10-11
"NWS15_2.5",-12.22,123.01,2021-10-11
"NWS15_3",-12.22,123.01,2021-10-11
"NWS16_3",-12.24,122.98,2021-10-12
"NWS16_4",-12.24,122.98,2021-10-12
"NWS17_3.5",-12.24,122.99,2021-10-11
"NWS17_5",-12.24,122.99,2021-10-11
"NWS178_3",-12.2,123.04,2021-10-13
"NWS178_4",-12.2,123.04,2021-10-13
"NWS179_2",-12.21,123.04,2021-10-13
"NWS179_2.5",-12.21,123.04,2021-10-13
"NWS18_3",-12.24,122.98,2021-10-12
"NWS18_4",-12.24,122.98,2021-10-12
"NWS180_3",-12.21,123.05,2021-10-13
"NWS180_4",-12.21,123.05,2021-10-13
"NWS181_3",-12.19,123.08,2021-10-14
"NWS181_5",-12.19,123.08,2021-10-14
"NWS182_5",-12.17,123.06,2021-10-14
"NWS182_5.5",-12.17,123.06,2021-10-14
"NWS183_4",-12.18,123.07,2021-10-14
"NWS183_5",-12.18,123.07,2021-10-14
"NWS184_4",-12.18,123.07,2021-10-14
"NWS184_5",-12.18,123.07,2021-10-14
"NWS186_4",-12.53,123.58,2021-10-15
"NWS186_5",-12.53,123.58,2021-10-15
"NWS187_4",-12.53,123.58,2021-10-15
"NWS187_5",-12.53,123.58,2021-10-15
"NWS189_5",-12.53,123.57,2021-10-15
"NWS189_8",-12.53,123.57,2021-10-15
"NWS191_5",-12.52,123.56,2021-10-15
"NWS191_7",-12.52,123.56,2021-10-15
"NWS192_11",-12.53,123.58,2021-10-15
"NWS192_7",-12.53,123.58,2021-10-15
"NWS193_10",-12.52,123.56,2021-10-15
"NWS193_5",-12.52,123.56,2021-10-15
"NWS2_21",-12.56,124.04,2021-10-16
"NWS2_21.5",-12.56,124.04,2021-10-16
"NWS20_2",-12.24,123,2021-10-12
"NWS20_3",-12.24,123,2021-10-12
"NWS201_3",-13.82,127.27,2021-10-18
"NWS201_3.5",-13.82,127.27,2021-10-18
"NWS202_11",-12.2,123.03,2021-10-13
"NWS202_7",-12.2,123.03,2021-10-13
"NWS203_6",-12.54,123.57,2021-10-15
"NWS203_7",-12.54,123.57,2021-10-15
"NWS21_3.5",-12.24,123,2021-10-12
"NWS21_4.5",-12.24,123,2021-10-12
"NWS25_4",-12.24,122.99,2021-10-11
"NWS25_6",-12.24,122.99,2021-10-11
"NWS3_6",-11.97,123.39,2021-10-10
"NWS3_9",-11.97,123.39,2021-10-10
"NWS4_5",-11.97,123.38,2021-10-10
"NWS4_9",-11.97,123.38,2021-10-10
"NWS6_3",-11.97,123.38,2021-10-10
"NWS6_5",-11.97,123.38,2021-10-10
"NWS8_5",-11.98,123.36,2021-10-10
"NWS8_7.5",-11.98,123.36,2021-10-10
"OS1_13",-9.88,129.29,2021-10-04
"OS1_14",-9.88,129.29,2021-10-04
"OS10_20",-10.84,129.22,2021-10-05
"OS11_19",-10.7,126.33,2021-10-07
"OS11_19.2",-10.7,126.33,2021-10-07
"OS12_21",-10.7,126.34,2021-10-07
"OS12_21.1",-10.7,126.34,2021-10-07
"OS13_17",-11.66,125.11,2021-10-08
"OS13_17.5",-11.66,125.11,2021-10-08
"OS14_18",-11.72,125.02,2021-10-08
"OS14_19",-11.72,125.02,2021-10-08
"OS15_11",-11.73,123.99,2021-10-09
"OS15_12",-11.73,123.99,2021-10-09
"OS16_14",-11.22,129.66,2021-10-01
"OS16_14.2",-11.22,129.66,2021-10-01
"OS2_14",-9.88,129.29,2021-10-04
"OS2_14.5",-9.88,129.29,2021-10-04
"OS3_15.5",-9.89,129.55,2021-10-03
"OS3_16",-9.89,129.55,2021-10-03
"OS4_18",-9.88,129.42,2021-10-03
"OS4_19",-9.88,129.42,2021-10-03
"OS5_10",-11.14,129.91,2021-10-02
"OS5_11",-11.14,129.91,2021-10-02
"OS6_11.2",-11.13,129.91,2021-10-02
"OS6_12.5",-11.13,129.91,2021-10-02
"OS8_12",-10.91,130.1,2021-10-02
"OS8_13",-10.91,130.1,2021-10-02
"OS9_16",-10.13,129.54,2021-10-04
"OS9_17",-10.13,129.54,2021-10-04
"PPB16_2.6",-38.11,144.66,2022-02-11
"PPB16_2.8",-38.11,144.66,2022-02-11
"PPB23_2.9",-38.14,144.71,2022-02-10
"PPB23_3",-38.14,144.71,2022-02-10
"PPB37_2.5",-38.14,144.71,2022-02-10
"PPB37_3.5",-38.14,144.71,2022-02-10
"PPB48_3.5",-38.23,145.03,2022-02-26
"PPB53_3",-38.36,144.77,2022-02-14
"PPB55_5",-38.35,144.77,2022-02-14
"PPB8_1.7",-38.17,144.72,2022-02-17
"PPB8_2.6",-38.17,144.72,2022-02-17
"PPH-S1_3",-38.32,144.72,2022-02-11
"PPH-S11_7",-38.29,144.63,2022-02-11
"PPH-S13_7",-38.3,144.61,2022-02-13
"PPH-S13_7.1",-38.3,144.61,2022-02-13
"PPH-S15_7",-38.29,144.6,2022-02-13
"PPH-S15_7.1",-38.29,144.6,2022-02-13
"PPH-S4_2",-38.31,144.8,2022-02-14
"PPH-S4_6",-38.31,144.8,2022-02-14
"PPH-S5_5",-38.28,144.66,2022-02-12
"PPH40_7",-38.27,144.65,2022-02-12
"PS10_2",-32.75,152.17,2022-05-08
"PS10_4",-32.75,152.17,2022-05-08
"PS10_5",-32.75,152.17,2021-05-14
"PS10_6",-32.75,152.17,2022-05-08
"PS13_11",-32.72,152.14,2021-05-16
"PS13_7",-32.72,152.14,2021-05-16
"PS13_7.2",-32.72,152.14,2022-05-06
"PS13_7.7",-32.72,152.14,2021-05-16
"PS16_10",-32.72,152.15,2021-05-14
"PS16_8",-32.72,152.15,2021-05-14
"PS16_9",-32.72,152.15,2021-07-10
"PS17_10",-32.71,152.15,2022-05-07
"PS17_11",-32.71,152.15,2021-05-14
"PS17_12",-32.71,152.15,2022-05-08
"PS17_4",-32.71,152.15,2021-05-15
"PS17_4.8",-32.71,152.15,2021-05-14
"PS17_6",-32.71,152.15,2021-05-15
"PS17_6.6",-32.71,152.15,2022-02-06
"PS17_7",-32.71,152.15,2021-05-14
"PS17_7.1",-32.71,152.15,2021-07-24
"PS17_8",-32.71,152.15,2021-02-13
"PS2_10",-32.62,152.33,2022-05-06
"PS2_10.5",-32.62,152.33,2022-05-06
"PS2_8",-32.62,152.33,2022-05-06
"PS20_11",-32.71,152.16,2021-05-15
"PS20_14",-32.71,152.16,2021-02-27
"PS20_14.4",-32.71,152.16,2021-05-17
"PS20_6",-32.71,152.16,2021-05-15
"PS20_6.2",-32.71,152.16,2022-05-08
"PS20_7",-32.71,152.16,2021-02-27
"PS27_3.5",-32.79,152.11,2021-05-17
"PS27_3.6",-32.79,152.11,2022-05-07
"PS27_4",-32.79,152.11,2021-05-14
"PS27_5",-32.79,152.11,2021-05-14
"PS27_5.1",-32.79,152.11,2022-05-07
"PS29_3.5",-32.79,152.11,2022-05-07
"PS29_3.7",-32.79,152.11,2021-05-14
"PS29_4",-32.79,152.11,2021-05-11
"PS29_5",-32.79,152.11,2021-05-14
"PS6_10",-32.62,152.33,2022-05-06
"PS6_11.5",-32.62,152.33,2022-05-06
"PS6_8",-32.62,152.33,2022-05-06
"PS7_11",-32.71,152.16,2021-05-13
"PS7_5",-32.71,152.16,2021-03-28
"PS7_6",-32.71,152.16,2021-07-31
"PS7_6.8",-32.71,152.16,2022-02-05
"PS7_7",-32.71,152.16,2021-05-16
"PS7_8",-32.71,152.16,2021-02-28
"PS9_6",-32.75,152.17,2021-05-12
"QLD4_4.5",-24.88,152.49,2021-07-21
"QLD4_5",-24.88,152.49,2021-07-21
"QLD5_5",-24.84,152.48,2021-07-20
"QLD6_6",-28.16,153.53,2022-02-21
"RC10_7",-40.91,145.58,2021-01-25
"RI1_5",-32.02,115.5,2021-05-08
"RI1_5.1",-32.02,115.5,2021-05-08
"RI1_5.2",-32.02,115.5,2021-05-08
"RI10_4.5",-31.99,115.56,2021-05-07
"RI10_5",-31.99,115.56,2021-05-07
"RI10_5.5",-31.99,115.56,2021-05-07
"RI10_6.9",-31.99,115.56,2022-05-28
"RI16_7",-32.03,115.58,2021-05-09
"RI16_8.5",-32.03,115.58,2022-06-25
"RI16_9",-32.03,115.58,2021-05-09
"RI19_3",-31.99,115.52,2021-05-10
"RI19_3.1",-31.99,115.52,2021-05-10
"RI2_5",-32.02,115.56,2021-05-07
"RI2_6",-32.02,115.56,2021-05-07
"RI2_7",-32.02,115.56,2022-06-25
"RI20_10",-32,115.47,2021-05-10
"RI20_11",-32,115.47,2021-05-10
"RI20_16",-32,115.47,2021-05-10
"RI21_2.5",-31.99,115.54,2021-05-07
"RI21_3.1",-31.99,115.54,2021-05-07
"RI21_4",-31.99,115.54,2021-05-07
"RI23_10",-31.97,115.54,2021-05-09
"RI23_11",-31.97,115.54,2021-05-09
"RI23_12",-31.97,115.54,2022-06-25
"RI23_8",-31.97,115.54,2021-05-09
"RI25_6.3",-31.99,115.53,2021-05-08
"RI25_6.5",-31.99,115.53,2021-05-08
"RI4_4.3",-31.99,115.52,2021-05-10
"RI4_4.5",-31.99,115.52,2021-05-10
"RI4_5",-31.99,115.52,2021-05-10
"RI5_7",-32.02,115.55,2021-05-09
"RI5_8",-32.02,115.55,2021-05-09
"RI5_8.5",-32.02,115.55,2021-05-09
"RI6_1.5",-32.03,115.53,2021-05-09
"RI6_2",-32.03,115.53,2021-05-09
"RI6_2.5",-32.03,115.53,2021-05-09
"RI8_5.1",-32.02,115.45,2021-05-08
"RI8_5.5",-32.02,115.45,2021-05-08
"RI8_7",-32.02,115.45,2021-05-08
"RI9_4.5",-31.99,115.5,2021-05-07
"RI9_5",-31.99,115.5,2021-05-07
"RI9_5.1",-31.99,115.5,2021-05-07
"RI9_7",-31.99,115.5,2022-05-28
"SI19_10",-30.16,153.23,2021-06-12
"SI19_14",-30.16,153.23,2021-06-12
"SI24_10",-30.02,153.27,2022-05-04
"SI24_9",-30.02,153.27,2021-06-07
"SI24_9.1",-30.02,153.27,2021-06-07
"SI25_10",-30.15,153.23,2021-06-12
"SI25_9",-30.15,153.23,2021-06-12
"SI29_3",-29.98,153.23,2021-06-27
"SI31_4",-30.11,153.2,2021-08-13
"SI32_5.5",-30.06,153.2,2021-09-01
"SI6_7",-30.02,153.27,2021-06-07
"SI6_8",-30.02,153.27,2021-06-07
"SSG56_1.4",-33.93,137.6,2022-02-08
"SSG56_1.5",-33.93,137.6,2022-02-08
"SSG56_3",-33.93,137.6,2022-02-08
"SSG56_3.1",-33.93,137.6,2022-02-08
"SSG57_3",-33.93,137.61,2022-02-07
"SSG58_2.5",-33.93,137.6,2022-02-08
"SYD13_4",-34.07,151.11,2022-05-19
"SYD14_7",-34.07,151.13,2022-05-19
"SYD19_5",-33.99,151.23,2022-01-03
"SYD19_8",-33.99,151.23,2022-01-03
"SYD20_4",-33.99,151.23,2021-02-06
"SYD20_6",-33.99,151.23,2021-12-10
"SYD20_6.5",-33.99,151.23,2021-12-10
"SYD20_8",-33.99,151.23,2021-02-06
"SYD23_5",-33.92,151.26,2022-04-28
"SYD23_8",-33.92,151.26,2022-04-28
"SYD29_10",-33.84,151.29,2021-04-03
"SYD29_8",-33.84,151.29,2021-04-03
"SYD31_4",-33.84,151.28,2021-12-11
"SYD31_5",-33.84,151.28,2021-12-11
"SYD34_4",-33.84,151.28,2021-03-07
"SYD34_5",-33.84,151.28,2021-12-11
"SYD34_6",-33.84,151.28,2021-03-07
"SYD35_3",-33.84,151.28,2021-03-07
"SYD35_4",-33.84,151.28,2021-12-11
"SYD35_6",-33.84,151.28,2021-03-07
"SYD36_5",-33.83,151.28,2022-05-10
"SYD36_7",-33.83,151.28,2022-05-10
"SYD37_6",-33.83,151.26,2021-04-05
"SYD38_10",-33.83,151.27,2021-04-05
"SYD38_5",-33.83,151.27,2022-04-30
"SYD38_7",-33.83,151.27,2021-04-05
"SYD39_10",-33.82,151.3,2021-03-13
"SYD39_11",-33.82,151.3,2022-05-07
"SYD39_5",-33.82,151.3,2021-03-13
"SYD39_6",-33.82,151.3,2021-03-13
"SYD39_7",-33.82,151.3,2022-05-07
"SYD41_5",-33.82,151.29,2021-03-13
"SYD41_6",-33.82,151.29,2021-03-13
"SYD41_7",-33.82,151.29,2022-05-07
"SYD41_9",-33.82,151.29,2021-03-13
"SYD42_4",-33.82,151.29,2021-03-13
"SYD42_5",-33.82,151.29,2021-03-13
"SYD42_7",-33.82,151.29,2022-05-10
"SYD45_10",-33.81,151.27,2021-04-05
"SYD45_5",-33.81,151.27,2021-04-05
"SYD45_8",-33.81,151.27,2021-04-05
"SYD47_10",-33.81,151.31,2021-04-03
"SYD47_6",-33.81,151.31,2021-04-03
"SYD48_6.5",-33.8,151.28,2022-01-08
"SYD49_3",-33.8,151.27,2022-01-08
"SYD49_7",-33.8,151.27,2022-01-08
"SYD50_4.5",-33.8,151.3,2021-12-12
"SYD50_6",-33.8,151.3,2021-12-12
"SYD50_6.5",-33.8,151.3,2021-12-12
"SYD52_4",-33.8,151.3,2021-12-12
"SYD52_5.5",-33.8,151.3,2021-12-12
"SYD52_6",-33.8,151.3,2021-12-12
"TAS120_10",-43.13,147.96,2021-01-08
"TAS131_8",-43.53,146.99,2022-08-28
"TAS136_7",-43.4,147.1,2022-08-30
"TAS145_7",-43.53,147,2022-05-24
"TAS184_6",-43.05,147.35,2022-08-02
"TAS186_8",-43.04,147.34,2022-08-09
"TAS196_4.5",-43,147.33,2021-01-09
"TAS217_4",-42.95,147.36,2021-01-09
"TAS28_10",-43.14,147.87,2021-01-09
"TAS28_5",-43.14,147.87,2021-01-09
"TAS29_8",-43.14,147.97,2022-05-04
"TAS29_8.1",-43.14,147.97,2022-05-04
"TAS32_11",-43.12,147.97,2022-03-31
"TAS355_8",-40.85,145.5,2021-01-24
"TAS406_10",-43.14,147.97,2021-01-08
"TAS406_5",-43.14,147.97,2021-01-08
"TAS419_5",-43.13,147.96,2021-01-08
"TAS420_9",-41.85,148.28,2022-03-29
"TAS421_9",-43.14,148,2022-03-31
"TAS422_4",-43.45,146.98,2022-04-07
"TAS424_9",-43.05,147.34,2022-08-09
"TAS425_8",-43.39,147.1,2022-08-30
"TAS426_7",-43.4,147.1,2022-08-30
"TAS427_9",-43.02,147.34,2022-08-02
"TAS428_7",-43.53,146.99,2022-09-07
"TAS429_11",-43.48,147.01,2022-09-07
"TAS430_8",-43.42,147.09,2022-09-15
"TAS431_8",-43.41,147.1,2022-09-15
"TAS432_6",-43.39,147.1,2022-09-15
"TAS433_8",-43.53,146.99,2022-09-07
"TAS46_6",-43.07,147.37,2021-01-10
"TAS66_8",-41.87,148.3,2022-03-29
"TAS69_5",-40.09,147.76,2021-04-13
"TAS69_5.1",-40.09,147.76,2021-04-13
"TAS70_5",-40.08,147.77,2021-04-13
"TAS70_6",-40.08,147.77,2021-04-13
"TAS75_1.5",-40.02,147.78,2021-04-13
"TAS75_1.6",-40.02,147.78,2021-04-13
"TAS76_5",-40.01,147.87,2021-04-13
"TAS76_5.5",-40.01,147.87,2021-04-13
"TI-S1_5.1",-43.06,147.33,2021-02-24
"TI-S1_5.2",-43.06,147.33,2021-02-24
"TI-S1_5.3",-43.06,147.33,2021-02-24
"TI-S1_5.4",-43.06,147.33,2021-02-24
"TI-S2_5.1",-43.05,147.34,2021-02-24
"TI-S2_5.2",-43.05,147.34,2021-02-24
"TI-S2_5.3",-43.05,147.34,2021-02-24
"TI-S2_5.4",-43.05,147.34,2021-02-24
"TI-S2_6",-43.05,147.34,2022-08-09
"TI-S3_5",-43.04,147.34,2021-01-10
"TI-S3_5.1",-43.04,147.34,2021-03-01
"TI-S3_5.2",-43.04,147.34,2021-03-01
"TI-S3_5.3",-43.04,147.34,2021-03-01
"TI-S3_5.4",-43.04,147.34,2021-03-01
"TI-S3_6",-43.04,147.34,2022-08-02
"TI-S4_5.1",-43.06,147.36,2021-03-01
"TI-S4_5.2",-43.06,147.36,2021-03-01
"TI-S4_5.3",-43.06,147.36,2021-03-01
"TI-S4_5.4",-43.06,147.36,2021-03-01
"TI-S5_5.1",-43.01,147.33,2021-03-01
"TI-S5_5.2",-43.01,147.33,2021-03-01
"TI-S5_5.3",-43.01,147.33,2021-03-01
"TI-S5_5.4",-43.01,147.33,2021-03-01
"TS2_5",-10.61,141.91,2021-11-10
"TS2_6",-10.61,141.91,2021-11-10
"TS3_4.5",-10.6,141.91,2021-11-10
"TS3_5",-10.6,141.91,2021-11-10
"TS4_4.5",-10.52,143.09,2021-11-11
"TS4_5.5",-10.52,143.09,2021-11-11
"TS5_6.5",-10.52,143.09,2021-11-11
"TS5_7",-10.52,143.09,2021-11-11
"TS7_1",-10.29,143.72,2021-08-21
"TS7_5",-10.29,143.72,2021-08-21
"TS8_4",-10.29,143.71,2021-08-21
"TS8_6.5",-10.29,143.71,2021-08-21
"WA112_2.5",-28.97,113.95,2021-04-20
"WA112_4",-28.97,113.95,2021-04-20
"WA163_4.5",-28.7,113.78,2021-04-19
"WA163_5",-28.7,113.78,2021-04-19
"WA167_3.1",-28.72,113.79,2021-04-19
"WA167_6",-28.72,113.79,2021-04-19
"WA177_3.5",-28.88,113.92,2021-04-20
"WA177_3.8",-28.88,113.92,2021-04-20
"WA18_17.9",-33.59,115.23,2022-04-02
"WA18_18.7",-33.59,115.23,2022-04-02
"WA182_16.5",-33.6,115.21,2022-04-03
"WA182_17.4",-33.6,115.21,2022-04-03
"WA183_17",-33.6,115.22,2022-04-03
"WA183_18",-33.6,115.22,2022-04-03
"WA184_3",-20.51,116.65,2021-06-07
"WA184_4.6",-20.51,116.65,2021-06-07
"WA28_3",-32.27,115.69,2021-02-27
"WA41_3.5",-31.85,115.75,2021-02-20
"WA41_3.7",-31.85,115.75,2021-02-20
"WA41_4",-31.85,115.75,2021-02-20
"WA41_5",-31.85,115.75,2021-02-20
"WA42_3.1",-31.84,115.75,2021-03-13
"WA42_5.8",-31.84,115.75,2021-02-28
"WA43_2.8",-31.83,115.73,2021-02-14
"WA43_3",-31.83,115.73,2021-02-14
"WA46_6.1",-28.89,114.01,2021-04-18
"WA46_8",-28.89,114.01,2021-04-18
"WA47_10",-28.85,114.01,2021-04-18
"WA47_8",-28.85,114.01,2021-04-18
"WA48_4",-28.85,114.01,2021-04-18
"WA48_5",-28.85,114.01,2021-04-18
"WA49_4",-28.72,113.78,2021-04-16
"WA49_4.5",-28.72,113.78,2021-04-16
"WA50_7",-28.7,113.83,2021-04-19
"WA50_8",-28.7,113.83,2021-04-19
"WA51_3",-28.68,113.76,2021-04-16
"WA51_3.5",-28.68,113.76,2021-04-16
"WA52_5.5",-28.67,113.84,2021-04-16
"WA52_6",-28.67,113.84,2021-04-16
"WA53_3",-28.48,113.77,2021-04-17
"WA53_7.5",-28.48,113.77,2021-04-17
"WA54_11.5",-28.47,113.78,2021-04-17
"WA54_6.5",-28.47,113.78,2021-04-17
"WA55_5",-28.46,113.77,2021-04-17
"WA55_5.5",-28.46,113.77,2021-04-17
"WA59_2",-26.16,113.22,2021-05-29
"WA59_2.5",-26.16,113.22,2021-05-29
"WA60_7",-26.14,113.17,2021-05-28
"WA60_7.5",-26.14,113.17,2021-05-28
"WA61_1.8",-26.12,113.24,2021-05-29
"WA61_2",-26.12,113.24,2021-05-29
"WA62_1.2",-26.12,113.18,2021-05-28
"WA62_1.5",-26.12,113.18,2021-05-28
"WA65_2.4",-20.62,116.51,2021-06-06
"WA65_2.5",-20.62,116.51,2021-06-06
"WA66_2.5",-20.62,116.52,2021-06-06
"WA66_3",-20.62,116.52,2021-06-06
"WA67_3.5",-20.61,116.46,2021-06-04
"WA67_6",-20.61,116.46,2021-06-04
"WA68_4",-20.61,116.46,2021-06-04
"WA68_6",-20.61,116.46,2021-06-04
"WA69_3",-20.61,116.6,2021-06-03
"WA69_3.5",-20.61,116.6,2021-06-03
"WA70_1.8",-20.58,116.53,2021-06-06
"WA70_2.2",-20.58,116.53,2021-06-06
"WA71_1.5",-20.58,116.54,2021-06-03
"WA71_2",-20.58,116.54,2021-06-03
"WA72_3",-20.58,116.57,2021-06-05
"WA72_4",-20.58,116.57,2021-06-05
"WA73_3",-20.57,116.58,2021-06-06
"WA73_3.2",-20.57,116.58,2021-06-06
"WA74_2.5",-20.57,116.54,2021-06-03
"WA74_3",-20.57,116.54,2021-06-03
"WA75_3.8",-20.57,116.61,2021-06-03
"WA75_6.3",-20.57,116.61,2021-06-03
"WA76_3",-20.55,116.63,2021-06-05
"WA76_3.2",-20.55,116.63,2021-06-05
"WA77_2.5",-20.55,116.64,2021-06-04
"WA77_4.2",-20.55,116.64,2021-06-04
"WA78_4.5",-20.54,116.53,2021-06-05
"WA78_5",-20.54,116.53,2021-06-05
"WA79_3",-20.54,116.53,2021-06-05
"WA79_5",-20.54,116.53,2021-06-05
"WA80_4.2",-20.53,116.66,2021-06-04
"WA80_5",-20.53,116.66,2021-06-04
"WA97_18.2",-33.59,115.21,2022-04-01
"WA97_18.7",-33.59,115.21,2022-04-01
"WA98_17.1",-33.59,115.24,2022-04-02
"WA98_18",-33.59,115.24,2022-04-02
"WA99_18",-33.59,115.2,2022-04-01
"WA99_18.5",-33.59,115.2,2022-04-01
