"area","new_survey_id","latitude","longitude","survey_date","shannon","number_total","sp_richness","even_total","bodysize_cwm_total","bodysize_cwv_total","size_class_cwm","size_class_cwv","total_biomass","sst_raw_mean","sst_raw_var","sst_raw_cv","sst_predicted_var","sst_unpredicted_var","sst_unbounded_seasonality","sst_bounded_seasonality","sst_env_col","sst_colwell_c","sst_colwell_m","sst_colwell_p","bodysize_cwm_sqrt","bodysize_cwv_sqrt","sp_richness_sqrt","even_sqrt","biomass_sqrt","sizeclass_cwm_sqrt","sizeclass_cwv_sqrt","bodysize_cwm_log","bodysize_cwv_log","sp_richness_log","even_log","biomass_log","sizeclass_cwm_log","sizeclass_cwv_log"
"New South Wales","S1",-33.8,151.28,2020-01-04,0.657289002557545,0.015892493714833,0.235294117647059,0.579545454545455,0.358771607208533,0.468813217880027,0.40045766590389,0.406422449219209,0.231988613655457,0.416252473806052,0.194706014524137,0.309912428985556,0.181026021584092,0.503036674379772,0.108901787717213,0.532202526615097,0.522546740054288,0.198458991721163,0.379785561770489,0.375900562779642,0.478711035752382,0.669925760167169,0.406828222535272,0.761278828383828,0.46354031922235,0.535388044746478,0.617298077046416,0.605630047184354,0.876195675920121,0.618005477757852,0.880277080412557,0.781517384178123,0.674383902334229,0.843928394255139
"Tasmania","S2",-42.9,147.67,2020-01-18,0,1,0.0808823529411765,0,0,0,0,0,0.0427110266469825,0.00359161617273883,0.518964567432296,0.659185202556613,0.507140179591167,0.601067689308437,0.295759285571152,0.796315385945087,0.470960726868547,0.155211083011561,0.699738701252825,0.688137024772618,0,0,0.190495621393932,0,0.180370788549293,0,0,0,0,0.371765525378296,0,0.531320240112985,0,0
"Tasmania","S3",-43.07,147.96,2020-01-19,0.375959079283887,0.00546709764954707,0.0661764705882353,0.420454545454545,0.305627068775285,0.198183557214562,0.357742181540809,0.114418222378772,0.0391925564627293,0.0352133917459579,0.222273385710084,0.358693018159943,0.219445637839177,0.34588573095464,0.197560543814941,0.696224988885106,0.2621504990566,0.334142809286269,0.471173729393006,0.514781984076112,0.422929454501588,0.419691887210964,0.163295892896563,0.648424664440323,0.171496657920551,0.493327714800121,0.302897192358894,0.551892162041805,0.736076192824954,0.331516064238133,0.810398940813167,0.518816484887457,0.637404259082592,0.626530201000454
"Victoria","S4",-38.14,144.71,2020-02-03,0.253196930946292,0.00328225388084121,0.0147058823529412,0.318181818181818,0.0343876425156307,0.219555961842851,0.0789473684210526,0.0355759070095104,0,0.141096564117582,0.918387560702572,0.954463507714682,0.931870412055386,0.340376504367833,0.867406822461384,0.98384469105223,0.274959365268544,0.170755015110682,1,1,0.0625854200996777,0.444086627199877,0.0457162782760792,0.564076074817766,0,0.14694214507643,0.148357100981163,0.104621580506105,0.752690281883032,0.11404371698514,0.750182361104786,0,0.245981097283033,0.433260599095798
"South Australia","S5",-34.44,138.2,2020-02-21,0.560102301790281,0.000758210622929885,0.0441176470588235,1,0.491908789996322,0.698255503923212,0.323417238749047,0.513032758013385,0.0112864285539506,0.254898066594159,1,1,1,0.605560126946109,0.609085474944807,0.935503053983108,0.667386253429688,0.118334545089561,0.923335647170151,0.904107732971899,0.606603984076293,0.827863640998818,0.118211838644689,1,0.0791691354019606,0.458073400700959,0.700357141843294,0.718490615774241,0.941263337485376,0.257721808393157,1,0.343352928345374,0.6050746690222,0.884233863611567
"South Australia","S6",-34.16,137.45,2020-02-22,0.276214833759591,0.0158525878925735,0.0882352941176471,0.25,0.223427730783376,0.232421726213148,0.159801678108314,0.167429846189973,0.0530982112998866,0.249169045477379,0.687618275431437,0.781480842247879,0.703764984076426,0.220511228665311,0.849834729704476,0.981372301513103,0.494788236192247,0.177719612451838,0.845067147718166,0.84411142468526,0.329635120487429,0.458207192917848,0.203414111267636,0.5,0.20467508783588,0.265610666380921,0.377105609411172,0.454648685986864,0.761936029413984,0.389918043787573,0.698540482600122,0.563114929727565,0.401934426545355,0.691347364673633
"New South Wales","S7",-31.76,159.24,2020-02-28,0.59846547314578,0.0449938145975498,0.323529411764706,0.443181818181818,0.222140492828246,0.293330963324107,0.249809305873379,0.285722672302454,0.326851708359502,0.506280307695835,0.212514063930981,0.327793063903785,0.20987332405787,0.338804324402196,0.192091464622132,0.688800959907787,0.417827076719007,0.211359428596875,0.364451182022327,0.364570983087678,0.328094431274793,0.520329120829786,0.501233040116392,0.665719023448946,0.5566526384271,0.377245107128935,0.50881054295703,0.452956631861702,0.799774428679898,0.698920782666499,0.821826307648545,0.83269128913846,0.525775667251028,0.783106633718349
"New South Wales","S8",-34.07,151.16,2020-02-29,0.473145780051151,0.00974699708687497,0.125,0.465909090909091,0.245494667157043,0.0686371600518016,0.425247902364607,0.263062111071974,0.102469964030244,0.411439586597313,0.196644621594911,0.312467217785007,0.171541967205837,0.723087747140193,0.0586578730146015,0.367120945124353,0.457028962362592,0.271178498522988,0.267544420446386,0.285685870077848,0.355635017331326,0.229427406567404,0.262666169885419,0.682575337167328,0.29681886777479,0.558971198517491,0.486045451560297,0.482759633404042,0.565641472055893,0.466403864804411,0.832696015094316,0.660006791020672,0.694413589307326,0.768875684163378
"Western Australia","S9",-32.27,115.68,2020-03-02,0.161125319693095,0.0179077377389361,0.0735294117647059,0.147727272727273,0.374954027215888,0.0456142132839017,0.303585049580473,0.0121521662557238,0.0737012960531145,0.408754781170787,0.20240034835348,0.319558421890065,0.19498603675107,0.372267437091811,0.163481136537316,0.64530055675923,0.448044874778185,0.213801606308156,0.325617075164959,0.325731142573067,0.495099745348594,0.17965479468157,0.177138844731667,0.384353057392904,0.246788711207465,0.437044857351259,0.0711240595358031,0.620859985829214,0.501245773238488,0.352360147819271,0.587941885293048,0.611301442141675,0.585168003140176,0.272007352337816
"Queensland","S10",-20.08,148.88,2020-03-04,0.754475703324808,0.0452132966199769,0.470588235294118,0.556818181818182,0.396469290180213,0.441837434295726,0.260106788710908,0.375777856052601,0.255934805836725,0.76357175726943,0.30367755505704,0.417587467272478,0.303657434902211,0.281148904500486,0.32130679177007,0.815059062577425,0.758193867934731,0.137546446352026,0.61296992496561,0.593593390637505,0.516495765316936,0.649015529722477,0.63528375522997,0.746202507244636,0.488603365640099,0.389037611944512,0.591467083410351,0.640384370772784,0.866525826769512,0.796887757557363,0.87153930129154,0.796172776890372,0.537832089268614,0.83037998021116
"Western Australia","S11",-31.87,115.75,2020-03-07,0.547314578005115,0.00676403687297977,0.110294117647059,0.579545454545455,0.397388745862449,0.287651405500114,0.350114416475973,0.525126218151932,0.0840426009151489,0.416316154201367,0.175996822888698,0.286671920911314,0.171235893909365,0.330592699298897,0.15934253780777,0.638271263692561,0.527974551602227,0.169919084703635,0.310070764633418,0.295122533829506,0.517400481792076,0.514825529431039,0.239916666085246,0.761278828383828,0.26572624941672,0.485611802995221,0.709212965787905,0.641201210993412,0.796592972731512,0.438253749309093,0.880277080412557,0.630679156113288,0.630436238552416,0.888268622845561
"Queensland","S12",-20.68,149.18,2020-03-07,0.641943734015345,0.0380302486132727,0.220588235294118,0.488636363636364,0.353254873115116,0.43625944829571,0.126239511823036,0.0531877421627334,0.0398307953312725,0.735479424156862,0.404445117059801,0.517276438350255,0.398569623763741,0.337514482631038,0.370305232015164,0.845546393164998,0.492984195978331,0.413958704132264,0.537006133085397,0.608808930533247,0.47306339726129,0.644613203413303,0.389634837499511,0.699025295419532,0.17313422679684,0.219025446724001,0.191258206786391,0.60032492078462,0.864453142490389,0.601928735663577,0.843059967930546,0.521163402968505,0.344184142080013,0.498468804179312
"Victoria","S13",-39.1,146.33,2020-03-11,0.616368286445013,0.00171595035715711,0.0661764705882353,0.897727272727273,0.680397204854726,0.306780765682266,0.772692601067887,0.554420570623459,0.0572895850835624,0.114012413754639,0.269038909055816,0.409200148907482,0.285441466880288,0.0512178402234726,0.617665064233783,0.937651935439353,0.499598977459713,0.0233122066667628,0.849011012690808,0.796303063180326,0.766435603316303,0.53315502475983,0.163295892896563,0.94748470843981,0.213816112166345,0.844081743708902,0.730253521260425,0.843027798463803,0.807071064059738,0.331516064238133,0.976248970449656,0.574251796988453,0.904413199875362,0.897671532146613
"Victoria","S14",-37.82,148.78,2020-06-10,0.491048593350384,0.028113651781795,0.25,0.386363636363636,0.990437660904744,0.591842089670992,0.688024408848207,0.288129623106728,0.41310061744003,0.129222061830584,0.26651501579539,0.405704319025287,0.249921106500815,0.569528228842236,0.138794184508839,0.600045689831652,0.260625203879575,0.166533511200733,0.511005961792551,0.499192957414773,0.993528108536575,0.758460236646061,0.423550286682216,0.621581560508061,0.630123608744676,0.780848698563241,0.511175306517118,0.995980779411083,0.914245202142849,0.633212771202879,0.792077541737153,0.867689846207967,0.862244272552945,0.784552120951683
"Victoria","S15",-37.88,147.91,2020-06-15,0.381074168797954,0.0040703938704657,0.0514705882352941,0.454545454545455,0.391504229496138,0.0945802967590124,0.178871090770404,0.123811201127157,0.00389774312210957,0.125067822336619,0.468740720457914,0.607779079614857,0.4696639275943,0.362100426498242,0.415554360929443,0.86874943283425,0.45865191688052,0.254807547278564,0.84325936304398,0.868144378493968,0.511596850403396,0.276538665265157,0.13391003080154,0.674199862463242,0.0375484950222601,0.290723851931148,0.317111556612817,0.635949112609002,0.61678024925312,0.284529360890393,0.82732744664855,0.210253455489534,0.431463003380096,0.639914952833826
"New South Wales","S16",-30.02,153.27,2020-08-14,0.457800511508951,0.0865457520252205,0.463235294117647,0.306818181818182,0.316108863552777,0.106633486537501,0.272692601067887,0.373488317482682,0.632154188722951,0.527616448230598,0.223719003354423,0.340078583514034,0.210963369664374,0.496036462362739,0.132815345730689,0.587757991080325,0.363272214072002,0.111870228315398,0.583205099669089,0.554576021170813,0.4341841707519,0.296251010453096,0.629094018483621,0.553911709406997,0.787811037109436,0.403221790373847,0.589495947857158,0.56298087706269,0.636017533662802,0.792720771504545,0.742364548094158,0.931332579843412,0.552103523795001,0.829324158098909
"Queensland","S17",-18.87,147.71,2020-10-14,0.843989769820972,0.0845205315455525,0.764705882352941,0.556818181818182,0.163663111438029,0.287532905038809,0.117848970251716,0.239697076435365,0.176125380292489,0.800297733726738,0.158738559449315,0.250789557285415,0.168851259711932,0.131682867591116,0.290080644137397,0.791832105591765,0.293835921644803,0.125680395028189,0.552286649223251,0.52763646527021,0.254961558802415,0.514710128923531,0.853556615808406,0.746202507244636,0.399512244949659,0.206839937162186,0.461533436335144,0.368979659315784,0.796525931796086,0.927008216636779,0.87153930129154,0.740461823776108,0.328384750536806,0.752873719678931
"Queensland","S18",-18.14,146.28,2020-10-15,0.652173913043478,0.0467895765992258,0.308823529411765,0.477272727272727,0.158514159617506,0.203016683172088,0.0964912280701754,0.058001643771281,0.0473122598957611,0.805747782808261,0.364464560875441,0.476187706925464,0.365266693923624,0.346867388753453,0.332095232616059,0.822338642078914,0.696203431471791,0.201294441808251,0.597605132057602,0.599302772317643,0.248197335817917,0.425318099947903,0.486396701652997,0.690849279707757,0.191456183535064,0.174699992623976,0.201764444279121,0.360825812753149,0.739983287991197,0.686950192535032,0.837938252484911,0.54624122400169,0.285196640283682,0.512736809978109
"Queensland","S19",-15.48,147.1,2020-10-18,0.774936061381074,0.114938744562832,0.786764705882353,0.488636363636364,0.145457888929754,0.228147245287491,0.127765064836003,0.360572971703652,0.552135755242531,0.85965055294796,0.0778007388443395,0.136603783220485,0.0845645423981442,0.150330170016577,0.153561429165878,0.628096616053597,0.346945029076392,0.152120517992501,0.335957820382888,0.315584784971473,0.230779244353883,0.453559767201297,0.8681362111124,0.699025295419532,0.733957352432923,0.221216183159891,0.578262733319146,0.339503076424865,0.758921710108878,0.934714627855667,0.843059967930546,0.911079756027774,0.346992697548996,0.823245349316955
"Queensland","S20",-13.85,146.63,2020-10-19,0.654731457800511,0.024661798156351,0.279411764705882,0.534090909090909,0.153365207796984,0.0358040679515502,0.0957284515636918,0.0351649641892685,0.0188402812329225,0.870418323043145,0.0770784054288154,0.135190731909083,0.0818990539960603,0.172907413440001,0.136668796095868,0.595743085817998,0.227932925729394,0.0876961618661397,0.356822657724837,0.315265315449947,0.241374581055247,0.15479939338716,0.45572294349368,0.730815235946069,0.110002375167358,0.173520044714389,0.14725015106279,0.352530241112351,0.463637243509056,0.661362886698197,0.862444781005708,0.413976504727443,0.283567126159288,0.431405440785601
"Queensland","S21",-10.08,144.47,2020-10-26,0.823529411764706,0.059669180733469,0.669117647058823,0.579545454545455,0.186833394630379,0.217710740373954,0.203279938977879,0.374486321474698,0.352627994421017,0.876291211473266,0.0567974475144473,0.103286630611282,0.0630332548107657,0.11117587967216,0.147276395485643,0.616536349860256,0.114962003779789,0.26043432568308,0.386591177407675,0.403656586675378,0.28471454165311,0.442028197437543,0.787903643411231,0.761278828383828,0.579528172840058,0.321631820593634,0.590355895133371,0.404040424766583,0.751320444843571,0.890934579596036,0.880277080412557,0.844032350678689,0.466408283288391,0.829785174990197
"Queensland","S22",-9.96,144.15,2020-10-28,0.81074168797954,0.0432279819625683,0.485294117647059,0.602272727272727,0.249724163295329,0.299476058674657,0.272692601067887,0.817834918398497,0.553392861512361,0.8616749748823,0.0342224262061834,0.0660002157637061,0.0423351526668152,0.076117129349671,0.137824110541179,0.598090674756943,0.0942215328232241,0.304203278446115,0.402592190980739,0.434691439085673,0.360532637320435,0.52622459911104,0.647528167385292,0.776062321771085,0.734832459327918,0.403221790373847,0.898932665996852,0.487963492190571,0.803148528756282,0.805040978106214,0.888685052204912,0.911420031055862,0.552103523795001,0.965083961884758
"Queensland","S23",-10.07,143.87,2020-10-29,0.900255754475703,0.0382397541801349,0.566176470588235,0.681818181818182,0.196395733725634,0.258754221578934,0.264683447749809,0.355348127274862,0.275461244830877,0.868237692941876,0.0463696239097533,0.0864404394102947,0.0557039466280938,0.062389006291402,0.172611624771244,0.66010603470695,0,0.437315882774373,0.428696855568224,0.506038276611577,0.29668529287953,0.485948678838409,0.711949389436725,0.82572282384477,0.508188313754466,0.394224023272621,0.573661827870937,0.417791259778753,0.779374741335183,0.846092911728132,0.915840252040427,0.80714640040196,0.543079154366103,0.820724652872787
"Queensland","S24",-10.6,141.91,2020-10-31,0.705882352941177,0.0125004988227782,0.235294117647059,0.647727272727273,0.246414122839279,0.388749227630922,0.165522501906941,0.326229893154867,0.0615859726107844,0.904348173311259,0.125586727312192,0.203693216687693,0.128862327980953,0.194630013954885,0.184329355228226,0.677806670970622,0.331872894461654,0.374371153422741,0.387289969817194,0.442619938898006,0.356701992072966,0.605919644820668,0.406828222535272,0.80481505498299,0.222852586265012,0.273239909561354,0.547382972956524,0.483895743496353,0.845648983020741,0.618005477757852,0.904605023905897,0.584869234902005,0.41101761613662,0.805966971333897
"Queensland","S25",-10.74,141.06,2020-11-01,0.570332480818414,0.0214992617422882,0.213235294117647,0.477272727272727,0.35895549834498,0.744005146305748,0.366895499618612,1,0.339884627619226,0.914644446111576,0.100737578847153,0.168770471960845,0.105362283531218,0.160293983633904,0.175891347770232,0.665201453886827,0.182400151966853,0.314095889609867,0.397915169417275,0.433236032047478,0.478898751401298,0.856068750509194,0.38084844141576,0.690849279707757,0.568326950875449,0.50250178682913,1,0.60580587316697,0.951637397495305,0.593532099769319,0.837938252484911,0.838532655696845,0.645613045639611,1
"Queensland","S26",-10.5,141.23,2020-11-01,0.777493606138107,0.0107346661877968,0.272058823529412,0.738636363636364,0.324016182420007,0.640444207443522,0.371472158657513,0.720852412821416,0.172792468373531,0.91195353599811,0.112951955384927,0.186095879592733,0.116936615548486,0.176444474878652,0.180720407786217,0.672501876388502,0.272401469200253,0.347278476071813,0.381557037784494,0.427669851279723,0.442589293532171,0.790869994884138,0.447828801779195,0.859439563690411,0.39539257483113,0.507054843340645,0.840511186071274,0.571178811322484,0.927139479203258,0.654585054777863,0.933391434930703,0.737617466712909,0.649656830312827,0.943181142026974
"Queensland","S27",-10.79,142.97,2020-11-05,0.772378516624041,0.0682988147970789,0.544117647058823,0.534090909090909,0.211842589187201,0.542486647537307,0.203661327231121,0.459551485264765,0.535360064598746,0.881078542917599,0.158112361734565,0.24716531257504,0.163413970426673,0.166138929048648,0.250200244120657,0.756475436850619,0.200679422352984,0.135616276638594,0.483471136019344,0.460693535968993,0.315669090698839,0.724160413798373,0.694838282508546,0.730815235946069,0.722182777490179,0.322104567803343,0.659889037840961,0.439199807692182,0.900023177456696,0.835477825010846,0.862444781005708,0.906463408947434,0.466931426116166,0.865177607767636
"Queensland","S28",-12.09,143.26,2020-11-06,0.731457800511509,0.105610758609681,0.522058823529412,0.465909090909091,0.165685913938948,0.201247640571172,0.18649885583524,0.297933544675355,0.553167540761645,0.863664384641249,0.192652068232234,0.290434427962952,0.200267053117924,0.15544827383496,0.31046574360407,0.807376725417171,0.523905867857142,0.213664790480229,0.490855477132238,0.494436511971794,0.257603243281187,0.423266532535708,0.677394827962399,0.682575337167328,0.734675680240569,0.300524682987764,0.520707930643839,0.372145227669486,0.738563973497478,0.824446355665239,0.832696015094316,0.911359097729226,0.442705554682935,0.790318994414895
"Queensland","S29",-13.82,144.28,2020-11-12,0.808184143222506,0.0557384572409114,0.654411764705882,0.568181818181818,0.138653916881206,0.213156936932362,0.147215865751335,0.336796994246801,0.282941689844457,0.836120934708578,0.122059923675116,0.201109916814291,0.12985907093834,0.13071284135921,0.233462680113766,0.739261881687112,0.25822221170039,0.337720804755487,0.492519596219486,0.537782822871804,0.221544389061185,0.436910964309049,0.777413213193785,0.753778361444409,0.515507270858837,0.248520735254963,0.557049015389875,0.328001806057894,0.747890044938288,0.884949962034184,0.875951025847736,0.811146374862192,0.381216230530541,0.811468152567082
"Queensland","S30",-14.65,145.45,2020-11-13,0.69309462915601,0.0576838660760605,0.419117647058824,0.488636363636364,0.123023170283192,0.179071125669739,0.135011441647597,0.394035458494775,0.305278011141652,0.829218688322808,0.160458661333486,0.251962795781569,0.164253024194735,0.214347928119199,0.214881488313884,0.718138946510112,0.35957136614503,0.386279095224887,0.523097561004731,0.58531235360688,0.199892935781021,0.396749277708617,0.59094338703381,0.699025295419532,0.536806084361897,0.231521863956635,0.606977258374481,0.300480606796283,0.719643633822743,0.766332706652646,0.843059967930546,0.822492061074128,0.360077622480786,0.838578115425922
"New South Wales","S31",-32.71,152.16,2020-11-15,0.759590792838875,0.0110838421325671,0.220588235294118,0.715909090909091,0.622655388010298,0.694666632809392,0.464912280701754,0.375484325466714,0.0933378465453537,0.421804806450657,0.134756086243647,0.232425403276847,0.110175857494469,0.620811952352463,0.037449738869416,0.265887364941562,0.272825140514067,0.398097253350917,0.256405437763764,0.316917940644587,0.719628664432443,0.825612625316525,0.389634837499511,0.846114112226649,0.281789489916192,0.595567763046987,0.591214707076007,0.808208415058399,0.940421081539734,0.601928735663577,0.926535976806661,0.646188092503992,0.724561566775594,0.83024497538226
"Queensland","S32",-15.96,145.8,2020-11-15,0.657289002557545,0.0637096452372401,0.529411764705882,0.454545454545455,0.100772342773078,0.0826794647164877,0.0968726163234173,0.128566396618528,0.135446318605581,0.835492151949024,0.127784839204545,0.208926796240812,0.134961650224426,0.161419037254369,0.215470127890949,0.718843959095713,0.289881793352287,0.178804911462173,0.419814503481137,0.410182436350656,0.1679305949628,0.255830456920597,0.683247443438127,0.674199862463242,0.346213732089186,0.17528909210995,0.32410715010281,0.258345472019753,0.595276808964448,0.828171793096665,0.82732744664855,0.701400019285082,0.286008983644528,0.646318172103289
"Queensland","S33",-16.6,145.97,2020-11-19,0.879795396419437,0.0376511433018077,0.536764705882353,0.659090909090909,0.106289076866495,0.0911776406558154,0.0922959572845157,0.155512504402959,0.093074802411034,0.827000532351523,0.195020712156085,0.294635336923011,0.199068257913222,0.235511391068745,0.241170944170369,0.747387353118741,0.49301523174824,0.213023353275447,0.471291203434623,0.474240973450217,0.175988123274144,0.270754440420257,0.689061679865625,0.811844140885989,0.281346065063156,0.168181074658739,0.361562487049118,0.269144114203929,0.610914432118854,0.83184853060345,0.908413403990898,0.645770559007013,0.276153380022218,0.678733448270985
"Queensland","S34",-16.5,147.84,2020-11-23,0.872122762148338,0.0260585019354324,0.558823529411765,0.704545454545455,0.282824567855829,0.232692584410418,0.366132723112128,0.466713631560409,0.291020611241161,0.843817508600963,0.0826323272077963,0.144370146691855,0.0913094523858948,0.121689414250553,0.183192654229105,0.676149441713389,0.346190227708504,0.237575883788049,0.430591728381255,0.440918768786722,0.397979336349326,0.458500251553865,0.706281449486643,0.839372059664518,0.523304405350632,0.501740761687024,0.665439379106578,0.526840845934302,0.762125181765015,0.842598874074515,0.923027482094473,0.815349802632796,0.644935200710986,0.867853716297452
"Queensland","S35",-16.92,149.2,2020-11-25,0.736572890025575,0.0296001436609601,0.463235294117647,0.579545454545455,0.19602795145274,0.281455524237577,0.229214340198322,0.558823529411765,0.281005562669755,0.838345734015745,0.0734935923323896,0.130636693569477,0.0833230916333089,0.101478757625773,0.186677956504707,0.681191895178947,0.485478736156042,0.335014960717837,0.420942006868925,0.463775146327096,0.296228046929739,0.508759763292415,0.629094018483621,0.761278828383828,0.51362227276411,0.353121895460373,0.733367702392416,0.417269642650971,0.793050413432928,0.792720771504545,0.880277080412557,0.810121270252781,0.500548248307254,0.899041937605213
"Queensland","S36",-17.71,148.44,2020-11-28,0.846547314578005,0.026008619657608,0.419117647058824,0.681818181818182,0.214049282824568,0.178859517703123,0.274980930587338,0.314488669719385,0.154224407233102,0.822621676286412,0.091571453061702,0.158289928205751,0.100438234323894,0.125851467687035,0.193734434919669,0.691058386756839,0.466530387374575,0.445180182790259,0.406090559659666,0.485591502689485,0.318346800408922,0.396488660944311,0.59094338703381,0.82572282384477,0.371681892558694,0.405774611994424,0.53645927874791,0.442181262204112,0.719452156492864,0.766332706652646,0.915840252040427,0.720700734888734,0.554645973359225,0.799643682314009
"Queensland","S37",-20.03,149.7,2020-12-08,0.647058823529412,0.125583622650545,0.448529411764706,0.409090909090909,0.150606840750276,0.135581456370669,0.155225019069413,0.119643066807561,0.237468699787118,0.766651559067825,0.21565673957353,0.321262466598944,0.227278754748491,0.12003191873705,0.391499956757381,0.856925471417501,0.403719857873724,0.377618865169396,0.606025214616245,0.667095690054963,0.237694921817464,0.339537618314963,0.616574386072744,0.639602149066831,0.469385474363585,0.259445754783271,0.310871149879083,0.348026153350484,0.674675243069203,0.784196894525076,0.804457660458627,0.78499987028718,0.394520680408285,0.634101963055202
"Queensland","S38",-19.81,149.13,2020-12-08,0.861892583120205,0.0352667704218045,0.573529411764706,0.659090909090909,0.185362265538801,0.16460560507182,0.256674294431732,0.241810496653751,0.210174302423269,0.772541876596862,0.221945583000597,0.32830399934911,0.231755761689984,0.154417134302038,0.355203937929136,0.836819967423962,0.474971424722085,0.146636150830286,0.620156499390762,0.603984250969253,0.282857436546394,0.37856857532142,0.717582448762554,0.811844140885989,0.439562580263106,0.385125926661416,0.463797778337141,0.401889301691205,0.706010539196038,0.84954407667165,0.908413403990898,0.766792836082233,0.533852406434662,0.754383119410938
"Queensland","S39",-21.48,151.19,2020-12-10,0.434782608695652,0.161578674328585,0.463235294117647,0.261363636363636,0.0360426627436558,0.116562132331158,0.0850495804729214,0.070329928378537,0.170782933533437,0.743336515407056,0.207859181926874,0.313042915342054,0.2225853644514,0.0676539980842142,0.466606451638945,0.890633027151744,0.26559519485674,0.351993192425913,0.665910893009348,0.719651724236728,0.0654344771774353,0.311682138415406,0.629094018483621,0.511237358145545,0.392889595820911,0.156748130345351,0.226922680712129,0.109121893177741,0.650326850061242,0.792720771504545,0.708022118204598,0.735876061227326,0.260049195122002,0.544701275634722
"Queensland","S40",-23.2,150.97,2020-12-11,0.40153452685422,0.17315136278383,0.242647058823529,0.238636363636364,0.138470025744759,0.284748144198133,0.100686498855835,0.0469648937419279,0.130928688531276,0.667781318276132,0.477412226556241,0.586216655262971,0.483772222078086,0.299698319372686,0.488658315856611,0.898950941432736,0.503997423681786,0.482389925790803,0.648329971139034,0.745472494040457,0.221293244256335,0.51199139240832,0.415245755808708,0.488504210459197,0.339829805205723,0.181148429588001,0.176988192459723,0.327687081599134,0.794942527393338,0.625711888976741,0.688637305129436,0.696360893826294,0.294045406673116,0.478103609769049
"Queensland","S41",-23.18,151.92,2020-12-15,0.631713554987212,0.0620336007023425,0.448529411764706,0.443181818181818,0.0779698418536226,0.0728523907468069,0.127383676582761,0.0640483738405542,0.108227368008939,0.695755507740595,0.17453936649126,0.274468072235858,0.192557012836974,0,0.558449889237653,0.921714291416067,0.207126361738545,0.502482460805191,0.70276388690772,0.807808911481435,0.133604866851716,0.237608019090254,0.616574386072744,0.665719023448946,0.30595585655859,0.220669199415885,0.214392192292778,0.210922448706868,0.575113111349148,0.784196894525076,0.821826307648545,0.668106803479633,0.346292353926945,0.529147123222774
"Queensland","S42",-23.54,151.76,2020-12-17,0.501278772378517,0.132467376990303,0.580882352941177,0.318181818181818,0.065097462302317,0.141777337633207,0.110602593440122,0.214981801103675,0.711194872882393,0.678158567953857,0.263275709726039,0.378405250795966,0.276981370884574,0.105292758805169,0.491364619090452,0.899930437258842,0.415414048287804,0.449882170934012,0.678724275813347,0.765599798441022,0.113432013648619,0.348191197706345,0.723181263614596,0.564076074817766,0.837757652978049,0.196122725022347,0.434284071528154,0.181912154336356,0.681885498309208,0.852953408282144,0.750182361104786,0.948967209369588,0.314233882913779,0.734177368367465
"Queensland","S43",-22.37,152.54,2020-12-20,0.843989769820972,0.0303982601061495,0.507352941176471,0.659090909090909,0.240161824200074,0.213351616261649,0.310831426392067,0.40706821650816,0.231740862784761,0.729609049421365,0.183398767045773,0.284177744429938,0.198669138253218,0.0431292693485557,0.469288597723645,0.891677961227143,0.368473201381647,0.559463736679008,0.684727849417376,0.808518605331372,0.349421331730325,0.437130831266553,0.665571352992923,0.811844140885989,0.463274450169751,0.444787529291495,0.617831820329818,0.476116325233211,0.748038175533149,0.816844097905813,0.908413403990898,0.781358016513037,0.59255373172396,0.844202863841977
"Queensland","S44",-21.92,153.59,2020-12-22,0.994884910485934,0.0133983798236163,0.492647058823529,0.897727272727273,0.319418904008827,0.267252397518262,0.406559877955759,0.484912527885406,0.174070985212434,0.777353985888393,0.0738345938537252,0.132935786315595,0.0870854503499318,0.0487674562694355,0.245082960692274,0.751379976236069,0.439458303255692,0.42122098547002,0.534931685828038,0.609128400054774,0.437711384269795,0.494599903495623,0.653584772491694,0.94748470843981,0.396977518791344,0.541246713906872,0.679355316857176,0.56642972115008,0.784628660875137,0.80903063952519,0.976248970449656,0.738714959482365,0.679405496668997,0.874474331813211
"Queensland","S45",-19.25,152.35,2020-12-25,1,0.0156730116924059,0.470588235294118,0.875,0.28080176535491,0.184970755779014,0.344393592677346,0.266056123048022,0.160713848763896,0.794249963969423,0.0758459686045152,0.135534501095346,0.0864222144726133,0.0921731916521705,0.199634024245016,0.698973298996717,0.478651764310306,0.426387079309522,0.415671938355592,0.489067549360483,0.39573390517165,0.40395500916131,0.63528375522997,0.935414346693485,0.380121904177871,0.479781533407233,0.489107374848232,0.52455372508259,0.724893948149423,0.796887757557363,0.970608547412714,0.726832333298469,0.625131672876305,0.770823920378823
"Tasmania","S46",-40.85,145.5,2021-01-24,0.414322250639386,0.00698351889540684,0.0514705882352941,0.431818181818182,1,0.76775602447881,0.68001525553013,0.417752729834449,0.106736784581128,0.0618347563373508,0.370019718057843,0.51776622203188,0.371324409688557,0.265241079125934,0.407281850271466,0.864804701890368,0.784405766686366,0.168776950659421,0.68435817947646,0.676983713689801,1,0.87037053183027,0.13391003080154,0.657128740672771,0.303613820476769,0.774694193050279,0.626602636343104,1,0.956774924801307,0.284529360890393,0.816185884611604,0.666051327587552,0.858022155196443,0.848682437051001
"South Australia","S47",-35.14,138.46,2021-02-03,0.468030690537084,0.0116026178219402,0.132352941176471,0.443181818181818,0.485656491357117,0.780638717486436,0.339816933638444,0.390336973112598,0.136257881128521,0.236689151081476,0.66485239583596,0.764755163973999,0.681807773033672,0.167608144631803,0.944314353786981,0.993705305492767,0.687967328349827,0.187886108051734,0.877533168136322,0.880680650509477,0.600918739916042,0.878035732717687,0.273634265362462,0.665719023448946,0.34734932649595,0.475090029100165,0.603864588306753,0.713747078561092,0.959495668192197,0.479488382784179,0.821826307648545,0.702287593416151,0.620838224054639,0.836948262312768
"Tasmania","S48",-43.06,147.33,2021-02-24,0.314578005115089,0.0124905223672134,0.0882352941176471,0.295454545454545,0.431040823832291,0.692863732933818,0.350495804729214,0.263766584478103,0.0601524840338328,0.000207761664194636,0.379745440420609,0.530544067114289,0.384835915103698,0.276478637972733,0.410619214915743,0.866410909452428,0.751152104130682,0.0587917108075182,0.709465236265239,0.665701418571543,0.549996670495622,0.824479621289498,0.203414111267636,0.543557306504609,0.21987291426872,0.485999156222912,0.486767446325388,0.670174512843919,0.939996328958997,0.389918043787573,0.734262389403802,0.581409623575587,0.630787456481225,0.769336056224943
"Other Territories","S49",-29.07,167.96,2021-02-24,0.398976982097187,0.100502813360469,0.227941176470588,0.261363636363636,0.243104082383229,0.138239252431376,0.284897025171625,0.233063285194317,0.755171162206471,0.489017769265575,0.149427467362855,0.249728581548963,0.159883238180474,0.0988576754597197,0.312879757576754,0.809120653272346,0.376099049871124,0.165579859268451,0.569580159435981,0.558692267227806,0.352854917813428,0.343273009311567,0.398292944366182,0.511237358145545,0.864349153719404,0.416747034082261,0.454361189632856,0.479793028052194,0.677807075014875,0.610081956212428,0.708022118204598,0.957949340346562,0.565485248868506,0.748049123406715
"South Australia","S50",-34.85,138.45,2021-03-01,0.332480818414322,0.00423999361506844,0.0294117647058824,0.386363636363636,0.0669363736667893,0.276969435345302,0.0823798627002289,0.212046495244805,0.00863355709077266,0.246498126220671,0.836508160943597,0.89052901595747,0.843495042436432,0.415326797939237,0.683821784122945,0.952681899410445,0.512060951344898,0.116243137006511,0.856854303382097,0.835510918133105,0.116351793113944,0.504326439160041,0.0842568836651246,0.621581560508061,0.0661764349866667,0.15247861648188,0.430947365697912,0.186166011590028,0.790436819816124,0.194959021893786,0.792077541737153,0.307767559110196,0.253953501725366,0.731817490425228
"Tasmania","S51",-42.59,148.05,2021-03-11,0.677749360613811,0.00438964044854144,0.132352941176471,0.784090909090909,0.508275101140125,0.440525464902703,0.488558352402746,0.461547493248797,0.0664237416702691,0.0486032063944721,0.233204492685658,0.371074482918432,0.236548703454463,0.23085754000313,0.287864842052482,0.79004890152416,0.274138886088257,0.266813579684943,0.548023085868729,0.570662046305759,0.621354211244555,0.647982579439855,0.273634265362462,0.885489079035371,0.232665479620984,0.616771558821966,0.661440145333267,0.730688806371417,0.866040672474281,0.479488382784179,0.946500204538263,0.595988563757609,0.741536702226929,0.865927548749781
"New South Wales","S52",-35.05,150.84,2021-04-09,0.49616368286445,0.0629414581587454,0.279411764705882,0.340909090909091,0.545237219566017,0.444867660377678,0.483218916857361,0.176998943289891,0.896211756645433,0.36566772087404,0.251878030706886,0.378985568225607,0.220341205631361,0.851593323021116,0.0656301005087494,0.395358899148438,0.350830534200992,0.294686518665106,0.26230134183904,0.288223197388635,0.653996411738823,0.651395495285001,0.45572294349368,0.583874208121142,0.944785999863288,0.612021620463261,0.389197038479879,0.75714166948027,0.867640920566017,0.661362886698197,0.765040186289376,0.983588873007492,0.737764360870581,0.700853776717956
"Tasmania","S53",-40.09,147.76,2021-04-13,0.554987212276215,0.0139071790574245,0.139705882352941,0.5,0.428650239058477,0.267489398440873,0.331426392067124,0.31595632264882,0.113722747404223,0.0978728782110205,0.441526429563752,0.584402386290904,0.449913595000773,0.237158618160029,0.52660314198344,0.911936322818156,0.302631498010196,0.0300944984439451,0.671198687521425,0.616987405403161,0.547713317149087,0.494839202911052,0.284355792284349,0.707106781186547,0.314455491541878,0.466424578338981,0.537835653549406,0.668173337482752,0.784772798683112,0.491991170641245,0.84806657884775,0.67545032508386,0.612848618091427,0.800446756479244
"Western Australia","S54",-28.68,113.76,2021-04-16,0.337595907928389,0.0469591763438286,0.235294117647059,0.25,0.693269584406032,0.302700964085896,0.355072463768116,0.106316778208289,0.139163601216936,0.538987864138953,0.0377547284305663,0.0806006475457049,0.029616527487946,0.363232705049641,0.0183641894034712,0.14832224709408,0.313585285496561,0.313010255415425,0.0721539220063939,0.100184781694239,0.776643517297312,0.529294492123949,0.406828222535272,0.5,0.351387983407493,0.490634568054115,0.29017435614591,0.850455599269442,0.804891841037997,0.618005477757852,0.698540482600122,0.705423072543866,0.634978852101267,0.614097746269507
"Western Australia","S55",-28.89,114.01,2021-04-18,0.163682864450128,0.16152879205076,0.198529411764706,0.102272727272727,0.119161456417801,0.0970941994024191,0.0881006864988558,0.200187859574968,0.501671043938566,0.525693112730803,0.0318563102703571,0.0705861787101495,0.0244896488753524,0.348973877025713,0.0161975742188696,0.132898916938871,0.267243203229208,0.465864885644996,0.0206548425363739,0.0989056432651934,0.194445473585606,0.280747068400274,0.362866808538706,0.319801074533416,0.697967434332019,0.161589312837875,0.417229689899458,0.293429566060635,0.620983030901139,0.575947223155258,0.512980982046325,0.896740175473338,0.26690688351132,0.721944225469726
"Victoria","S56",-37.51,149.97,2021-04-20,0.60613810741688,0.00318248932519255,0.0882352941176471,0.761363636363636,0.472048547260022,0.278526869979601,0.456903127383677,0.330515439708818,0.0359779124491244,0.205453981468832,0.309506182145653,0.448875137791142,0.269972179486367,0.974946779411346,0.0721641379774382,0.419965560699044,0.216398868225467,0.180413869669548,0.281228142419766,0.269189931410125,0.588445992785035,0.505869564049619,0.203414111267636,0.872561537293294,0.163044921034854,0.588284919125093,0.551321509081495,0.703256994217306,0.791348908928044,0.389918043787573,0.940042221648689,0.506402796157883,0.718649397075399,0.808218981584797
"Tasmania","S57",-41.87,148.31,2021-04-21,0.309462915601023,0.0297398140388683,0.161764705882353,0.25,0.906583302684811,0.229755465833778,1,0.627098743689093,0.828255629960115,0.0600367464703497,0.216757843472882,0.351035196362023,0.216163264878333,0.30786136848523,0.214281488130913,0.717417774745141,0.276163788917098,0.491764701251069,0.454906863507531,0.551084497279936,0.935559449640357,0.455313321583158,0.315192150079269,0.5,0.906886076582788,1,0.780182541993415,0.959205373947816,0.760062322214901,0.526475086131919,0.698540482600122,0.971780666313491,1,0.919018847288646
"Western Australia","S58",-32.02,115.45,2021-05-08,0.567774936061381,0.0210303683307395,0.25,0.477272727272727,0.537697682971681,0.511989707388504,0.518688024408848,0.3989080662205,0.306369950164352,0.45487227990719,0.0253206629496239,0.06067155834393,0.0228447740492794,0.273370458513194,0.0297527632391673,0.222072045627316,0.208402045955388,0.114238581913403,0.100433925479686,0.0623364174409755,0.647410887737922,0.7021847433981,0.423550286682216,0.690849279707757,0.537827069741222,0.643177779698073,0.611056041944789,0.751863540274535,0.890575986459913,0.633212771202879,0.837938252484911,0.82302529845506,0.762198615774503,0.84070237028431
"Queensland","S59",-16.93,145.98,2021-05-19,0.780051150895141,0.0260185961131729,0.345588235294118,0.625,0.11787421846267,0.0919732866102943,0.15255530129672,0.116061993659739,0.0669641036516235,0.817377750165401,0.27926328460869,0.389742889250501,0.277218209713674,0.256873215103517,0.312551641368532,0.808884758264966,0.817645147823787,0.242163269381909,0.612461196069278,0.628194733730046,0.192620655509898,0.272116281920425,0.522919547219101,0.790569415042095,0.233739461791846,0.255823653972106,0.305424606063599,0.291055879199337,0.61230495643619,0.715972452648717,0.896787210895268,0.597180875285379,0.390133491165047,0.628947990171935
"Queensland","S60",-16.73,146.27,2021-05-23,0.900255754475703,0.0251606209345944,0.492647058823529,0.727272727272727,0.144722324383965,0.124518591875947,0.169717772692601,0.280321709522132,0.122355284944088,0.837884830148316,0.129320778586416,0.21092349167318,0.131907625643585,0.159253061965097,0.212955761773872,0.715815108051946,0.40555101009704,0.0668868001153822,0.456291548575764,0.409862966829127,0.22978622063203,0.323588022114013,0.653584772491694,0.852802865422442,0.327407194386046,0.278781884231267,0.503468134571592,0.338272973619163,0.660955695511939,0.80903063952519,0.929990074055552,0.686305641408203,0.417553449686282,0.779818786668591
"Western Australia","S61",-26.12,113.18,2021-05-28,0.549872122762148,0.0285825451933437,0.279411764705882,0.431818181818182,0.289076866495035,0.261369696046317,0.141495041952708,0.328989080662205,0.0688961526226928,0.579803083128765,0.0601287454622351,0.116994855673036,0.0412746180616618,0.562836720681543,0,0,0.516123319775001,0.308214898732901,0.122349368765427,0.149837514222837,0.404886035221035,0.488626065656436,0.45572294349368,0.657128740672771,0.237545087253069,0.240606835314579,0.549921658136232,0.533841621679868,0.781009739704303,0.661362886698197,0.816185884611604,0.601368047507188,0.371442569593121,0.807420228630703
"Western Australia","S62",-20.57,116.61,2021-06-03,0.491048593350384,0.0571351610199928,0.301470588235294,0.352272727272727,0.0888194189040089,0.122859585417672,0.107932875667429,0.17247857226723,0.164607513682373,0.819671496525592,0.554904608745076,0.643162503997826,0.522239268598956,0.773595956533247,0.238292847039419,0.744394339862957,0.859244218794342,0.153550939294727,0.571989505072774,0.557114608824535,0.150150115034382,0.321137056951729,0.478857559298073,0.5935256753273,0.385104908272172,0.192127116635308,0.383526204041088,0.234074951452717,0.658795602572659,0.680768264257223,0.772113314005551,0.730394455641386,0.308895230721725,0.696427576100874
"New South Wales","S63",-28.61,153.63,2021-06-16,0.994884910485934,0.0331916676643122,0.720588235294118,0.761363636363636,0.5331004045605,1,0.455758962623951,0.733591640248914,0.615258191071997,0.584096653125721,0.262095063770515,0.381071718772117,0.25261422127944,0.472203839632357,0.171923325790179,0.659022166731432,0.449643546580093,0.252172588181869,0.598818408734751,0.617622132461725,0.643377342693272,1,0.823776799372374,0.872561537293294,0.776736655010892,0.587240221713331,0.848399538585368,0.748616285780602,1,0.910931474542503,0.940042221648689,0.927278039802042,0.717797823583528,0.946220190896778
"Queensland","S64",-27.4,153.44,2021-06-17,0.989769820971867,0.0233648589329183,0.625,0.806818181818182,0.368517837440235,0.317242663551797,0.40884820747521,0.268639192203828,0.233551585197752,0.606988511124671,0.368451902574563,0.489412660254128,0.368952203662228,0.370061186568722,0.319264662446942,0.813640904264496,0.445683048128382,0.000802186802565186,0.634981271657139,0.570166308175087,0.488612774029719,0.542939742882359,0.756088332578833,0.898230583880432,0.465214346868761,0.543434546652016,0.491735383751136,0.614860701649551,0.812530413057989,0.872584611958529,0.952776248005865,0.782518892120847,0.681272905828898,0.772487424410745
"Queensland","S65",-24.84,152.48,2021-07-20,0.585677749360614,0.0100263378426912,0.110294117647059,0.568181818181818,0.163295329165134,0.201603141955088,0.270022883295195,0.185746154749325,0.0567583990603819,0.628718144451305,0.620345709850018,0.706189800544827,0.625609004014658,0.316558361927411,0.609575275389431,0.935627091185729,1,0.27303151796113,0.754696426556998,0.783816596424396,0.254480309188268,0.423679523005498,0.239916666085246,0.753778361444409,0.21267616363767,0.400233478264894,0.399972037028281,0.368401838876668,0.738850182611381,0.438253749309093,0.875951025847736,0.57288531343251,0.549117339147262,0.70911207451049
"Western Australia","S66",-23.11,113.75,2021-08-05,0.710997442455243,0.055169799273714,0.477941176470588,0.5,0.263699889665318,0.20347375637998,0.32418001525553,0.282611248092051,0.579825738358768,0.688170972809379,0.12160639074901,0.205337669972616,0.10082253346903,0.635258913774042,0.0296120877183208,0.221229391615175,0.768483648952745,0.473946334749402,0.209310554466961,0.294285116287064,0.376530040508389,0.425846731349222,0.641428144087372,0.707106781186547,0.753008664622633,0.458872163000956,0.505739009815186,0.504766177601146,0.740348012427127,0.800993909520172,0.84806657884775,0.918401734990378,0.605821405667485,0.781220130077288
"Western Australia","S67",-22.1,113.88,2021-08-07,0.948849104859335,0.0261682429466459,0.492647058823529,0.761363636363636,0.335049650606841,0.305138687861321,0.274599542334096,0.179229775742632,0.166334632920891,0.735777296971853,0.139559322974845,0.228057797298258,0.119138955278683,0.616649349301334,0.0437159998669598,0.298522415823617,0.808366089367473,0.384334570766805,0.256726366988362,0.312625425978448,0.454198664345271,0.531604283049272,0.653584772491694,0.872561537293294,0.387296489995854,0.40534968888372,0.391969419833157,0.582387458522914,0.806197428856616,0.80903063952519,0.940042221648689,0.731947821666086,0.554223321263903,0.702997386629239
"Western Australia","S68",-21.84,114.18,2021-08-08,0.841432225063939,0.0701145297098847,0.536764705882353,0.579545454545455,0.190695108495771,0.179799057074901,0.197559115179252,0.145004109428202,0.277954046801465,0.726932503277279,0.182081735358329,0.282659959262024,0.16021334170493,0.629471119959511,0.0673377018229404,0.401954956211956,0.619992256785356,0.56958710090315,0.335897102596512,0.455670377905617,0.289569669972417,0.397644640013436,0.689061679865625,0.761278828383828,0.510638168714444,0.314504188002297,0.347365420299728,0.409641423446923,0.720300613550543,0.83184853060345,0.880277080412557,0.808491249351405,0.458480258074919,0.666798825304539
"Queensland","S69",-17.43,151.07,2021-08-08,0.966751918158568,0.016790374715671,0.470588235294118,0.840909090909091,0.177087164398676,0.127049423156683,0.25629290617849,0.228719032523189,0.10697535949365,0.828153240894153,0.0667765439249435,0.120493322273095,0.0759529197921811,0.10195558885273,0.174458288210925,0.662988980612313,0.412453759618218,0.167632255856573,0.552408986159104,0.541845051684726,0.272332146184005,0.327296304934101,0.63528375522997,0.917010954628728,0.303989755788127,0.384690123757251,0.449609641961542,0.389605190334887,0.664197081178551,0.796887757557363,0.961870768291698,0.666382215822035,0.53340783396719,0.74481569222043
"Queensland","S70",-16.93,150,2021-08-10,0.769820971867008,0.0734865716908097,0.647058823529412,0.522727272727273,0.228944464876793,0.10166493148134,0.24370709382151,0.140248913936832,0.263913811244423,0.839645673244488,0.0618524641138286,0.112393014595374,0.0716636555866622,0.0831988507628222,0.182671097080022,0.675384887265248,0.454723427566317,0.0806067645887473,0.474548305747818,0.433113780682402,0.336207400840373,0.288264501019829,0.772125695836333,0.722998805481221,0.49669313032579,0.370174099055219,0.340775863315539,0.461833161200424,0.628358952579883,0.881909214428818,0.857754401241421,0.800754314712135,0.518460776304907,0.661117376718259
"Queensland","S71",-16.53,150.28,2021-08-11,0.895140664961637,0.0281036753262301,0.492647058823529,0.704545454545455,0.252666421478485,0.440051463057481,0.2372234935164,0.89937771515792,0.219703025211455,0.849498817589513,0.0613233131303867,0.111275358926751,0.0692550742907777,0.107957269190741,0.159296664653614,0.638192183568978,0.463571095944258,0.102661917016788,0.43553605726317,0.400676278135052,0.363924031876607,0.647609008249212,0.653584772491694,0.839372059664518,0.450181501865978,0.362591309814866,0.945430175474986,0.491550392112026,0.865865037339397,0.80903063952519,0.923027482094473,0.773403171977577,0.510543519872147,0.981583063215674
"Queensland","S72",-16.3,149.96,2021-08-13,0.851662404092072,0.0247116804341753,0.470588235294118,0.693181818181818,0.211474806914307,0.117154634637685,0.264683447749809,0.235470235998591,0.150727347617921,0.849849657541585,0.0554715477763932,0.101873343450411,0.0653985239575011,0.0798691517867847,0.174772284676383,0.663475591953245,0.426637296495903,0.0761223028050402,0.461263865819977,0.418041441699044,0.315221990931356,0.312582228642636,0.63528375522997,0.832575412909736,0.367060602350366,0.394224023272621,0.456975008092696,0.438701082856401,0.65114254344302,0.796887757557363,0.919462849090486,0.717289528920181,0.543079154366103,0.749815120399225
"Queensland","S73",-10.45,144.43,2021-08-18,0.920716112531969,0.0549702701624167,0.757352941176471,0.647727272727273,0.188304523721957,0.145518566482991,0.211289092295957,0.282376423623342,0.314148104043131,0.869878058244875,0.0602513244305847,0.108998979209186,0.0684378528176973,0.0884308704396425,0.172885458849822,0.660535827814069,0.0312509695139877,0.399338851944568,0.412770489988018,0.477024063834096,0.286567475817344,0.353326499089063,0.848651852790681,0.80481505498299,0.545047987070982,0.331497208245111,0.505506519107096,0.406181896107539,0.686090519764486,0.924391766010446,0.904605023905897,0.826769797022753,0.477256981249598,0.781076920105024
"Queensland","S74",-10.29,143.71,2021-08-21,0.971867007672634,0.0569456083642603,0.786764705882353,0.681818181818182,0.239977933063626,0.341560651075392,0.303203661327231,0.73276975460843,0.923329771702161,0.87123850569471,0.0615875852105951,0.111087735106268,0.0728557156949895,0.0407092479008656,0.226899023974406,0.73205860221968,0.0146710484867214,0.346241587250184,0.451566382086484,0.49881947064918,0.349206292527794,0.565082318757196,0.8681362111124,0.82572282384477,0.959507726857752,0.436635413728993,0.847892680588665,0.475885588161076,0.824559204720188,0.934714627855667,0.915840252040427,0.988053112164728,0.584775583674458,0.94602571462219
"Northern Territory","S75",-11.63,136.93,2021-09-02,0.529411764705882,0.034029689931761,0.213235294117647,0.409090909090909,0.255424788525193,0.40912284265678,0.242181540808543,0.676822824938359,0.544113928696688,0.933501824211296,0.13213748177568,0.211548671393355,0.132148173544172,0.228745010901519,0.168127445012889,0.652951858994827,0.346643165136545,0.755041459672703,0.250122118372184,0.430330690298523,0.367091952549642,0.622785134899199,0.38084844141576,0.639602149066831,0.728349568956026,0.368396460022067,0.812698463641303,0.494888803655529,0.853978078596229,0.593532099769319,0.804457660458627,0.908890024112509,0.5166115517152,0.93224955057914
"Northern Territory","S76",-11.94,135.6,2021-09-04,0.639386189258312,0.0104453489764157,0.161764705882353,0.613636363636364,0.230967267377712,0.363567879603531,0.231884057971014,0.34020194904309,0.0793261584137419,0.951676016017442,0.223805637529246,0.323471426464464,0.220425848944054,0.294902156361283,0.226005736326954,0.731057157924081,0.659733893992588,0.365592553976507,0.337071739980907,0.388387029535572,0.338604923240523,0.584454820307575,0.315192150079269,0.78334945180064,0.257240488352695,0.356291172437753,0.560131541856667,0.464440605415132,0.834733059872931,0.526475086131919,0.892772961573541,0.622150587900649,0.503907056989128,0.813204387853902
"Northern Territory","S77",-11.44,134.14,2021-09-05,0.309462915601023,0.0685382497306357,0.220588235294118,0.215909090909091,0.14637734461199,0.300965778759639,0.128146453089245,0.364564987671715,0.341519987276005,0.948726554455122,0.150018432870978,0.234476187735039,0.149028031811445,0.239279391123183,0.18164237880197,0.673869140249613,0.285287070397277,0.592204588927862,0.329454837339035,0.456684064057204,0.23201872851689,0.527644740835971,0.389634837499511,0.464660188642293,0.569775972645964,0.221762701979085,0.581755808446165,0.341036259961132,0.803956142291278,0.601928735663577,0.667403644847435,0.839249816526724,0.347691851121838,0.825146997018692
"Northern Territory","S78",-11.3,133.8,2021-09-05,0.40153452685422,0.0308172712398739,0.154411764705882,0.318181818181818,0.429201912467819,0.575632919428151,0.366895499618612,0.598919807443936,0.379244390430903,0.948114110710699,0.139211148957295,0.220435828994557,0.137034958838228,0.247949684297395,0.163411920308519,0.64518468088736,0.2495708858788,0.589890958946707,0.331708534344664,0.458208965559342,0.548240669957932,0.747358369830582,0.305121166901454,0.564076074817766,0.602290805181794,0.50250178682913,0.761184305240436,0.668635892477201,0.909709099916215,0.515443616786313,0.750182361104786,0.854907196398011,0.645613045639611,0.911049434472519
"Northern Territory","S79",-10.9,133.03,2021-09-06,0.560102301790281,0.0465900474879285,0.352941176470588,0.409090909090909,0.260389849209268,0.445485555640199,0.191838291380625,0.398379711165904,0.299157647039632,0.950393313551886,0.0896838951293373,0.151666199698731,0.0852791536600294,0.257157990039935,0.102003773476359,0.513956572752905,0.279857237898427,0.520155721199831,0.218641665504745,0.319327544262871,0.372766512390712,0.651879804615841,0.530005897060762,0.639602149066831,0.531049448804663,0.307306876613302,0.61061496311028,0.500839723445628,0.867867372217304,0.721434108025706,0.804457660458627,0.819467629902793,0.450396466056902,0.840473277195216
"Northern Territory","S80",-12.48,130.79,2021-09-29,0.455242966751918,0.008021070274153,0.0882352941176471,0.465909090909091,0.634056638470026,0.370263155667285,0.539282990083906,0.220206645532465,0.0784085625963476,0.990667010896179,0.196083608221798,0.289835852771856,0.192856450463257,0.22510897350523,0.241335381912064,0.747556917999266,0.995389329650562,1,0.504419062731435,0.77226884902868,0.729007565067672,0.590232202285653,0.203414111267636,0.682575337167328,0.255560959383611,0.660857071626613,0.44016835172443,0.815287812008069,0.837707062305496,0.389918043787573,0.832696015094316,0.620433452379961,0.77574764245716,0.738300467661959
"Northern Territory","S81",-11.22,129.66,2021-10-01,0.710997442455243,0.0052775449938146,0.132352941176471,0.784090909090909,0.338175799926444,0.211692609803374,0.3093058733791,0.235411529881414,0.0376907579749272,0.986423176143178,0,0,0,0.16704181049814,0.0299317261367318,0.223141763035054,0.266810415494593,0.543595436977718,0,0.103906591438333,0.457463428237667,0.435253988041016,0.273634265362462,0.885489079035371,0.167591691891656,0.443163253035287,0.456911413631669,0.58551596543117,0.746771535748935,0.479488382784179,0.946500204538263,0.513144754059727,0.59100982079942,0.749772259564193
"Northern Territory","S82",-10.91,130.1,2021-10-02,0.375959079283887,0.0726485494233609,0.257352941176471,0.261363636363636,0.0972784111805811,0.091981750928959,0.0411899313501144,0.0727368791828109,0.0678816994690179,0.98379097875455,0.0175291630249496,0.0332834244967898,0.0150881715975906,0.206115214432682,0.0380445767276392,0.26909623962064,0.300428294358075,0.53976773973586,0.189865860379654,0.296523923623627,0.162779734233952,0.272130738622527,0.431746247588551,0.511237358145545,0.235553509249318,0.0820412576955347,0.231581487755266,0.251377762515118,0.61231968604205,0.640518803117059,0.708022118204598,0.599184089028761,0.146266363096414,0.550311716832625
"Northern Territory","S83",-9.89,129.55,2021-10-03,0.578005115089514,0.0531346023384812,0.411764705882353,0.409090909090909,0.09801397572637,0.0853795823705171,0.089626239511823,0.307032992837854,0.219200386613704,0.971583579828374,0.0359540634785448,0.0661686972784247,0.0326935639881629,0.230743832729396,0.0518306692481874,0.337254279105605,0.340233292417754,0.542277250209761,0.167627067228432,0.274654810360109,0.163867257064887,0.260650022518642,0.5844053540555,0.639602149066831,0.449627145120826,0.163994899968891,0.529417673965469,0.252853125743766,0.600408808786812,0.761683569165869,0.804457660458627,0.773061662549968,0.270293337019932,0.795505908768808
"Northern Territory","S84",-10.84,129.22,2021-10-05,0.335038363171355,0.0368230974899238,0.176470588235294,0.261363636363636,0.213681500551673,0.351954834395605,0.140732265446224,0.546260420335799,0.23186116979193,0.978318126871576,0.00196105588387762,0.00402153913334981,0.00152073410061276,0.180146413282149,0.0282207442018719,0.212809227879747,0.287507034999916,0.612914752894193,0.00786322609075448,0.135208156469018,0.317901095652104,0.574307045753268,0.33476904030775,0.511237358145545,0.463403572950294,0.239544493128284,0.724449223417555,0.44168564468874,0.829443133989677,0.547319169713057,0.708022118204598,0.781435426078848,0.370121695975209,0.895102860506106
"Northern Territory","S85",-10.7,126.33,2021-10-07,0.421994884910486,0.145746039347141,0.625,0.261363636363636,0.0481794777491725,0.0572526514478217,0.072463768115942,0.16795820124457,0.367657194359029,1,0.0222726437507138,0.0414869038241707,0.0176445910518362,0.251735605220519,0.0291712557165138,0.218578514268292,0.41627603238009,0.391936325724031,0.259296951007682,0.317802642760734,0.0859316328895485,0.206028959945344,0.756088332578833,0.511237358145545,0.592482491177808,0.136334533640261,0.377781942312235,0.140888105649347,0.536934882527466,0.872584611958529,0.708022118204598,0.850269537195053,0.230487173093442,0.691886007216748
"Northern Territory","S86",-11.66,125.11,2021-10-08,0.531969309462916,0.160950157627998,0.625,0.329545454545455,0.0709819786686282,0.0652598969045987,0.0675057208237986,0.101737701068451,0.256494539285336,0.99953029820132,0.0323230368034326,0.0592100611774453,0.0233650221856061,0.313924461724577,0.021659320936872,0.170876902204916,0.438820772936662,0.269014548520718,0.0929857343984818,0.106689681822212,0.122730050232265,0.222695878651477,0.756088332578833,0.574060497287049,0.489174925766187,0.128084768537519,0.282774447759352,0.195393145839679,0.557637074933843,0.872584611958529,0.757735111847593,0.796498780525111,0.218232262347606,0.606657340433865
"Northern Territory","S87",-11.73,123.99,2021-10-09,0.424552429667519,0.113671734706094,0.507352941176471,0.272727272727273,0.0904744391320339,0.131129224753054,0.102974828375286,0.27198544088294,0.491773243721605,0.990437007836468,0.028576802280467,0.0529083271756685,0.0228935246339529,0.27381303110265,0.0297030750054924,0.221774590885294,0.364684764602018,0.318005176018741,0.151399278787984,0.182791704448164,0.15263924036623,0.333198612523415,0.665571352992923,0.522232967867094,0.690699850229937,0.184636857085909,0.495121356835286,0.237510005560412,0.669291070519327,0.816844097905813,0.71711663849043,0.893759430389725,0.298792979868849,0.774619072684145
"Western Australia","S88",-11.98,123.34,2021-10-10,0.621483375959079,0.0606768027455206,0.470588235294118,0.431818181818182,0.132401618242001,0.143097771344896,0.0980167810831426,0.233298109663027,0.189225589912156,0.983722031701522,0.0244391690708815,0.0457577754526935,0.0201708086126673,0.250787747790792,0.0322021384426609,0.236494833815294,0.352480425783896,0.271662588607238,0.121465182315278,0.136663563507209,0.212958492323327,0.350011189637613,0.63528375522997,0.657128740672771,0.415341410669269,0.17705291333419,0.454616780577297,0.317183004683647,0.683381967370362,0.796887757557363,0.816185884611604,0.751146553584299,0.288436434807096,0.74822220583857
"Western Australia","S89",-12.24,122.99,2021-10-11,0.91304347826087,0.081786982720779,0.948529411764706,0.613636363636364,0.10463405663847,0.142395232895728,0.147597254004577,0.234178701420688,0.33930552270336,0.980576681506818,0.0277869091725175,0.051764609183447,0.0237793012841734,0.245945789865836,0.0374471625044632,0.265873414027537,0.361028235558255,0.407365517244722,0.172763774474429,0.234609537864886,0.173580414011223,0.349043894565844,0.969528874149034,0.78334945180064,0.567812998565274,0.249045008957952,0.455574118451695,0.26593009785362,0.682587469509398,0.98557291902215,0.892772961573541,0.838277873995935,0.381859626718902,0.748869738073679
"Western Australia","S90",-12.53,123.58,2021-10-15,0.667519181585678,0.109611317291193,0.757352941176471,0.431818181818182,0.166605369621184,0.250721583166163,0.176201372997712,0.361101326758248,0.806717617024053,0.986393370906733,0.0373668377927374,0.068202032096445,0.030002565455789,0.292091100216532,0.0329355767627026,0.240723903712321,0.463320611191312,0.162949267679616,0.0233829272778545,0,0.258801122050558,0.47764092834871,0.848651852790681,0.657128740672771,0.89455232237535,0.287261555423323,0.578726148692345,0.37357721081514,0.774248935161077,0.924391766010446,0.816185884611604,0.967835448186383,0.427454394845759,0.82349823277914
"Western Australia","S91",-12.8,124.27,2021-10-16,0.355498721227621,0.0951554331777006,0.375,0.238636363636364,0.0658330268481059,0.073258678042711,0.089626239511823,0.174768110837149,0.285139841602571,0.991682723080882,0.0434499902741521,0.0783175284736582,0.0329833976564174,0.339370722220952,0.0258839879373519,0.198307064827517,0.452463151030413,0.404616997503639,0.0928316365981792,0.152055372012094,0.11460148751615,0.238384240148924,0.550865600850839,0.488504210459197,0.517639608067997,0.163994899968891,0.386407445310323,0.183618249537912,0.575997783853782,0.737210191177336,0.688637305129436,0.812301780409919,0.270293337019932,0.698683467603213
"Western Australia","S92",-12.56,124.04,2021-10-16,0.327365728900256,0.102228740173191,0.463235294117647,0.215909090909091,0.0715336520779698,0.0636432120396469,0.0911517925247902,0.1790536573911,0.320066597065325,0.989489165407104,0.0388194594395266,0.0705896153113037,0.0298517635077779,0.314020871046646,0.0280077451567903,0.211506255835482,0.494446972040145,0.321808976403733,0.137124115385101,0.169490030040032,0.123595064828387,0.219413943184559,0.629094018483621,0.464660188642293,0.550483010550772,0.166390648174042,0.391751166009371,0.196637682723248,0.5536625549524,0.792720771504545,0.667403644847435,0.829557680699882,0.273652145701805,0.702829109721961
"Western Australia","S93",-13.82,127.27,2021-10-18,0.736572890025575,0.0160820463705655,0.286764705882353,0.647727272727273,0.292203015814638,0.643330540108174,0.360411899313501,0.792591288012211,0.231798977186529,0.941076843012819,0.156790105551052,0.24340291759806,0.135309384313925,0.553424648320957,0.0651975628290442,0.393668837880811,0.554940630449439,0.900510799718516,0.196659829314351,0.424567291374318,0.408320527598777,0.792755494638338,0.463523653538888,0.80481505498299,0.463336827199183,0.496012958737847,0.884074157295455,0.53730387437692,0.92787424921819,0.667981225325875,0.904605023905897,0.781395414258318,0.639815452630404,0.959642534240454
"Northern Territory","S94",-10.96,132.23,2021-10-29,0.670076726342711,0.0136078853904785,0.205882352941176,0.613636363636364,0.297168076498713,0.485970391813311,0.242181540808543,0.423212398731948,0.103126554815135,0.957544236157498,0.123005636175187,0.198466761918752,0.110911539426412,0.381828003821596,0.0861837269189589,0.467508026995096,0.437544325962823,0.564370279792306,0.264086761011101,0.380582041431252,0.41374989781712,0.682914694028814,0.371927878597885,0.78334945180064,0.297873471945611,0.368396460022067,0.63104146190649,0.542751640078953,0.882061884536834,0.584877065681359,0.892772961573541,0.660952950531156,0.5166115517152,0.850927749354344
"Northern Territory","S95",-10.33,132.71,2021-10-30,0.560102301790281,0.14576599225827,0.5,0.340909090909091,0.0739242368517838,0.0963831966345869,0.0614035087719298,0.168134319596102,0.253079043742812,0.958716695158074,0.053636639129097,0.0959335910900116,0.0507537245006408,0.238075754275955,0.0702723769746537,0.413014838906258,0.289170039569188,0.332876125312533,0.217552829420461,0.255343973954677,0.1273305106553,0.279562267278023,0.659598873530645,0.583874208121142,0.485677534135527,0.117758067951909,0.378007154614139,0.201993487838409,0.619805249324789,0.812964499651639,0.765040186289376,0.794498383348874,0.202630325719778,0.692065185354843
"Northern Territory","S96",-11.23,134.75,2021-11-01,0.225063938618926,0.179596153078734,0.264705882352941,0.136363636363636,0.0581095991173225,0.171030022938304,0.0511060259344012,0.211107197369966,0.641382143993214,0.946404080156171,0.139969952979651,0.221489992648001,0.137143496214651,0.283319300769752,0.146399044594488,0.614879279861567,0.287991419236411,0.467157275515696,0.27551980302268,0.359622791815672,0.102215856539397,0.386736462685668,0.439837788557014,0.369274472937998,0.793797116705398,0.0998683897843949,0.429874821222366,0.165392631294702,0.71220556729058,0.647639852180729,0.571431754810337,0.933501588071516,0.174881490784351,0.731055529226643
"Northern Territory","S97",-12.06,136.61,2021-11-04,0.583120204603581,0.0744243585139072,0.375,0.397727272727273,0.105921294593601,0.210583784058302,0.0911517925247902,0.202066455324645,0.201257310180012,0.940457935482208,0.153258176201476,0.238917969340602,0.155424936440533,0.183111778733777,0.226132476997644,0.731199558330728,0.792662857112158,0.741552995528673,0.278189150141376,0.454466206267943,0.175453776702929,0.4339955074666,0.550865600850839,0.630656223886891,0.429406430561252,0.166390648174042,0.419428943878642,0.268431756423308,0.745919466987976,0.737210191177336,0.798353585204755,0.760331290566427,0.273652145701805,0.723546081957624
"Northern Territory","S98",-12.88,136.71,2021-11-05,0.424552429667519,0.114779121273794,0.286764705882353,0.272727272727273,0.0965428466347922,0.229933216525736,0.116323417238749,0.49183984971234,0.722144849636632,0.919602888341163,0.21931296141634,0.319576450123248,0.212541475097031,0.365144050501096,0.182215357676372,0.674714657633423,0.50066081759857,0.452135411373788,0.416202128998643,0.498252977711623,0.161690526624106,0.455506761992078,0.463523653538888,0.522232967867094,0.844453875982669,0.204598921013825,0.684584026153293,0.24989782450945,0.760187904324929,0.667981225325875,0.71711663849043,0.951254537850606,0.325445796765387,0.876929780304511
"Queensland","S99",-10.52,143.09,2021-11-11,0.537084398976982,0.143441478111656,0.507352941176471,0.329545454545455,0.103162927546892,0.109689105575447,0.0770404271548436,0.117823177175062,0.24954833894766,0.889530661599339,0.121010909122797,0.19794051052382,0.12630137994151,0.154018626661396,0.209226645511116,0.71123784752244,0.12078668224812,0.189104337752455,0.473683069749,0.468653843135158,0.171433390292434,0.301072369360986,0.665571352992923,0.574060497287049,0.482037397741195,0.143842910904366,0.308113300950635,0.263054910698287,0.64055581394964,0.816844097905813,0.757735111847593,0.792402073440377,0.241484311773949,0.631501783668783
"Queensland","S100",-11.77,143.65,2021-11-12,0.705882352941177,0.0758509916596831,0.477941176470588,0.477272727272727,0.120080912100037,0.107039773833405,0.123569794050343,0.165081601502877,0.207728399794459,0.867373161534854,0.123071784800141,0.201476513669409,0.130611088385557,0.140356297503308,0.226267983175209,0.731351692096808,0.20952378216898,0.0507204782728723,0.489216514487703,0.438060711611471,0.195746145216771,0.296895942927592,0.641428144087372,0.690849279707757,0.43679845051905,0.215173527092593,0.374086940530928,0.295117857967547,0.636628250708147,0.800993909520172,0.837938252484911,0.76504798357187,0.339222561802277,0.688933045150873
"Noumea","S101",-22.37,166.27,2021-11-13,0.741687979539642,0.0636896923261104,0.544117647058823,0.511363636363636,0.482162559764619,0.309463954698967,0.418764302059497,0.56504637783257,0.71212776196341,0.700680912840607,0.102400667967583,0.177833882864155,0.101316130196823,0.305349619065424,0.101131026597285,0.511567072754409,0.594523315356487,0.396198960419112,0.53100382817596,0.596716900090215,0.597729321335997,0.535680128865018,0.694838282508546,0.715096941934194,0.838330137526379,0.552858404617085,0.737748349787695,0.711075599244673,0.808488660623868,0.835477825010846,0.852963145401232,0.94916344477064,0.689268483472702,0.90096057927436
"Queensland","S102",-17.22,146.09,2021-11-20,0.836317135549872,0.0237738936110779,0.433823529411765,0.681818181818182,0.173593232806179,0.17406871333892,0.215102974828375,0.274274979452859,0.133970008890484,0.818254850045614,0.274365762675835,0.38449614679858,0.280059181800656,0.232678232630901,0.336587918360734,0.825268734670547,0.878567444578334,0.18275372402918,0.680023643073444,0.677249165967259,0.267846977716896,0.390547018549454,0.603860616095443,0.82572282384477,0.344139301189401,0.336149879413829,0.497426227959468,0.384322111129676,0.715056176038399,0.775406603683337,0.915840252040427,0.699771843289782,0.482324185424484,0.776062687576016
"Queensland","S103",-17.52,146.5,2021-11-21,0.833759590792839,0.200217486731314,1,0.488636363636364,0.158881941890401,0.172037276859399,0.117467581998474,0.151872725137959,0.467095013988238,0.827023873801786,0.178559306917992,0.274664215352243,0.185561069335907,0.184519811222303,0.263858477447203,0.769410818363709,0.267431078047527,0.381348345637436,0.566535501170716,0.6280184651209,0.248682417802628,0.388003246953785,1,0.699025295419532,0.672255299400409,0.206280432797916,0.356699805994283,0.361412872635792,0.713155978012882,1,0.843059967930546,0.886058807913171,0.327651977807745,0.674691536828382
"Queensland","S104",-18.26,147.38,2021-11-22,0.785166240409207,0.0384692126581268,0.492647058823529,0.590909090909091,0.21919823464509,0.172198098914028,0.254767353165523,0.284548549958906,0.255507614006183,0.834094717278052,0.109129648842598,0.183206591999264,0.116375712897436,0.158521696726687,0.192197184103843,0.688946931998276,0.332340778918115,0.280754484496723,0.461372781932093,0.486849691571226,0.324562549686626,0.388205167408488,0.653584772491694,0.768706114785807,0.488166729049066,0.382944551980423,0.507653425849702,0.449066404521548,0.713307215586063,0.80903063952519,0.884520728906594,0.795923491311987,0.53162472487696,0.782397142819824
"Queensland","S105",-19.27,148.35,2021-11-23,0.759590792838875,0.069116884153398,0.529411764705882,0.522727272727273,0.167892607576315,0.173239210109782,0.220823798627002,0.317189151109546,0.323373000660669,0.789415770074946,0.179086365712457,0.276681973677716,0.188802744495489,0.135069580210443,0.31574434382742,0.811165033830992,0.393005551231316,0.160741125500466,0.603799290095805,0.5920144718913,0.260475141944367,0.38951009129162,0.683247443438127,0.722998805481221,0.553497540367914,0.343075819605097,0.538989364858603,0.3755747966136,0.714282919912066,0.828171793096665,0.857754401241421,0.831092877528009,0.489809869979188,0.801118490253357
"Noumea","S106",-22.02,165.92,2021-11-27,0.78772378516624,0.0701544355321441,0.5,0.534090909090909,0.325119529238691,0.443250975512726,0.37719298245614,0.553657391100153,1,0.713179900345139,0.100632006416089,0.174886003845664,0.0983805689435272,0.32533057675057,0.0915959429652842,0.484178923082881,0.715292366122599,0.131844051325722,0.595428415144718,0.573764606211164,0.443756393863299,0.650126744217604,0.659598873530645,0.730815235946069,1,0.512714968457934,0.729712481293717,0.572311595772948,0.867046939974158,0.812964499651639,0.862444781005708,1,0.654656305901074,0.897432895352796
"South Australia","S107",-35.52,138.16,2022-01-30,0.421994884910486,0.00935791531984517,0.110294117647059,0.409090909090909,0.218646561235748,0.225988844028,0.229977116704806,0.219560878243513,0.0394678352079476,0.214880156824064,0.497514969047465,0.628365116759603,0.514195814651695,0.0644216309574521,1,1,0.488616044420069,0.0629037160531248,0.911793778671484,0.87371181960466,0.323898714942198,0.451196665431367,0.239916666085246,0.639602149066831,0.172204529897063,0.354028724310174,0.439444834785485,0.448333443602865,0.757378311394707,0.438253749309093,0.804457660458627,0.51983324145947,0.501510709046973,0.737796123680513
"New South Wales","S108",-28.17,153.55,2022-01-31,0.670076726342711,0.00780158825172593,0.176470588235294,0.681818181818182,0.598749540272159,0.449810822477845,0.482837528604119,0.70987436890924,0.149902530933175,0.600497972011251,0.25260092246371,0.369900789570014,0.249222420960496,0.332419826781899,0.23260439685964,0.738335185219591,0.369840127924586,0.220377553530975,0.639731084666502,0.648730691320453,0.699732945425478,0.655260654519061,0.33476904030775,0.82572282384477,0.365962899762015,0.611681503753282,0.833657543242254,0.793014587685105,0.869443837381978,0.547319169713057,0.915840252040427,0.716473525423139,0.737493579828485,0.940519035156145
"New South Wales","S109",-31.52,159.05,2022-03-16,0.723785166240409,0.0173091504050441,0.272058823529412,0.625,0.230415593968371,0.226039629939988,0.189931350114417,0.217388751907949,0.0466577082126865,0.508878203882363,0.180288564775581,0.288567576344069,0.178874188521102,0.288054104519701,0.187291262206083,0.68206739000148,0.377592508101149,0.00370539196637685,0.358679094062879,0.288964698592399,0.337951702578758,0.451252395870488,0.447828801779195,0.790569415042095,0.189912270377594,0.304891931362343,0.437003459436298,0.463730895805676,0.757414794041801,0.654585054777863,0.896787210895268,0.54420707261809,0.447666185443785,0.736088900495205
"Western Australia","S110",-33.59,115.2,2022-04-01,0.457800511508951,0.0683187677082086,0.257352941176471,0.318181818181818,0.13313718278779,0.111957542977578,0.146834477498093,0.131442996360221,0.160462019689567,0.347278644351474,0.127683074294529,0.225287008949007,0.121047654006557,0.361877499920441,0.101118556822769,0.511532795205133,0.442524419696027,0.0203118084967445,0.241129492089461,0.174490978213172,0.213973670476807,0.304609237469737,0.431746247588551,0.564076074817766,0.379797569041751,0.247996051161411,0.328277894606471,0.31846860714288,0.643845536257383,0.640518803117059,0.750182361104786,0.726599007927554,0.380571826673502,0.650080506175949
"Tasmania","S111",-43.45,146.98,2022-04-07,0.332480818414322,0,0,0.943181818181818,0.606289076866495,0.0715996715844358,0.577040427154844,0.558001643771281,0.00889354257236773,0,0.106723041008622,0.207227033766771,0.113212230394967,0.154044579048494,0.191032543669296,0.687333387034124,0.382890013778781,0,0.36170311196291,0.290809069616063,0.706042037258187,0.235201360529885,0,0.971175482691886,0.0675211717786598,0.692540835376335,0.732787317030267,0.797858908169167,0.572354932228327,0,0.987118677895426,0.31165274107382,0.799484912090225,0.898786945385024
"New South Wales","S112",-32.43,152.53,2022-06-24,0.662404092071611,0.0313559998403767,0.338235294117647,0.511363636363636,0.529422581831556,0.302463963163285,0.406559877955759,0.214981801103675,0.316305473764916,0.448351982103562,0.186975473370556,0.299167535371715,0.145606542515834,1,0.0148472158876186,0.123036154067153,0.366556009924416,0.35523271580972,0.281297349195277,0.327949000362325,0.640140583288871,0.529069437498534,0.515763376064265,0.715096941934194,0.547034984123077,0.541246713906872,0.434284071528154,0.746002480647623,0.8047643526815,0.710402638680099,0.852963145401232,0.82779203050039,0.679405496668997,0.734177368367465
"Noumea","S113",-21.61,165.34,2022-08-06,0.78772378516624,0.0234346941218724,0.375,0.647727272727273,0.15961750643619,0.300212454398483,0.264302059496568,0.82775625220148,0.564852613720708,0.731945441936743,0.109930311528859,0.187590704372456,0.111857459363166,0.212447865937747,0.152979433519507,0.62704846835846,0.723708317376855,0.18620768512363,0.537792816432827,0.533154101121326,0.24965168816019,0.526927038086699,0.550865600850839,0.80481505498299,0.742764629761715,0.39379308206759,0.904709769787883,0.362584830558999,0.803548243957646,0.737210191177336,0.904605023905897,0.914486880411743,0.542644445631937,0.967176902887531
